,DGS3MO,DGS2,DGS5,DGS10,DGS30,T10Y2Y,DFII10,T10YIE,BAMLC0A0CM,BAMLH0A0HYM2,AAA10Y,BAA10Y,CPILFESL,INDPRO,UNRATE,VIXCLS,NFCI,MORTGAGE30US
2000-01-01,,,,,,,,,,,,,179.3,91.538,4.0,,,
2000-01-03,5.48,6.38,6.5,6.58,6.61,0.2,,,1.43,2.9575,1.17,1.69,,,,24.21,,
2000-01-04,5.43,6.3,6.4,6.49,6.53,0.19,,,1.46,3.01,1.2,1.72,,,,27.01,,
2000-01-05,5.44,6.38,6.51,6.62,6.64,0.24,,,1.415,2.9225,1.16,1.67,,,,26.41,,
2000-01-06,5.41,6.35,6.46,6.57,6.58,0.22,,,1.41,2.9225,1.15,1.67,,,,25.73,,
2000-01-07,5.38,6.31,6.42,6.52,6.55,0.21,,,1.435,2.975,1.17,1.7,,,,21.72,-0.182,8.15
2000-01-10,5.42,6.38,6.49,6.57,6.59,0.19,,,1.4249999999999998,2.975,1.15,1.7,,,,21.71,,
2000-01-11,5.43,6.45,6.57,6.67,6.68,0.22,,,1.415,2.9575,1.14,1.69,,,,22.5,,
2000-01-12,5.45,6.49,6.63,6.72,6.71,0.23,,,1.4049999999999998,2.94,1.13,1.68,,,,22.84,,
2000-01-13,5.41,6.4,6.54,6.63,6.65,0.23,,,1.46,3.0625,1.17,1.75,,,,21.71,,
2000-01-14,5.41,6.44,6.59,6.69,6.69,0.25,,,1.44,3.0275,1.15,1.73,,,,19.66,-0.193,8.18
2000-01-17,,,,,,,,,,,,,,,,,,
2000-01-18,5.56,6.47,6.65,6.75,6.75,0.28,,,1.435,3.01,1.15,1.72,,,,21.5,,
2000-01-19,5.51,6.46,6.62,6.73,6.72,0.27,,,1.42,2.975,1.14,1.7,,,,21.72,,
2000-01-20,5.48,6.49,6.67,6.79,6.74,0.3,,,1.38,2.905,1.1,1.66,,,,21.75,,
2000-01-21,5.47,6.48,6.67,6.79,6.71,0.31,,,1.35,2.8525,1.07,1.63,,,,20.82,-0.203,8.26
2000-01-24,5.55,6.43,6.59,6.69,6.65,0.26,,,1.3900000000000001,2.9225,1.11,1.67,,,,24.07,,
2000-01-25,5.57,6.44,6.6,6.7,6.64,0.26,,,1.35,2.8525,1.07,1.63,,,,23.02,,
2000-01-26,5.58,6.45,6.62,6.69,6.6,0.24,,,1.315,2.7825,1.04,1.59,,,,23.03,,
2000-01-27,5.59,6.51,6.67,6.68,6.53,0.17,,,1.27,2.7125,0.99,1.55,,,,23.54,,
2000-01-28,5.65,6.58,6.68,6.66,6.45,0.08,,,1.315,2.8000000000000003,1.03,1.6,,,,26.14,-0.211,8.25
2000-01-31,5.76,6.61,6.71,6.68,6.49,0.07,,,1.3900000000000001,2.94,1.1,1.68,,,,24.95,,
2000-02-01,5.71,6.6,6.68,6.62,6.43,0.02,,,1.3599999999999999,2.8874999999999997,1.07,1.65,179.4,91.8239,4.1,23.45,,
2000-02-02,5.66,6.63,6.69,6.6,6.32,-0.03,,,1.335,2.835,1.05,1.62,,,,23.12,,
2000-02-03,5.63,6.56,6.56,6.49,6.17,-0.07,,,1.355,2.8699999999999997,1.07,1.64,,,,22.01,,
2000-02-04,5.67,6.63,6.64,6.53,6.23,-0.1,,,1.315,2.8000000000000003,1.03,1.6,,,,21.54,-0.213,8.25
2000-02-07,5.72,6.68,6.76,6.64,6.34,-0.04,,,1.3599999999999999,2.905,1.06,1.66,,,,22.79,,
2000-02-08,5.69,6.69,6.74,6.59,6.22,-0.1,,,1.295,2.7825,1.0,1.59,,,,21.25,,
2000-02-09,5.66,6.69,6.77,6.56,6.32,-0.13,,,1.395,2.975,1.09,1.7,,,,22.9,,
2000-02-10,5.67,6.67,6.78,6.67,6.35,0.0,,,1.4100000000000001,3.01,1.1,1.72,,,,23.07,,
2000-02-11,5.66,6.65,6.77,6.63,6.29,-0.02,,,1.42,3.0275,1.11,1.73,,,,24.42,-0.21,8.36
2000-02-14,5.68,6.62,6.72,6.56,6.22,-0.06,,,1.425,3.045,1.11,1.74,,,,24.38,,
2000-02-15,5.75,6.66,6.74,6.56,6.26,-0.1,,,1.45,3.0975,1.13,1.77,,,,22.92,,
2000-02-16,5.73,6.63,6.75,6.56,6.27,-0.07,,,1.475,3.1325000000000003,1.16,1.79,,,,23.51,,
2000-02-17,5.74,6.69,6.76,6.58,6.23,-0.11,,,1.44,3.0625,1.13,1.75,,,,23.17,,
2000-02-18,5.75,6.66,6.72,6.49,6.16,-0.17,,,1.5150000000000001,3.185,1.21,1.82,,,,26.0,-0.203,8.38
2000-02-21,,,,,,,,,,,,,,,,,,
2000-02-22,5.82,6.57,6.62,6.36,6.08,-0.21,,,1.5699999999999998,3.29,1.26,1.88,,,,25.86,,
2000-02-23,5.82,6.61,6.66,6.44,6.14,-0.17,,,1.5350000000000001,3.22,1.23,1.84,,,,23.89,,
2000-02-24,5.81,6.52,6.56,6.36,6.13,-0.16,,,1.635,3.395,1.33,1.94,,,,24.38,,
2000-02-25,5.79,6.45,6.5,6.36,6.17,-0.09,,,1.675,3.4825,1.36,1.99,,,,25.2,-0.19,8.31
2000-02-28,5.8,6.47,6.53,6.37,6.16,-0.1,,,1.6949999999999998,3.5174999999999996,1.38,2.01,,,,24.68,,
2000-02-29,5.78,6.53,6.61,6.42,6.15,-0.11,,,1.5899999999999999,3.3425,1.27,1.91,,,,23.37,,
2000-03-01,5.76,6.52,6.59,6.39,6.16,-0.13,,,1.645,3.4299999999999997,1.33,1.96,180.0,92.1504,4.0,21.64,,
2000-03-02,5.76,6.52,6.59,6.4,6.15,-0.12,,,1.63,3.4125,1.31,1.95,,,,21.06,,
2000-03-03,5.79,6.5,6.6,6.39,6.13,-0.11,,,1.6099999999999999,3.3775,1.29,1.93,,,,19.21,-0.173,8.27
2000-03-06,5.85,6.55,6.64,6.42,6.16,-0.13,,,1.5899999999999999,3.3425,1.27,1.91,,,,21.5,,
2000-03-07,5.83,6.48,6.6,6.39,6.16,-0.09,,,1.63,3.4125,1.31,1.95,,,,24.31,,
2000-03-08,5.83,6.5,6.59,6.38,6.17,-0.12,,,1.655,3.465,1.33,1.98,,,,23.82,,
2000-03-09,5.82,6.48,6.56,6.35,6.16,-0.13,,,1.7199999999999998,3.5874999999999995,1.39,2.05,,,,22.21,,
2000-03-10,5.87,6.55,6.61,6.39,6.19,-0.16,,,1.755,3.6574999999999998,1.42,2.09,,,,21.24,-0.153,8.23
2000-03-13,5.89,6.52,6.57,6.36,6.17,-0.16,,,1.83,3.7975,1.49,2.17,,,,22.85,,
2000-03-14,5.87,6.48,6.52,6.31,6.11,-0.17,,,1.81,3.7624999999999997,1.47,2.15,,,,24.41,,
2000-03-15,5.85,6.5,6.5,6.29,6.07,-0.21,,,1.815,3.7975,1.46,2.17,,,,22.34,,
2000-03-16,5.87,6.5,6.47,6.26,6.05,-0.24,,,1.8050000000000002,3.7800000000000002,1.45,2.16,,,,20.77,,
2000-03-17,5.89,6.5,6.45,6.2,6.01,-0.3,,,1.8,3.7800000000000002,1.44,2.16,,,,22.37,-0.131,8.24
2000-03-20,5.95,6.52,6.45,6.18,5.99,-0.34,,,1.78,3.745,1.42,2.14,,,,22.96,,
2000-03-21,5.91,6.5,6.44,6.13,5.97,-0.37,,,1.82,3.8150000000000004,1.46,2.18,,,,21.7,,
2000-03-22,5.91,6.5,6.41,6.13,5.97,-0.37,,,1.8450000000000002,3.8500000000000005,1.49,2.2,,,,21.49,,
2000-03-23,5.9,6.52,6.39,6.08,5.92,-0.44,,,1.86,3.8500000000000005,1.52,2.2,,,,22.26,,
2000-03-24,5.91,6.64,6.51,6.2,6.0,-0.44,,,1.7799999999999998,3.7275,1.43,2.13,,,,23.31,-0.109,8.23
2000-03-27,5.88,6.66,6.51,6.21,5.99,-0.45,,,1.7599999999999998,3.6925,1.41,2.11,,,,24.53,,
2000-03-28,5.88,6.6,6.46,6.17,5.98,-0.43,,,1.81,3.7800000000000002,1.46,2.16,,,,24.86,,
2000-03-29,5.89,6.59,6.46,6.18,5.99,-0.41,,,1.8450000000000002,3.8500000000000005,1.49,2.2,,,,24.1,,
2000-03-30,5.88,6.52,6.35,6.06,5.89,-0.46,,,1.935,4.0249999999999995,1.57,2.3,,,,25.47,,
2000-03-31,5.88,6.5,6.32,6.03,5.84,-0.47,,,1.935,4.0249999999999995,1.57,2.3,,,,24.11,-0.089,8.23
2000-04-01,,,,,,,,,,,,,180.3,92.6989,3.8,,,
2000-04-03,5.87,6.45,6.3,6.0,5.84,-0.45,,,1.935,4.0249999999999995,1.57,2.3,,,,24.03,,
2000-04-04,5.83,6.35,6.16,5.9,5.77,-0.45,,,2.0149999999999997,4.165,1.65,2.38,,,,27.12,,
2000-04-05,5.86,6.35,6.17,5.9,5.81,-0.45,,,2.09,4.2875000000000005,1.73,2.45,,,,28.41,,
2000-04-06,5.88,6.38,6.2,5.93,5.8,-0.45,,,2.0300000000000002,4.1825,1.67,2.39,,,,27.15,,
2000-04-07,5.9,6.38,6.18,5.86,5.71,-0.52,,,2.04,4.2,1.68,2.4,,,,24.39,-0.073,8.2
2000-04-10,5.85,6.31,6.11,5.8,5.69,-0.51,,,2.08,4.27,1.72,2.44,,,,25.99,,
2000-04-11,5.83,6.36,6.19,5.89,5.77,-0.47,,,2.09,4.2875000000000005,1.73,2.45,,,,27.25,,
2000-04-12,5.83,6.4,6.27,5.97,5.84,-0.43,,,2.07,4.27,1.7,2.44,,,,28.98,,
2000-04-13,5.81,6.4,6.24,5.94,5.81,-0.46,,,2.075,4.2875000000000005,1.7,2.45,,,,29.4,,
2000-04-14,5.81,6.27,6.11,5.85,5.79,-0.42,,,2.155,4.427499999999999,1.78,2.53,,,,33.49,-0.059,8.12
2000-04-17,5.82,6.33,6.23,6.01,5.92,-0.32,,,2.12,4.375,1.74,2.5,,,,28.95,,
2000-04-18,5.81,6.33,6.27,6.05,5.92,-0.28,,,2.05,4.2525,1.67,2.43,,,,26.12,,
2000-04-19,5.81,6.33,6.23,5.99,5.85,-0.34,,,2.035,4.234999999999999,1.65,2.42,,,,27.02,,
2000-04-20,5.79,6.38,6.24,5.99,5.83,-0.39,,,2.02,4.2175,1.63,2.41,,,,25.85,,
2000-04-21,,,,,,,,,,,,,,,,,-0.046,8.16
2000-04-24,5.8,6.36,6.23,6.0,5.86,-0.36,,,2.02,4.234999999999999,1.62,2.42,,,,27.37,,
2000-04-25,5.79,6.48,6.39,6.14,5.95,-0.34,,,1.96,4.13,1.56,2.36,,,,25.24,,
2000-04-26,5.75,6.5,6.4,6.14,5.95,-0.36,,,1.9700000000000002,4.1475,1.57,2.37,,,,26.97,,
2000-04-27,5.75,6.63,6.51,6.23,6.0,-0.4,,,1.93,4.095,1.52,2.34,,,,26.19,,
2000-04-28,5.82,6.68,6.56,6.23,5.97,-0.45,,,1.92,4.095,1.5,2.34,,,,26.2,-0.032,8.13
2000-05-01,6.0,6.73,6.59,6.29,5.98,-0.44,,,1.875,4.0249999999999995,1.45,2.3,180.7,92.9499,4.0,25.88,,
2000-05-02,5.92,6.72,6.6,6.32,6.03,-0.4,,,1.895,4.06,1.47,2.32,,,,28.5,,
2000-05-03,5.91,6.73,6.66,6.4,6.11,-0.33,,,1.915,4.095,1.49,2.34,,,,31.63,,
2000-05-04,5.9,6.77,6.7,6.46,6.19,-0.31,,,1.935,4.165,1.49,2.38,,,,30.77,,
2000-05-05,5.97,6.84,6.77,6.51,6.2,-0.33,,,1.92,4.13,1.48,2.36,,,,27.53,-0.017,8.28
2000-05-08,6.19,6.87,6.83,6.57,6.25,-0.3,,,1.915,4.1125,1.48,2.35,,,,28.2,,
2000-05-09,6.14,6.86,6.75,6.53,6.22,-0.33,,,1.92,4.13,1.48,2.36,,,,28.93,,
2000-05-10,6.14,6.84,6.69,6.47,6.18,-0.37,,,1.9700000000000002,4.2175,1.53,2.41,,,,29.87,,
2000-05-11,6.14,6.82,6.67,6.43,6.16,-0.39,,,2.04,4.3575,1.59,2.49,,,,27.76,,
2000-05-12,6.14,6.91,6.76,6.51,6.2,-0.4,,,2.065,4.41,1.61,2.52,,,,26.05,-0.002,8.52
2000-05-15,6.25,6.88,6.73,6.47,6.17,-0.41,,,2.055,4.41,1.59,2.52,,,,24.86,,
2000-05-16,6.2,6.89,6.72,6.43,6.12,-0.46,,,2.05,4.3925,1.59,2.51,,,,24.34,,
2000-05-17,6.05,6.9,6.74,6.48,6.18,-0.42,,,2.06,4.427499999999999,1.59,2.53,,,,23.98,,
2000-05-18,5.92,6.93,6.79,6.56,6.24,-0.37,,,2.04,4.41,1.56,2.52,,,,23.96,,
2000-05-19,5.89,6.86,6.71,6.51,6.22,-0.35,,,2.07,4.4624999999999995,1.59,2.55,,,,25.44,0.012,8.64
2000-05-22,6.01,6.81,6.66,6.44,6.18,-0.37,,,2.09,4.4975,1.61,2.57,,,,26.0,,
2000-05-23,6.01,6.83,6.68,6.45,6.17,-0.38,,,2.08,4.4624999999999995,1.61,2.55,,,,25.87,,
2000-05-24,5.92,6.79,6.71,6.47,6.19,-0.32,,,2.045,4.41,1.57,2.52,,,,24.32,,
2000-05-25,5.85,6.71,6.64,6.39,6.11,-0.32,,,2.0300000000000002,4.375,1.56,2.5,,,,24.58,,
2000-05-26,5.83,6.69,6.57,6.33,6.06,-0.36,,,2.04,4.3925,1.57,2.51,,,,24.47,0.024,8.62
2000-05-29,,,,,,,,,,,,,,,,,,
2000-05-30,5.87,6.74,6.62,6.38,6.09,-0.36,,,2.0250000000000004,4.3575,1.56,2.49,,,,23.62,,
2000-05-31,5.63,6.69,6.54,6.29,6.02,-0.4,,,2.055,4.41,1.59,2.52,,,,23.65,,
2000-06-01,5.74,6.61,6.44,6.2,5.95,-0.41,,,2.04,4.3925,1.57,2.51,181.1,92.9862,4.0,22.36,,
2000-06-02,5.87,6.52,6.37,6.15,5.94,-0.37,,,2.035,4.375,1.57,2.5,,,,21.48,0.032,8.54
2000-06-05,5.98,6.49,6.33,6.12,5.91,-0.37,,,1.98,4.27,1.52,2.44,,,,22.71,,
2000-06-06,5.99,6.51,6.35,6.14,5.91,-0.37,,,1.9300000000000002,4.1825,1.47,2.39,,,,23.05,,
2000-06-07,5.92,6.52,6.35,6.13,5.89,-0.39,,,1.9049999999999998,4.13,1.45,2.36,,,,22.48,,
2000-06-08,5.91,6.56,6.37,6.13,5.89,-0.43,,,1.895,4.1125,1.44,2.35,,,,22.77,,
2000-06-09,5.92,6.56,6.36,6.13,5.89,-0.43,,,1.895,4.095,1.45,2.34,,,,22.14,0.033,8.32
2000-06-12,5.93,6.52,6.33,6.09,5.88,-0.43,,,1.915,4.1125,1.48,2.35,,,,22.32,,
2000-06-13,5.88,6.49,6.32,6.11,5.94,-0.38,,,1.9249999999999998,4.13,1.49,2.36,,,,21.67,,
2000-06-14,5.82,6.44,6.26,6.06,5.91,-0.38,,,1.94,4.1125,1.53,2.35,,,,21.48,,
2000-06-15,5.84,6.44,6.26,6.05,5.93,-0.39,,,1.955,4.13,1.55,2.36,,,,20.68,,
2000-06-16,5.83,6.38,6.19,5.99,5.88,-0.39,,,1.9900000000000002,4.1475,1.61,2.37,,,,20.5,0.028,8.22
2000-06-19,5.84,6.4,6.2,6.0,5.89,-0.4,,,2.02,4.165,1.66,2.38,,,,20.63,,
2000-06-20,5.79,6.43,6.23,6.03,5.9,-0.4,,,2.0,4.13,1.64,2.36,,,,20.88,,
2000-06-21,5.81,6.5,6.32,6.11,5.96,-0.39,,,1.985,4.1125,1.62,2.35,,,,20.61,,
2000-06-22,5.84,6.5,6.32,6.12,5.98,-0.38,,,2.005,4.1475,1.64,2.37,,,,22.0,,
2000-06-23,5.86,6.55,6.37,6.19,6.04,-0.36,,,1.98,4.095,1.62,2.34,,,,22.34,0.017,8.14
2000-06-26,5.82,6.5,6.29,6.11,5.99,-0.39,,,2.04,4.2175,1.67,2.41,,,,22.45,,
2000-06-27,5.83,6.5,6.29,6.1,5.95,-0.4,,,2.01,4.165,1.64,2.38,,,,21.8,,
2000-06-28,5.81,6.43,6.28,6.11,5.97,-0.32,,,2.025,4.2,1.65,2.4,,,,20.29,,
2000-06-29,5.85,6.37,6.21,6.04,5.88,-0.33,,,2.02,4.2,1.64,2.4,,,,19.7,,
2000-06-30,5.88,6.38,6.18,6.03,5.9,-0.35,,,2.03,4.2,1.66,2.4,,,,19.54,-0.001,8.22
2000-07-01,,,,,,,,,,,,,181.5,92.8048,4.0,,,
2000-07-03,6.0,6.31,6.12,6.0,5.87,-0.31,,,2.04,4.2175,1.67,2.41,,,,19.83,,
2000-07-04,,,,,,,,,,,,,,,,,,
2000-07-05,5.99,6.29,6.12,5.99,5.86,-0.3,,,2.035,4.2,1.67,2.4,,,,21.16,,
2000-07-06,6.02,6.34,6.16,6.05,5.91,-0.29,,,2.02,4.165,1.66,2.38,,,,20.94,,
2000-07-07,6.04,6.29,6.11,6.01,5.87,-0.28,,,2.01,4.1475,1.65,2.37,,,,19.22,-0.026,8.16
2000-07-10,6.1,6.31,6.13,6.04,5.88,-0.27,,,1.9849999999999999,4.095,1.63,2.34,,,,20.33,,
2000-07-11,6.1,6.32,6.16,6.06,5.89,-0.26,,,1.98,4.077500000000001,1.63,2.33,,,,20.11,,
2000-07-12,6.17,6.34,6.2,6.09,5.89,-0.25,,,1.905,4.0075,1.52,2.29,,,,20.03,,
2000-07-13,6.18,6.31,6.15,6.01,5.81,-0.3,,,1.955,4.0249999999999995,1.61,2.3,,,,20.03,,
2000-07-14,6.17,6.41,6.25,6.1,5.88,-0.31,,,1.9050000000000002,3.9200000000000004,1.57,2.24,,,,19.32,-0.055,8.09
2000-07-17,6.15,6.46,6.31,6.17,5.93,-0.29,,,1.8800000000000001,3.8850000000000002,1.54,2.22,,,,19.45,,
2000-07-18,6.16,6.44,6.3,6.16,5.92,-0.28,,,1.8800000000000001,3.8850000000000002,1.54,2.22,,,,19.75,,
2000-07-19,6.18,6.46,6.31,6.16,5.92,-0.3,,,1.9000000000000001,3.9200000000000004,1.56,2.24,,,,19.65,,
2000-07-20,6.18,6.32,6.15,6.01,5.81,-0.31,,,1.9500000000000002,4.0075,1.61,2.29,,,,18.94,,
2000-07-21,6.13,6.32,6.14,6.01,5.79,-0.31,,,1.9300000000000002,3.9725,1.59,2.27,,,,18.94,-0.085,8.21
2000-07-24,6.21,6.35,6.18,6.04,5.81,-0.31,,,1.915,3.9549999999999996,1.57,2.26,,,,19.92,,
2000-07-25,6.2,6.35,6.17,6.04,5.81,-0.31,,,1.915,3.9549999999999996,1.57,2.26,,,,19.39,,
2000-07-26,6.18,6.29,6.16,6.04,5.82,-0.25,,,1.925,3.9725,1.58,2.27,,,,19.67,,
2000-07-27,6.22,6.27,6.14,6.02,5.78,-0.25,,,1.895,3.9200000000000004,1.55,2.24,,,,19.6,,
2000-07-28,6.2,6.3,6.16,6.04,5.78,-0.26,,,1.9,3.9375,1.55,2.25,,,,20.84,-0.116,8.13
2000-07-31,6.27,6.3,6.16,6.04,5.79,-0.26,,,1.915,3.9725,1.56,2.27,,,,20.74,,
2000-08-01,6.25,6.27,6.12,6.0,5.74,-0.27,,,1.92,3.9725,1.57,2.27,181.9,92.5521,4.1,20.55,,
2000-08-02,6.25,6.23,6.09,5.98,5.77,-0.25,,,1.95,4.0249999999999995,1.6,2.3,,,,20.0,,
2000-08-03,6.23,6.22,6.07,5.95,5.74,-0.27,,,1.955,4.0425,1.6,2.31,,,,19.99,,
2000-08-04,6.23,6.15,6.02,5.91,5.72,-0.24,,,1.98,4.077500000000001,1.63,2.33,,,,18.62,-0.143,8.12
2000-08-07,6.28,6.2,6.07,5.97,5.76,-0.23,,,1.935,4.0075,1.58,2.29,,,,19.03,,
2000-08-08,6.26,6.16,6.03,5.93,5.73,-0.23,,,1.955,4.0425,1.6,2.31,,,,18.79,,
2000-08-09,6.25,6.18,6.03,5.81,5.73,-0.37,,,2.09,4.27,1.74,2.44,,,,19.18,,
2000-08-10,6.25,6.16,6.0,5.76,5.68,-0.4,,,2.115,4.322500000000001,1.76,2.47,,,,19.19,,
2000-08-11,6.29,6.25,6.07,5.79,5.72,-0.46,,,2.1,4.2875000000000005,1.75,2.45,,,,18.55,-0.168,8.04
2000-08-14,6.27,6.25,6.07,5.78,5.7,-0.47,,,2.1,4.2875000000000005,1.75,2.45,,,,17.88,,
2000-08-15,6.28,6.28,6.11,5.81,5.72,-0.47,,,2.08,4.2525,1.73,2.43,,,,17.98,,
2000-08-16,6.27,6.3,6.13,5.83,5.73,-0.47,,,2.07,4.234999999999999,1.72,2.42,,,,18.02,,
2000-08-17,6.27,6.3,6.13,5.81,5.72,-0.49,,,2.105,4.305,1.75,2.46,,,,17.48,,
2000-08-18,6.27,6.27,6.09,5.78,5.69,-0.49,,,2.105,4.305,1.75,2.46,,,,17.05,-0.186,7.96
2000-08-21,6.3,6.28,6.1,5.79,5.71,-0.49,,,2.115,4.322500000000001,1.76,2.47,,,,17.35,,
2000-08-22,6.28,6.27,6.07,5.78,5.71,-0.49,,,2.15,4.3925,1.79,2.51,,,,17.47,,
2000-08-23,6.29,6.2,6.02,5.73,5.68,-0.47,,,2.175,4.427499999999999,1.82,2.53,,,,17.38,,
2000-08-24,6.29,6.19,6.0,5.73,5.67,-0.46,,,2.1350000000000002,4.3575,1.78,2.49,,,,17.04,,
2000-08-25,6.31,6.19,6.0,5.73,5.67,-0.46,,,2.145,4.375,1.79,2.5,,,,16.53,-0.198,7.99
2000-08-28,6.32,6.23,6.05,5.78,5.72,-0.45,,,2.1350000000000002,4.3575,1.78,2.49,,,,16.54,,
2000-08-29,6.31,6.26,6.08,5.81,5.75,-0.45,,,2.13,4.3575,1.77,2.49,,,,16.89,,
2000-08-30,6.32,6.24,6.07,5.81,5.74,-0.43,,,2.13,4.3575,1.77,2.49,,,,17.69,,
2000-08-31,6.31,6.18,5.98,5.73,5.67,-0.45,,,2.15,4.3925,1.79,2.51,,,,16.84,,
2000-09-01,6.27,6.09,5.92,5.68,5.67,-0.41,,,2.185,4.445,1.83,2.54,182.3,92.9792,3.9,17.53,-0.206,7.96
2000-09-04,,,,,,,,,,,,,,,,,,
2000-09-05,6.27,6.09,5.92,5.69,5.67,-0.4,,,2.175,4.427499999999999,1.82,2.53,,,,19.82,,
2000-09-06,6.21,6.11,5.95,5.72,5.71,-0.39,,,2.18,4.445,1.82,2.54,,,,20.79,,
2000-09-07,6.2,6.14,5.97,5.76,5.72,-0.38,,,2.15,4.3925,1.79,2.51,,,,19.42,,
2000-09-08,6.14,6.11,5.95,5.73,5.7,-0.38,,,2.165,4.41,1.81,2.52,,,,18.46,-0.208,7.94
2000-09-11,6.11,6.12,5.97,5.77,5.73,-0.35,,,2.1550000000000002,4.41,1.79,2.52,,,,18.4,,
2000-09-12,6.09,6.12,5.97,5.78,5.76,-0.34,,,2.18,4.48,1.8,2.56,,,,18.59,,
2000-09-13,6.09,6.09,5.94,5.74,5.73,-0.35,,,2.205,4.515000000000001,1.83,2.58,,,,18.32,,
2000-09-14,6.14,6.11,5.96,5.79,5.81,-0.32,,,2.2,4.515000000000001,1.82,2.58,,,,18.26,,
2000-09-15,6.14,6.07,5.93,5.84,5.9,-0.23,,,2.23,4.55,1.86,2.6,,,,18.52,-0.206,7.88
2000-09-18,6.15,6.04,5.93,5.88,5.96,-0.16,,,2.235,4.5675,1.86,2.61,,,,20.25,,
2000-09-19,6.17,6.05,5.93,5.86,5.92,-0.19,,,2.205,4.4975,1.84,2.57,,,,19.54,,
2000-09-20,6.16,6.11,5.98,5.91,5.97,-0.2,,,2.185,4.4624999999999995,1.82,2.55,,,,19.93,,
2000-09-21,6.16,6.11,5.96,5.88,5.93,-0.23,,,2.185,4.4624999999999995,1.82,2.55,,,,20.18,,
2000-09-22,6.16,6.09,5.93,5.85,5.92,-0.24,,,2.195,4.4624999999999995,1.84,2.55,,,,20.74,-0.202,7.9
2000-09-25,6.18,6.11,5.94,5.84,5.9,-0.27,,,2.175,4.427499999999999,1.82,2.53,,,,21.41,,
2000-09-26,6.18,6.07,5.9,5.81,5.86,-0.26,,,2.17,4.41,1.82,2.52,,,,21.88,,
2000-09-27,6.2,6.0,5.89,5.83,5.9,-0.17,,,2.19,4.445,1.84,2.54,,,,21.67,,
2000-09-28,6.25,6.02,5.9,5.82,5.89,-0.2,,,2.16,4.375,1.82,2.5,,,,19.47,,
2000-09-29,6.23,5.98,5.85,5.8,5.88,-0.18,,,2.19,4.445,1.84,2.54,,,,20.57,-0.196,7.88
2000-10-01,,,,,,,,,,,,,182.6,92.6179,3.9,,,
2000-10-02,6.27,5.98,5.86,5.83,5.93,-0.15,,,2.22,4.515000000000001,1.86,2.58,,,,21.23,,
2000-10-03,6.24,6.0,5.88,5.87,5.94,-0.13,,,2.185,4.445,1.83,2.54,,,,21.85,,
2000-10-04,6.24,6.03,5.94,5.9,5.95,-0.13,,,2.16,4.3925,1.81,2.51,,,,21.54,,
2000-10-05,6.25,6.02,5.92,5.87,5.91,-0.15,,,2.16,4.41,1.8,2.52,,,,21.03,,
2000-10-06,6.24,5.98,5.88,5.82,5.85,-0.16,,,2.17,4.427499999999999,1.81,2.53,,,,22.71,-0.19,7.83
2000-10-09,,,,,,,,,,,,,,,,24.02,,
2000-10-10,6.27,5.98,5.86,5.8,5.83,-0.18,,,2.15,4.445,1.76,2.54,,,,24.86,,
2000-10-11,6.23,5.93,5.82,5.77,5.83,-0.16,,,2.21,4.5675,1.81,2.61,,,,26.57,,
2000-10-12,6.19,5.86,5.74,5.73,5.82,-0.13,,,2.2350000000000003,4.62,1.83,2.64,,,,30.51,,
2000-10-13,6.19,5.84,5.73,5.73,5.8,-0.11,,,2.24,4.62,1.84,2.64,,,,27.6,-0.182,7.84
2000-10-16,6.28,5.89,5.77,5.74,5.81,-0.15,,,2.23,4.6025,1.83,2.63,,,,26.79,,
2000-10-17,6.3,5.83,5.68,5.68,5.77,-0.15,,,2.245,4.62,1.85,2.64,,,,27.84,,
2000-10-18,6.3,5.82,5.68,5.66,5.77,-0.16,,,2.2750000000000004,4.69,1.87,2.68,,,,28.72,,
2000-10-19,6.32,5.86,5.69,5.66,5.76,-0.2,,,2.2600000000000002,4.655,1.86,2.66,,,,25.09,,
2000-10-20,6.31,5.84,5.69,5.64,5.73,-0.2,,,2.25,4.6375,1.85,2.65,,,,24.24,-0.175,7.83
2000-10-23,6.34,5.82,5.66,5.59,5.68,-0.23,,,2.27,4.69,1.86,2.68,,,,24.69,,
2000-10-24,6.35,5.86,5.7,5.63,5.71,-0.23,,,2.2350000000000003,4.655,1.81,2.66,,,,24.28,,
2000-10-25,6.39,5.87,5.74,5.67,5.75,-0.2,,,2.225,4.6375,1.8,2.65,,,,26.65,,
2000-10-26,6.36,5.9,5.75,5.69,5.74,-0.21,,,2.175,4.55,1.75,2.6,,,,28.62,,
2000-10-27,6.35,5.94,5.79,5.72,5.74,-0.22,,,2.16,4.515000000000001,1.74,2.58,,,,26.47,-0.168,7.68
2000-10-30,6.39,5.97,5.83,5.74,5.76,-0.23,,,2.14,4.48,1.72,2.56,,,,25.46,,
2000-10-31,6.38,5.94,5.83,5.77,5.79,-0.17,,,2.14,4.48,1.72,2.56,,,,23.63,,
2000-11-01,6.37,5.88,5.79,5.74,5.78,-0.14,,,2.16,4.4975,1.75,2.57,183.1,92.6438,3.9,24.28,,
2000-11-02,6.37,5.87,5.78,5.74,5.79,-0.13,,,2.13,4.445,1.72,2.54,,,,23.92,,
2000-11-03,6.38,5.94,5.86,5.83,5.86,-0.11,,,2.115,4.41,1.71,2.52,,,,23.67,-0.158,7.73
2000-11-06,6.42,5.99,5.91,5.87,5.89,-0.12,,,2.0949999999999998,4.375,1.69,2.5,,,,24.52,,
2000-11-07,6.42,5.99,5.84,5.87,5.9,-0.12,,,2.0949999999999998,4.375,1.69,2.5,,,,24.91,,
2000-11-08,6.41,5.99,5.83,5.87,5.89,-0.12,,,2.07,4.34,1.66,2.48,,,,25.66,,
2000-11-09,6.4,5.94,5.76,5.82,5.85,-0.12,,,2.09,4.375,1.68,2.5,,,,27.2,,
2000-11-10,6.37,5.92,5.76,5.82,5.88,-0.1,,,2.1,4.375,1.7,2.5,,,,28.53,-0.144,7.79
2000-11-13,6.39,5.9,5.72,5.77,5.85,-0.13,,,2.12,4.41,1.72,2.52,,,,29.06,,
2000-11-14,6.37,5.92,5.72,5.76,5.81,-0.16,,,2.115,4.41,1.71,2.52,,,,26.81,,
2000-11-15,6.38,5.9,5.69,5.72,5.77,-0.18,,,2.11,4.41,1.7,2.52,,,,26.15,,
2000-11-16,6.35,5.87,5.66,5.68,5.75,-0.19,,,2.13,4.445,1.72,2.54,,,,25.05,,
2000-11-17,6.35,5.88,5.67,5.71,5.78,-0.17,,,2.17,4.515000000000001,1.76,2.58,,,,24.81,-0.127,7.73
2000-11-20,6.36,5.87,5.65,5.68,5.76,-0.19,,,2.19,4.5675,1.77,2.61,,,,27.43,,
2000-11-21,6.36,5.86,5.65,5.67,5.74,-0.19,,,2.205,4.62,1.77,2.64,,,,26.62,,
2000-11-22,6.36,5.85,5.6,5.62,5.68,-0.23,,,2.1799999999999997,4.5675,1.75,2.61,,,,27.71,,
2000-11-23,,,,,,,,,,,,,,,,,,
2000-11-24,6.36,5.86,5.63,5.63,5.67,-0.23,,,2.195,4.6025,1.76,2.63,,,,26.0,-0.106,7.73
2000-11-27,6.33,5.86,5.63,5.64,5.71,-0.22,,,2.21,4.6375,1.77,2.65,,,,26.93,,
2000-11-28,6.28,5.79,5.57,5.59,5.67,-0.2,,,2.1950000000000003,4.55,1.79,2.6,,,,27.64,,
2000-11-29,6.24,5.69,5.51,5.55,5.66,-0.14,,,2.225,4.6025,1.82,2.63,,,,27.49,,
2000-11-30,6.21,5.61,5.42,5.48,5.6,-0.13,,,2.2350000000000003,4.62,1.83,2.64,,,,29.65,,
2000-12-01,6.23,5.62,5.46,5.52,5.64,-0.1,,,2.25,4.655,1.84,2.66,183.3,92.3415,3.9,27.48,-0.086,7.65
2000-12-04,6.15,5.59,5.45,5.53,5.66,-0.06,,,2.25,4.655,1.84,2.66,,,,27.78,,
2000-12-05,6.08,5.49,5.36,5.43,5.59,-0.06,,,2.285,4.7075,1.88,2.69,,,,24.99,,
2000-12-06,6.09,5.42,5.26,5.32,5.52,-0.1,,,2.33,4.7775,1.93,2.73,,,,25.07,,
2000-12-07,6.11,5.45,5.26,5.32,5.51,-0.13,,,2.315,4.760000000000001,1.91,2.72,,,,25.34,,
2000-12-08,6.09,5.5,5.32,5.35,5.55,-0.15,,,2.33,4.795,1.92,2.74,,,,22.41,-0.071,7.54
2000-12-11,6.08,5.52,5.33,5.37,5.54,-0.15,,,2.295,4.7425,1.88,2.71,,,,23.51,,
2000-12-12,6.06,5.54,5.33,5.36,5.53,-0.18,,,2.305,4.760000000000001,1.89,2.72,,,,24.88,,
2000-12-13,6.06,5.45,5.24,5.29,5.48,-0.16,,,2.33,4.795,1.92,2.74,,,,23.63,,
2000-12-14,6.06,5.43,5.19,5.23,5.45,-0.2,,,2.36,4.8475,1.95,2.77,,,,24.86,,
2000-12-15,6.02,5.38,5.15,5.2,5.44,-0.18,,,2.37,4.8475,1.97,2.77,,,,26.55,-0.065,7.42
2000-12-18,5.95,5.33,5.1,5.17,5.44,-0.16,,,2.4050000000000002,4.9175,2.0,2.81,,,,27.7,,
2000-12-19,5.93,5.35,5.12,5.19,5.47,-0.16,,,2.4050000000000002,4.9175,2.0,2.81,,,,27.17,,
2000-12-20,5.82,5.24,5.0,5.08,5.42,-0.16,,,2.4699999999999998,5.0225,2.07,2.87,,,,31.74,,
2000-12-21,5.38,5.14,4.94,5.03,5.41,-0.11,,,2.5,5.0575,2.11,2.89,,,,29.66,,
2000-12-22,5.27,5.1,4.93,5.02,5.4,-0.08,,,2.505,5.075,2.11,2.9,,,,27.55,-0.07,7.17
2000-12-25,,,,,,,,,,,,,,,,,,
2000-12-26,5.85,5.1,4.92,5.04,5.41,-0.06,,,2.495,5.0575,2.1,2.89,,,,28.73,,
2000-12-27,5.75,5.1,4.99,5.11,5.45,0.01,,,2.455,5.005,2.05,2.86,,,,28.14,,
2000-12-28,5.87,5.18,5.02,5.13,5.44,-0.05,,,2.425,4.952500000000001,2.02,2.83,,,,26.57,,
2000-12-29,5.89,5.11,4.99,5.12,5.46,0.01,,,2.46,5.04,2.04,2.88,,,,26.85,-0.09,7.13
2001-01-01,,,,,,,,,,,,,183.9,91.902,4.2,,,
2001-01-02,5.87,4.87,4.76,4.92,5.35,0.05,,,2.575,5.2325,2.16,2.99,,,,29.99,,
2001-01-03,5.69,4.92,4.94,5.14,5.49,0.22,,,2.4,4.952500000000001,1.97,2.83,,,,26.6,,
2001-01-04,5.37,4.77,4.82,5.03,5.44,0.26,,,2.4850000000000003,5.0925,2.06,2.91,,,,26.97,,
2001-01-05,5.12,4.56,4.66,4.93,5.41,0.37,,,2.5700000000000003,5.2325,2.15,2.99,,,,28.67,-0.12,7.07
2001-01-08,5.19,4.54,4.65,4.94,5.42,0.4,,,2.535,5.145,2.13,2.94,,,,29.84,,
2001-01-09,5.24,4.64,4.73,4.98,5.43,0.34,,,2.51,5.109999999999999,2.1,2.92,,,,27.99,,
2001-01-10,5.29,4.76,4.83,5.1,5.49,0.34,,,2.42,4.952500000000001,2.01,2.83,,,,26.8,,
2001-01-11,5.31,4.77,4.85,5.14,5.55,0.37,,,2.44,4.9875,2.03,2.85,,,,25.79,,
2001-01-12,5.33,4.9,4.97,5.25,5.63,0.35,,,2.3899999999999997,4.8999999999999995,1.98,2.8,,,,24.56,-0.155,6.89
2001-01-15,,,,,,,,,,,,,,,,,,
2001-01-16,5.38,4.89,4.96,5.24,5.6,0.35,,,2.34,4.7775,1.95,2.73,,,,25.28,,
2001-01-17,5.36,4.84,4.87,5.19,5.52,0.35,,,2.33,4.760000000000001,1.94,2.72,,,,24.93,,
2001-01-18,5.28,4.72,4.74,5.12,5.47,0.4,,,2.345,4.760000000000001,1.97,2.72,,,,23.37,,
2001-01-19,5.24,4.75,4.84,5.19,5.56,0.44,,,2.33,4.7250000000000005,1.96,2.7,,,,23.24,-0.191,7.02
2001-01-22,5.23,4.75,4.87,5.25,5.61,0.5,,,2.33,4.7425,1.95,2.71,,,,23.25,,
2001-01-23,5.24,4.82,4.96,5.3,5.65,0.48,,,2.3049999999999997,4.672499999999999,1.94,2.67,,,,21.57,,
2001-01-24,5.28,4.81,4.98,5.33,5.67,0.52,,,2.25,4.5675,1.89,2.61,,,,22.03,,
2001-01-25,5.28,4.78,4.94,5.29,5.61,0.51,,,2.2649999999999997,4.6025,1.9,2.63,,,,22.64,,
2001-01-26,5.17,4.78,4.93,5.29,5.64,0.51,,,2.285,4.6375,1.92,2.65,,,,22.57,-0.224,7.15
2001-01-29,5.11,4.77,4.97,5.32,5.69,0.55,,,2.29,4.6375,1.93,2.65,,,,22.61,,
2001-01-30,5.02,4.7,4.91,5.24,5.59,0.54,,,2.29,4.6375,1.93,2.65,,,,22.57,,
2001-01-31,4.99,4.62,4.85,5.19,5.54,0.57,,,2.27,4.585,1.92,2.62,,,,22.02,,
2001-02-01,5.0,4.55,4.78,5.1,5.46,0.55,,,2.285,4.6025,1.94,2.63,184.4,91.3034,4.2,21.66,,
2001-02-02,5.06,4.65,4.86,5.17,5.51,0.52,,,2.28,4.6025,1.93,2.63,,,,21.95,-0.251,7.09
2001-02-05,5.06,4.68,4.88,5.18,5.48,0.5,,,2.245,4.5325,1.9,2.59,,,,22.19,,
2001-02-06,5.07,4.72,4.92,5.22,5.51,0.5,,,2.235,4.515000000000001,1.89,2.58,,,,21.98,,
2001-02-07,5.07,4.7,4.91,5.1,5.52,0.4,,,2.41,4.8475,2.05,2.77,,,,21.67,,
2001-02-08,5.08,4.73,4.93,5.1,5.44,0.37,,,2.42,4.864999999999999,2.06,2.78,,,,21.46,,
2001-02-09,5.06,4.67,4.85,5.03,5.38,0.36,,,2.44,4.8825,2.09,2.79,,,,22.03,-0.269,6.98
2001-02-12,5.04,4.67,4.86,5.05,5.42,0.38,,,2.46,4.935,2.1,2.82,,,,21.92,,
2001-02-13,5.05,4.75,4.9,5.07,5.43,0.32,,,2.42,4.935,2.02,2.82,,,,21.37,,
2001-02-14,5.07,4.84,4.99,5.13,5.44,0.29,,,2.37,4.8475,1.97,2.77,,,,21.52,,
2001-02-15,5.08,4.89,5.06,5.19,5.5,0.3,,,2.365,4.8475,1.96,2.77,,,,20.27,,
2001-02-16,5.02,4.75,4.94,5.11,5.46,0.36,,,2.41,4.9175,2.01,2.81,,,,22.12,-0.278,7.01
2001-02-19,,,,,,,,,,,,,,,,,,
2001-02-20,5.04,4.73,4.94,5.11,5.46,0.38,,,2.4,4.9175,1.99,2.81,,,,24.69,,
2001-02-21,5.02,4.68,4.96,5.14,5.49,0.46,,,2.405,4.935,1.99,2.82,,,,25.75,,
2001-02-22,5.01,4.63,4.94,5.15,5.52,0.52,,,2.425,4.97,2.01,2.84,,,,26.76,,
2001-02-23,4.89,4.53,4.86,5.1,5.49,0.57,,,2.44,5.005,2.02,2.86,,,,27.21,-0.277,7.12
2001-02-26,4.81,4.46,4.81,5.05,5.45,0.59,,,2.465,5.0575,2.04,2.89,,,,25.43,,
2001-02-27,4.82,4.44,4.75,4.96,5.34,0.52,,,2.44,5.005,2.02,2.86,,,,26.49,,
2001-02-28,4.85,4.41,4.7,4.92,5.34,0.51,,,2.465,5.04,2.05,2.88,,,,28.35,,
2001-03-01,4.84,4.41,4.67,4.87,5.29,0.46,,,2.4699999999999998,5.04,2.06,2.88,184.7,91.1162,4.3,28.08,,
2001-03-02,4.84,4.48,4.75,4.95,5.38,0.47,,,2.46,5.0225,2.05,2.87,,,,27.43,-0.271,7.03
2001-03-05,4.82,4.49,4.78,4.98,5.36,0.49,,,2.425,4.952500000000001,2.02,2.83,,,,27.12,,
2001-03-06,4.79,4.49,4.78,4.99,5.38,0.5,,,2.44,4.9875,2.03,2.85,,,,25.89,,
2001-03-07,4.69,4.43,4.72,4.92,5.32,0.49,,,2.4450000000000003,4.9875,2.04,2.85,,,,24.12,,
2001-03-08,4.68,4.43,4.7,4.89,5.3,0.46,,,2.46,5.0225,2.05,2.87,,,,24.29,,
2001-03-09,4.72,4.47,4.75,4.95,5.32,0.48,,,2.415,4.935,2.01,2.82,,,,25.62,-0.263,6.97
2001-03-12,4.66,4.46,4.72,4.92,5.31,0.46,,,2.445,5.005,2.03,2.86,,,,30.32,,
2001-03-13,4.66,4.46,4.75,4.95,5.34,0.49,,,2.4299999999999997,4.9875,2.01,2.85,,,,27.55,,
2001-03-14,4.54,4.32,4.62,4.84,5.28,0.52,,,2.55,5.215,2.12,2.98,,,,29.61,,
2001-03-15,4.52,4.22,4.55,4.81,5.29,0.59,,,2.5949999999999998,5.302499999999999,2.16,3.03,,,,28.56,,
2001-03-16,4.54,4.26,4.54,4.78,5.28,0.52,,,2.585,5.302499999999999,2.14,3.03,,,,29.91,-0.254,6.96
2001-03-19,4.53,4.32,4.58,4.82,5.3,0.5,,,2.575,5.285,2.13,3.02,,,,29.78,,
2001-03-20,4.49,4.24,4.52,4.78,5.27,0.54,,,2.6100000000000003,5.355,2.16,3.06,,,,30.96,,
2001-03-21,4.31,4.21,4.49,4.77,5.28,0.56,,,2.6100000000000003,5.355,2.16,3.06,,,,31.93,,
2001-03-22,4.26,4.17,4.44,4.73,5.25,0.56,,,2.615,5.3725,2.16,3.07,,,,32.84,,
2001-03-23,4.29,4.24,4.52,4.8,5.3,0.56,,,2.59,5.32,2.14,3.04,,,,30.45,-0.25,6.89
2001-03-26,4.29,4.27,4.56,4.85,5.36,0.58,,,2.5949999999999998,5.3374999999999995,2.14,3.05,,,,29.04,,
2001-03-27,4.35,4.41,4.73,5.0,5.45,0.59,,,2.525,5.215,2.07,2.98,,,,27.04,,
2001-03-28,4.34,4.3,4.68,4.97,5.47,0.67,,,2.575,5.302499999999999,2.12,3.03,,,,28.58,,
2001-03-29,4.32,4.27,4.67,4.98,5.48,0.71,,,2.565,5.285,2.11,3.02,,,,29.17,,
2001-03-30,4.3,4.18,4.62,4.93,5.46,0.75,,,2.585,5.32,2.13,3.04,,,,28.64,-0.253,6.91
2001-04-01,,,,,,,,,,,,,185.1,90.7891,4.4,,,
2001-04-02,4.22,4.22,4.66,4.98,5.49,0.76,,,2.55,5.25,2.1,3.0,,,,31.21,,
2001-04-03,4.15,4.15,4.6,4.94,5.48,0.79,,,2.585,5.302499999999999,2.14,3.03,,,,34.72,,
2001-04-04,4.1,4.12,4.58,4.94,5.5,0.82,,,2.5949999999999998,5.32,2.15,3.04,,,,34.07,,
2001-04-05,4.11,4.19,4.63,4.98,5.53,0.79,,,2.58,5.302499999999999,2.13,3.03,,,,29.94,,
2001-04-06,3.94,4.07,4.52,4.89,5.46,0.82,,,2.6100000000000003,5.355,2.16,3.06,,,,31.69,-0.263,7.01
2001-04-09,3.93,4.1,4.56,4.93,5.5,0.83,,,2.6,5.32,2.16,3.04,,,,31.91,,
2001-04-10,3.94,4.24,4.7,5.09,5.63,0.85,,,2.555,5.2325,2.12,2.99,,,,29.44,,
2001-04-11,4.08,4.29,4.75,5.12,5.6,0.83,,,2.52,5.18,2.08,2.96,,,,28.46,,
2001-04-12,4.01,4.36,4.83,5.17,5.61,0.81,,,2.4749999999999996,5.109999999999999,2.03,2.92,,,,26.12,,
2001-04-13,,,,,,,,,,,,,,,,,-0.282,7.04
2001-04-16,4.15,4.49,4.94,5.28,5.7,0.79,,,2.455,5.075,2.01,2.9,,,,26.33,,
2001-04-17,4.12,4.41,4.87,5.21,5.65,0.8,,,2.4850000000000003,5.1275,2.04,2.93,,,,25.61,,
2001-04-18,3.91,4.26,4.75,5.14,5.65,0.88,,,2.51,5.1625000000000005,2.07,2.95,,,,24.13,,
2001-04-19,3.87,4.29,4.86,5.27,5.77,0.98,,,2.4699999999999998,5.0925,2.03,2.91,,,,24.16,,
2001-04-20,3.77,4.26,4.88,5.29,5.79,1.03,,,2.44,5.0225,2.01,2.87,,,,25.38,-0.307,7.14
2001-04-23,3.75,4.15,4.78,5.2,5.73,1.05,,,2.4749999999999996,5.075,2.05,2.9,,,,28.16,,
2001-04-24,3.8,4.16,4.78,5.22,5.75,1.06,,,2.435,4.9875,2.02,2.85,,,,28.49,,
2001-04-25,3.84,4.2,4.88,5.28,5.78,1.08,,,2.435,4.9875,2.02,2.85,,,,27.4,,
2001-04-26,3.83,4.14,4.79,5.2,5.71,1.06,,,2.42,4.952500000000001,2.01,2.83,,,,25.96,,
2001-04-27,3.85,4.28,4.94,5.34,5.81,1.06,,,2.355,4.83,1.95,2.76,,,,24.02,-0.333,7.12
2001-04-30,3.95,4.3,4.97,5.35,5.78,1.05,,,2.33,4.7775,1.93,2.73,,,,25.48,,
2001-05-01,3.92,4.23,4.94,5.3,5.75,1.07,,,2.355,4.8125,1.96,2.75,185.3,90.3555,4.3,24.2,,
2001-05-02,3.89,4.27,4.95,5.31,5.71,1.04,,,2.305,4.7250000000000005,1.91,2.7,,,,24.23,,
2001-05-03,3.84,4.22,4.87,5.22,5.64,1.0,,,2.31,4.7250000000000005,1.92,2.7,,,,25.78,,
2001-05-04,3.74,4.14,4.83,5.21,5.65,1.07,,,2.34,4.7775,1.95,2.73,,,,23.91,-0.361,7.14
2001-05-07,3.74,4.12,4.82,5.21,5.68,1.09,,,2.365,4.8125,1.98,2.75,,,,24.86,,
2001-05-08,3.7,4.1,4.68,5.24,5.72,1.14,,,2.375,4.83,1.99,2.76,,,,24.44,,
2001-05-09,3.72,4.07,4.65,5.2,5.67,1.13,,,2.375,4.83,1.99,2.76,,,,24.35,,
2001-05-10,3.74,4.17,4.76,5.31,5.75,1.14,,,2.345,4.795,1.95,2.74,,,,24.0,,
2001-05-11,3.78,4.36,4.99,5.51,5.88,1.15,,,2.275,4.672499999999999,1.88,2.67,,,,23.54,-0.386,7.1
2001-05-14,3.71,4.29,4.94,5.46,5.85,1.17,,,2.285,4.69,1.89,2.68,,,,24.26,,
2001-05-15,3.63,4.28,4.95,5.5,5.89,1.22,,,2.295,4.7075,1.9,2.69,,,,23.71,,
2001-05-16,3.57,4.25,4.95,5.48,5.86,1.23,,,2.275,4.655,1.89,2.66,,,,21.89,,
2001-05-17,3.57,4.33,4.99,5.46,5.8,1.13,,,2.23,4.5675,1.85,2.61,,,,21.47,,
2001-05-18,3.61,4.37,4.99,5.41,5.76,1.04,,,2.24,4.585,1.86,2.62,,,,21.23,-0.406,7.14
2001-05-21,3.65,4.37,4.99,5.41,5.75,1.04,,,2.23,4.5675,1.85,2.61,,,,20.76,,
2001-05-22,3.64,4.34,4.99,5.42,5.78,1.08,,,2.245,4.6025,1.86,2.63,,,,21.35,,
2001-05-23,3.64,4.29,4.96,5.41,5.79,1.12,,,2.295,4.7075,1.9,2.69,,,,22.08,,
2001-05-24,3.7,4.32,5.05,5.52,5.87,1.2,,,2.25,4.6375,1.85,2.65,,,,20.57,,
2001-05-25,3.66,4.31,5.04,5.52,5.86,1.21,,,2.25,4.6375,1.85,2.65,,,,20.6,-0.422,7.2
2001-05-28,,,,,,,,,,,,,,,,,,
2001-05-29,3.71,4.33,5.06,5.54,5.86,1.21,,,2.2350000000000003,4.62,1.83,2.64,,,,22.14,,
2001-05-30,3.68,4.34,5.07,5.54,5.86,1.2,,,2.225,4.6025,1.82,2.63,,,,22.76,,
2001-05-31,3.63,4.22,4.94,5.43,5.78,1.21,,,2.255,4.6375,1.86,2.65,,,,22.64,,
2001-06-01,3.67,4.22,4.94,5.39,5.71,1.17,,,2.23,4.6025,1.83,2.63,186.0,89.8784,4.5,21.59,-0.433,7.24
2001-06-04,3.68,4.19,4.93,5.35,5.69,1.16,,,2.25,4.6375,1.85,2.65,,,,21.38,,
2001-06-05,3.63,4.12,4.84,5.29,5.66,1.17,,,2.265,4.655,1.87,2.66,,,,19.58,,
2001-06-06,3.62,4.12,4.83,5.27,5.65,1.15,,,2.295,4.7075,1.9,2.69,,,,20.39,,
2001-06-07,3.63,4.14,4.88,5.33,5.72,1.19,,,2.285,4.69,1.89,2.68,,,,19.67,,
2001-06-08,3.64,4.17,4.93,5.38,5.73,1.21,,,2.255,4.6375,1.86,2.65,,,,19.92,-0.441,7.2
2001-06-11,3.6,4.11,4.87,5.32,5.69,1.21,,,2.27,4.655,1.88,2.66,,,,20.7,,
2001-06-12,3.56,4.09,4.82,5.27,5.65,1.18,,,2.285,4.69,1.89,2.68,,,,20.7,,
2001-06-13,3.55,4.08,4.81,5.28,5.66,1.2,,,2.275,4.672499999999999,1.88,2.67,,,,21.45,,
2001-06-14,3.56,4.04,4.76,5.26,5.65,1.22,,,2.275,4.672499999999999,1.88,2.67,,,,23.12,,
2001-06-15,3.52,4.01,4.74,5.27,5.68,1.26,,,2.32,4.7425,1.93,2.71,,,,22.81,-0.447,7.14
2001-06-18,3.52,3.98,4.73,5.27,5.7,1.29,,,2.335,4.7775,1.94,2.73,,,,23.17,,
2001-06-19,3.51,3.99,4.72,5.26,5.69,1.27,,,2.335,4.7775,1.94,2.73,,,,22.34,,
2001-06-20,3.49,3.98,4.72,5.24,5.67,1.26,,,2.34,4.795,1.94,2.74,,,,21.71,,
2001-06-21,3.51,3.99,4.7,5.22,5.64,1.23,,,2.335,4.795,1.93,2.74,,,,19.38,,
2001-06-22,3.45,3.93,4.63,5.14,5.58,1.21,,,2.35,4.8125,1.95,2.75,,,,20.02,-0.452,7.11
2001-06-25,3.46,3.96,4.65,5.16,5.59,1.2,,,2.3449999999999998,4.8125,1.94,2.75,,,,20.67,,
2001-06-26,3.46,4.03,4.74,5.24,5.65,1.21,,,2.3200000000000003,4.760000000000001,1.92,2.72,,,,21.2,,
2001-06-27,3.52,4.06,4.82,5.26,5.62,1.2,,,2.2750000000000004,4.69,1.87,2.68,,,,20.88,,
2001-06-28,3.64,4.22,4.92,5.35,5.68,1.13,,,2.25,4.655,1.84,2.66,,,,20.01,,
2001-06-29,3.65,4.25,4.97,5.42,5.75,1.17,,,2.24,4.6375,1.83,2.65,,,,19.06,-0.459,7.11
2001-07-01,,,,,,,,,,,,,186.4,89.3028,4.6,,,
2001-07-02,3.67,4.21,4.88,5.37,5.7,1.16,,,2.25,4.672499999999999,1.83,2.67,,,,18.76,,
2001-07-03,3.66,4.24,4.91,5.41,5.73,1.17,,,2.25,4.672499999999999,1.83,2.67,,,,18.92,,
2001-07-04,,,,,,,,,,,,,,,,,,
2001-07-05,3.65,4.24,4.95,5.44,5.76,1.2,,,2.245,4.672499999999999,1.82,2.67,,,,20.09,,
2001-07-06,3.63,4.16,4.9,5.41,5.75,1.25,,,2.265,4.7075,1.84,2.69,,,,21.63,-0.468,7.19
2001-07-09,3.65,4.15,4.88,5.37,5.7,1.22,,,2.27,4.7075,1.85,2.69,,,,22.48,,
2001-07-10,3.63,4.08,4.82,5.32,5.68,1.24,,,2.29,4.7425,1.87,2.71,,,,23.25,,
2001-07-11,3.58,4.07,4.81,5.31,5.69,1.24,,,2.3200000000000003,4.795,1.9,2.74,,,,24.01,,
2001-07-12,3.6,4.07,4.8,5.27,5.65,1.2,,,2.315,4.795,1.89,2.74,,,,22.09,,
2001-07-13,3.62,4.12,4.82,5.27,5.64,1.15,,,2.295,4.7425,1.88,2.71,,,,21.14,-0.479,7.21
2001-07-16,3.64,4.07,4.76,5.21,5.59,1.14,,,2.3200000000000003,4.795,1.9,2.74,,,,22.91,,
2001-07-17,3.61,4.09,4.78,5.22,5.59,1.13,,,2.31,4.7775,1.89,2.73,,,,22.61,,
2001-07-18,3.54,3.96,4.66,5.12,5.52,1.16,,,2.3649999999999998,4.864999999999999,1.95,2.78,,,,23.6,,
2001-07-19,3.55,3.98,4.69,5.13,5.53,1.15,,,2.36,4.864999999999999,1.94,2.78,,,,22.51,,
2001-07-20,3.53,3.98,4.7,5.15,5.54,1.17,,,2.35,4.8475,1.93,2.77,,,,22.34,-0.489,7.08
2001-07-23,3.56,3.98,4.68,5.13,5.53,1.15,,,2.35,4.8475,1.93,2.77,,,,23.74,,
2001-07-24,3.56,3.97,4.67,5.13,5.52,1.16,,,2.33,4.795,1.92,2.74,,,,25.24,,
2001-07-25,3.56,3.98,4.74,5.2,5.58,1.22,,,2.325,4.795,1.91,2.74,,,,24.0,,
2001-07-26,3.56,3.94,4.71,5.19,5.59,1.25,,,2.3449999999999998,4.83,1.93,2.76,,,,23.01,,
2001-07-27,3.55,3.87,4.64,5.13,5.55,1.26,,,2.36,4.8475,1.95,2.77,,,,22.0,-0.498,7.03
2001-07-30,3.57,3.86,4.63,5.11,5.53,1.25,,,2.3499999999999996,4.83,1.94,2.76,,,,22.69,,
2001-07-31,3.54,3.79,4.57,5.07,5.51,1.28,,,2.37,4.864999999999999,1.96,2.78,,,,21.62,,
2001-08-01,3.53,3.83,4.62,5.11,5.53,1.28,,,2.355,4.83,1.95,2.76,186.7,89.2003,4.9,20.56,,
2001-08-02,3.53,3.89,4.69,5.17,5.57,1.28,,,2.33,4.795,1.92,2.74,,,,20.09,,
2001-08-03,3.52,3.91,4.72,5.2,5.59,1.29,,,2.315,4.760000000000001,1.91,2.72,,,,19.89,-0.503,7.0
2001-08-06,3.52,3.88,4.71,5.19,5.59,1.31,,,2.335,4.8125,1.92,2.75,,,,21.89,,
2001-08-07,3.52,3.9,4.72,5.2,5.6,1.3,,,2.33,4.795,1.92,2.74,,,,21.01,,
2001-08-08,3.49,3.77,4.61,4.99,5.52,1.22,,,2.4699999999999998,5.04,2.06,2.88,,,,22.32,,
2001-08-09,3.45,3.77,4.66,5.04,5.54,1.27,,,2.4299999999999997,4.97,2.02,2.84,,,,21.75,,
2001-08-10,3.43,3.73,4.61,4.99,5.52,1.26,,,2.46,5.0225,2.05,2.87,,,,20.55,-0.499,7.0
2001-08-13,3.45,3.7,4.57,4.97,5.52,1.27,,,2.48,5.0575,2.07,2.89,,,,20.42,,
2001-08-14,3.43,3.74,4.59,4.97,5.51,1.23,,,2.48,5.0575,2.07,2.89,,,,20.48,,
2001-08-15,3.43,3.8,4.62,5.0,5.52,1.2,,,2.455,5.005,2.05,2.86,,,,20.91,,
2001-08-16,3.39,3.75,4.58,4.95,5.48,1.2,,,2.48,5.0575,2.07,2.89,,,,21.54,,
2001-08-17,3.36,3.67,4.49,4.84,5.43,1.17,,,2.555,5.197500000000001,2.14,2.97,,,,23.84,-0.485,6.92
2001-08-20,3.42,3.74,4.55,4.91,5.46,1.17,,,2.515,5.1275,2.1,2.93,,,,22.87,,
2001-08-21,3.39,3.69,4.5,4.87,5.44,1.18,,,2.5549999999999997,5.215,2.13,2.98,,,,24.4,,
2001-08-22,3.38,3.76,4.53,4.91,5.44,1.15,,,2.5149999999999997,5.145,2.09,2.94,,,,22.44,,
2001-08-23,3.4,3.72,4.52,4.89,5.41,1.17,,,2.495,5.109999999999999,2.07,2.92,,,,22.23,,
2001-08-24,3.42,3.76,4.55,4.93,5.45,1.17,,,2.49,5.0925,2.07,2.91,,,,19.71,-0.461,6.91
2001-08-27,3.45,3.78,4.57,4.94,5.47,1.16,,,2.49,5.0925,2.07,2.91,,,,20.56,,
2001-08-28,3.41,3.71,4.48,4.85,5.41,1.14,,,2.5300000000000002,5.1625000000000005,2.11,2.95,,,,22.0,,
2001-08-29,3.42,3.67,4.43,4.78,5.36,1.11,,,2.555,5.197500000000001,2.14,2.97,,,,23.03,,
2001-08-30,3.36,3.61,4.42,4.79,5.37,1.18,,,2.55,5.197500000000001,2.13,2.97,,,,25.41,,
2001-08-31,3.37,3.64,4.46,4.85,5.39,1.21,,,2.485,5.075,2.07,2.9,,,,24.92,-0.431,6.92
2001-09-01,,,,,,,,,,,,,187.1,88.7485,5.0,,,
2001-09-03,,,,,,,,,,,,,,,,,,
2001-09-04,3.44,3.83,4.63,4.99,5.5,1.16,,,2.46,5.04,2.04,2.88,,,,25.85,,
2001-09-05,3.41,3.79,4.61,4.97,5.48,1.18,,,2.4749999999999996,5.075,2.05,2.9,,,,26.35,,
2001-09-06,3.34,3.65,4.48,4.86,5.41,1.21,,,2.5149999999999997,5.145,2.09,2.94,,,,28.61,,
2001-09-07,3.27,3.53,4.39,4.8,5.39,1.27,,,2.5650000000000004,5.2325,2.14,2.99,,,,30.99,-0.397,6.89
2001-09-10,3.26,3.53,4.41,4.84,5.43,1.31,,,2.5650000000000004,5.2325,2.14,2.99,,,,31.84,,
2001-09-11,,,,,,,,,,,,,,,,,,
2001-09-12,,,,,,,,,,,,,,,,,,
2001-09-13,2.74,2.99,4.03,4.64,5.39,1.65,,,2.73,5.53,2.3,3.16,,,,,,
2001-09-14,2.64,2.87,3.92,4.57,5.35,1.7,,,2.9299999999999997,5.88,2.5,3.36,,,,,-0.365,6.86
2001-09-17,2.59,2.96,3.99,4.63,5.41,1.67,,,3.02,6.0375000000000005,2.59,3.45,,,,41.76,,
2001-09-18,2.48,2.96,4.01,4.72,5.55,1.76,,,3.05,6.09,2.62,3.48,,,,38.87,,
2001-09-19,2.19,2.81,3.9,4.69,5.56,1.88,,,3.09,6.16,2.66,3.52,,,,40.56,,
2001-09-20,2.22,2.91,3.97,4.75,5.62,1.84,,,3.085,6.16,2.65,3.52,,,,43.74,,
2001-09-21,2.25,2.91,3.94,4.7,5.59,1.79,,,3.0999999999999996,6.177499999999999,2.67,3.53,,,,42.66,-0.343,6.8
2001-09-24,2.38,2.94,4.0,4.73,5.58,1.79,,,3.05,6.09,2.62,3.48,,,,37.75,,
2001-09-25,2.4,2.88,3.97,4.72,5.58,1.84,,,3.06,6.09,2.64,3.48,,,,35.81,,
2001-09-26,2.38,2.82,3.91,4.65,5.5,1.83,,,3.035,6.055,2.61,3.46,,,,35.26,,
2001-09-27,2.38,2.78,3.87,4.58,5.45,1.8,,,3.045,6.072500000000001,2.62,3.47,,,,34.0,,
2001-09-28,2.4,2.86,3.93,4.6,5.42,1.74,,,2.995,5.984999999999999,2.57,3.42,,,,31.93,-0.337,6.72
2001-10-01,2.37,2.82,3.9,4.55,5.38,1.73,,,3.0149999999999997,6.02,2.59,3.44,187.4,88.5052,5.3,32.32,,
2001-10-02,2.26,2.77,3.87,4.53,5.34,1.76,,,2.98,5.984999999999999,2.54,3.42,,,,31.18,,
2001-10-03,2.23,2.77,3.86,4.5,5.32,1.73,,,2.9850000000000003,6.0025,2.54,3.43,,,,31.34,,
2001-10-04,2.21,2.75,3.88,4.53,5.31,1.78,,,2.94,5.915,2.5,3.38,,,,31.97,,
2001-10-05,2.19,2.71,3.87,4.52,5.31,1.81,,,2.96,5.95,2.52,3.4,,,,33.39,-0.339,6.64
2001-10-08,,,,,,,,,,,,,,,,35.12,,
2001-10-09,2.22,2.74,3.96,4.62,5.39,1.88,,,2.925,5.88,2.49,3.36,,,,34.83,,
2001-10-10,2.22,2.78,3.96,4.61,5.36,1.83,,,2.9,5.845,2.46,3.34,,,,31.6,,
2001-10-11,2.27,2.88,4.03,4.69,5.41,1.81,,,2.855,5.7749999999999995,2.41,3.3,,,,31.5,,
2001-10-12,2.25,2.81,4.01,4.68,5.42,1.87,,,2.885,5.827500000000001,2.44,3.33,,,,35.27,-0.35,6.58
2001-10-15,2.25,2.78,3.97,4.62,5.38,1.84,,,2.895,5.845,2.45,3.34,,,,35.31,,
2001-10-16,2.22,2.77,3.93,4.59,5.35,1.82,,,2.89,5.827500000000001,2.45,3.33,,,,32.88,,
2001-10-17,2.22,2.8,3.93,4.59,5.32,1.79,,,2.865,5.7925,2.42,3.31,,,,35.08,,
2001-10-18,2.19,2.77,3.93,4.58,5.32,1.81,,,2.87,5.7925,2.43,3.31,,,,34.95,,
2001-10-19,2.19,2.77,3.96,4.63,5.36,1.86,,,2.855,5.7575,2.42,3.29,,,,34.11,-0.365,6.61
2001-10-22,2.22,2.79,3.98,4.63,5.36,1.84,,,2.8449999999999998,5.739999999999999,2.41,3.28,,,,32.25,,
2001-10-23,2.2,2.81,4.01,4.66,5.38,1.85,,,2.8449999999999998,5.739999999999999,2.41,3.28,,,,32.0,,
2001-10-24,2.17,2.72,3.96,4.61,5.32,1.89,,,2.84,5.739999999999999,2.4,3.28,,,,30.95,,
2001-10-25,2.14,2.63,3.89,4.56,5.28,1.93,,,2.86,5.7749999999999995,2.42,3.3,,,,29.46,,
2001-10-26,2.14,2.63,3.88,4.53,5.27,1.9,,,2.87,5.7925,2.43,3.31,,,,28.42,-0.382,6.64
2001-10-29,2.09,2.55,3.82,4.5,5.25,1.95,,,2.88,5.81,2.44,3.32,,,,31.64,,
2001-10-30,2.05,2.48,3.76,4.44,5.22,1.96,,,2.91,5.8625,2.47,3.35,,,,33.46,,
2001-10-31,2.05,2.44,3.66,4.3,4.89,1.86,,,2.945,5.915,2.51,3.38,,,,33.56,,
2001-11-01,2.06,2.49,3.66,4.24,4.79,1.75,,,2.94,5.8975,2.51,3.37,188.1,87.97,5.5,32.31,,
2001-11-02,2.01,2.48,3.77,4.37,4.96,1.89,,,2.935,5.8975,2.5,3.37,,,,30.71,-0.393,6.56
2001-11-05,2.01,2.46,3.71,4.31,4.86,1.85,,,2.9050000000000002,5.845,2.47,3.34,,,,30.5,,
2001-11-06,1.85,2.37,3.54,4.3,4.86,1.93,,,2.925,5.88,2.49,3.36,,,,28.8,,
2001-11-07,1.8,2.32,3.47,4.22,4.79,1.9,,,2.915,5.8625,2.48,3.35,,,,29.13,,
2001-11-08,1.84,2.42,3.58,4.32,4.87,1.9,,,2.8499999999999996,5.739999999999999,2.42,3.28,,,,28.62,,
2001-11-09,1.83,2.45,3.62,4.34,4.88,1.89,,,2.84,5.7225,2.41,3.27,,,,27.44,-0.398,6.45
2001-11-12,,,,,,,,,,,,,,,,29.35,,
2001-11-13,1.84,2.54,3.69,4.41,4.92,1.87,,,2.805,5.67,2.37,3.24,,,,26.47,,
2001-11-14,1.87,2.7,3.83,4.54,5.02,1.84,,,2.7649999999999997,5.5825,2.34,3.19,,,,26.56,,
2001-11-15,1.92,2.98,4.1,4.79,5.22,1.81,,,2.685,5.425,2.27,3.1,,,,25.56,,
2001-11-16,1.95,3.09,4.24,4.91,5.3,1.82,,,2.665,5.3725,2.26,3.07,,,,25.07,-0.397,6.51
2001-11-19,1.94,2.92,4.12,4.8,5.22,1.88,,,2.675,5.390000000000001,2.27,3.08,,,,24.46,,
2001-11-20,1.95,2.96,4.17,4.88,5.3,1.92,,,2.675,5.390000000000001,2.27,3.08,,,,24.12,,
2001-11-21,1.96,3.11,4.31,4.98,5.35,1.87,,,2.61,5.2675,2.21,3.01,,,,24.19,,
2001-11-22,,,,,,,,,,,,,,,,,,
2001-11-23,1.95,3.2,4.4,5.04,5.39,1.84,,,2.5700000000000003,5.197500000000001,2.17,2.97,,,,23.25,-0.387,6.75
2001-11-26,1.98,3.22,4.41,5.05,5.39,1.83,,,2.565,5.18,2.17,2.96,,,,23.79,,
2001-11-27,1.92,3.11,4.32,4.98,5.37,1.87,,,2.575,5.2675,2.14,3.01,,,,24.0,,
2001-11-28,1.87,3.12,4.33,4.98,5.36,1.86,,,2.575,5.2675,2.14,3.01,,,,25.9,,
2001-11-29,1.8,2.87,4.1,4.79,5.24,1.92,,,2.6399999999999997,5.3725,2.21,3.07,,,,25.18,,
2001-11-30,1.78,2.84,4.08,4.78,5.27,1.94,,,2.67,5.425,2.24,3.1,,,,23.84,-0.373,7.02
2001-12-01,,,,,,,,,,,,,188.4,87.9324,5.7,,,
2001-12-03,1.78,2.82,4.04,4.75,5.26,1.93,,,2.7,5.495,2.26,3.14,,,,25.77,,
2001-12-04,1.74,2.81,3.99,4.7,5.22,1.89,,,2.715,5.5125,2.28,3.15,,,,24.08,,
2001-12-05,1.77,3.07,4.24,4.92,5.35,1.85,,,2.63,5.3725,2.19,3.07,,,,23.02,,
2001-12-06,1.75,3.19,4.38,5.04,5.47,1.85,,,2.5949999999999998,5.302499999999999,2.16,3.03,,,,23.71,,
2001-12-07,1.69,3.19,4.5,5.2,5.6,2.01,,,2.32,5.18,1.68,2.96,,,,23.49,-0.361,6.84
2001-12-10,1.71,3.1,4.46,5.17,5.58,2.07,,,2.355,5.25,1.71,3.0,,,,25.62,,
2001-12-11,1.66,3.03,4.38,5.13,5.55,2.1,,,2.29,5.2675,1.57,3.01,,,,25.3,,
2001-12-12,1.67,2.97,4.29,5.02,5.47,2.05,,,2.325,5.32,1.61,3.04,,,,24.87,,
2001-12-13,1.69,3.09,4.4,5.13,5.53,2.04,,,2.27,5.215,1.56,2.98,,,,25.91,,
2001-12-14,1.73,3.2,4.52,5.24,5.59,2.04,,,2.2,5.0925,1.49,2.91,,,,24.63,-0.354,7.09
2001-12-17,1.74,3.21,4.54,5.26,5.61,2.05,,,2.245,5.197500000000001,1.52,2.97,,,,24.26,,
2001-12-18,1.71,3.13,4.46,5.16,5.52,2.03,,,2.2199999999999998,5.145,1.5,2.94,,,,23.29,,
2001-12-19,1.69,3.11,4.38,5.08,5.45,1.97,,,2.235,5.145,1.53,2.94,,,,22.58,,
2001-12-20,1.69,3.15,4.42,5.08,5.43,1.93,,,2.215,5.109999999999999,1.51,2.92,,,,23.67,,
2001-12-21,1.71,3.17,4.45,5.12,5.45,1.95,,,2.175,5.0225,1.48,2.87,,,,22.5,-0.357,7.17
2001-12-24,1.72,3.22,4.49,5.18,5.49,1.96,,,,,,,,,,22.62,,
2001-12-25,,,,,,,,,,,,,,,,,,
2001-12-26,1.75,3.26,4.55,5.22,5.52,1.96,,,2.13,4.935,1.44,2.82,,,,22.29,,
2001-12-27,1.74,3.19,4.46,5.13,5.49,1.94,,,2.19,5.04,1.5,2.88,,,,21.59,,
2001-12-28,1.72,3.16,4.46,5.15,5.54,1.99,,,2.2,5.0225,1.53,2.87,,,,21.4,-0.37,7.16
2001-12-31,1.74,3.07,4.38,5.07,5.48,2.0,,,2.1950000000000003,4.9875,1.54,2.85,,,,23.8,,
2002-01-01,,,,,,,,,,,,,188.7,88.5176,5.7,,,
2002-01-02,1.74,3.22,4.52,5.2,5.56,1.98,,,2.16,4.935,1.5,2.82,,,,22.71,,
2002-01-03,1.73,3.19,4.48,5.16,5.54,1.97,,,2.175,4.935,1.53,2.82,,,,21.34,,
2002-01-04,1.72,3.19,4.5,5.18,5.57,1.99,,,2.135,4.864999999999999,1.49,2.78,,,,20.45,-0.39,7.14
2002-01-07,1.68,3.08,4.39,5.09,5.49,2.01,,,2.15,4.8999999999999995,1.5,2.8,,,,21.94,,
2002-01-08,1.68,3.07,4.39,5.1,5.51,2.03,,,2.15,4.8999999999999995,1.5,2.8,,,,21.83,,
2002-01-09,1.68,3.03,4.38,5.1,5.51,2.07,,,2.1399999999999997,4.864999999999999,1.5,2.78,,,,22.13,,
2002-01-10,1.68,2.94,4.27,5.0,5.42,2.06,,,2.175,4.935,1.53,2.82,,,,22.36,,
2002-01-11,1.58,2.76,4.14,4.92,5.37,2.16,,,2.21,5.005,1.56,2.86,,,,22.6,-0.415,7.06
2002-01-14,1.58,2.79,4.15,4.91,5.38,2.12,,,2.23,5.04,1.58,2.88,,,,23.58,,
2002-01-15,1.6,2.79,4.14,4.88,5.34,2.09,,,2.215,5.005,1.57,2.86,,,,22.7,,
2002-01-16,1.61,2.84,4.16,4.88,5.36,2.04,,,2.225,5.0225,1.58,2.87,,,,23.45,,
2002-01-17,1.64,2.96,4.28,4.98,5.41,2.02,,,2.175,4.935,1.53,2.82,,,,22.25,,
2002-01-18,1.62,2.91,4.23,4.94,5.36,2.03,,,2.19,5.005,1.52,2.86,,,,22.52,-0.44,6.83
2002-01-21,,,,,,,,,,,,,,,,,,
2002-01-22,1.7,2.97,4.27,4.96,5.39,1.99,,,2.18,4.9875,1.51,2.85,,,,23.61,,
2002-01-23,1.71,3.07,4.36,5.05,5.48,1.98,,,2.1950000000000003,5.0225,1.52,2.87,,,,21.88,,
2002-01-24,1.72,3.15,4.4,5.07,5.47,1.92,,,2.175,4.9875,1.5,2.85,,,,21.15,,
2002-01-25,1.72,3.17,4.46,5.1,5.47,1.93,,,2.135,4.9175,1.46,2.81,,,,21.01,-0.461,6.96
2002-01-28,1.76,3.19,4.48,5.12,5.47,1.93,,,2.0999999999999996,4.864999999999999,1.42,2.78,,,,21.14,,
2002-01-29,1.72,3.05,4.35,5.02,5.4,1.97,,,2.155,4.97,1.47,2.84,,,,24.35,,
2002-01-30,1.75,3.06,4.37,5.02,5.41,1.96,,,2.19,5.0575,1.49,2.89,,,,23.22,,
2002-01-31,1.76,3.16,4.42,5.07,5.44,1.91,,,2.16,4.9875,1.47,2.85,,,,21.09,,
2002-02-01,1.76,3.08,4.37,5.02,5.4,1.94,,,2.17,5.005,1.48,2.86,189.1,88.5278,5.7,21.12,-0.476,7.02
2002-02-04,1.77,2.99,4.29,4.94,5.35,1.95,,,2.22,5.1275,1.51,2.93,,,,24.87,,
2002-02-05,1.76,2.99,4.29,4.92,5.35,1.93,,,2.255,5.215,1.53,2.98,,,,25.45,,
2002-02-06,1.74,2.98,4.3,4.92,5.38,1.94,,,2.29,5.2675,1.57,3.01,,,,26.09,,
2002-02-07,1.73,2.99,4.33,4.93,5.42,1.94,,,2.33,5.3374999999999995,1.61,3.05,,,,25.11,,
2002-02-08,1.73,2.95,4.28,4.9,5.39,1.95,,,2.315,5.302499999999999,1.6,3.03,,,,23.26,-0.486,6.88
2002-02-11,1.75,2.95,4.29,4.91,5.41,1.96,,,2.315,5.285,1.61,3.02,,,,21.78,,
2002-02-12,1.75,3.04,4.36,4.97,5.45,1.93,,,2.3000000000000003,5.2325,1.61,2.99,,,,21.62,,
2002-02-13,1.76,3.09,4.4,5.01,5.47,1.92,,,2.245,5.1275,1.56,2.93,,,,20.85,,
2002-02-14,1.75,3.07,4.35,4.95,5.42,1.88,,,2.265,5.1625000000000005,1.58,2.95,,,,21.77,,
2002-02-15,1.74,2.97,4.27,4.86,5.37,1.89,,,2.3,5.215,1.62,2.98,,,,22.37,-0.49,6.86
2002-02-18,,,,,,,,,,,,,,,,,,
2002-02-19,1.76,2.98,4.28,4.88,5.54,1.9,,,2.31,5.2325,1.63,2.99,,,,24.43,,
2002-02-20,1.76,3.0,4.28,4.88,5.53,1.88,,,2.3249999999999997,5.2675,1.64,3.01,,,,22.66,,
2002-02-21,1.76,3.0,4.27,4.88,5.53,1.88,,,2.295,5.197500000000001,1.62,2.97,,,,23.8,,
2002-02-22,1.76,2.97,4.23,4.84,5.48,1.87,,,2.3049999999999997,5.215,1.63,2.98,,,,22.86,-0.49,6.81
2002-02-25,1.77,3.01,4.26,4.86,5.51,1.85,,,2.3049999999999997,5.215,1.63,2.98,,,,21.84,,
2002-02-26,1.77,3.08,4.33,4.93,5.53,1.85,,,2.285,5.18,1.61,2.96,,,,21.68,,
2002-02-27,1.77,3.09,4.22,4.84,5.51,1.75,,,2.33,5.25,1.66,3.0,,,,21.49,,
2002-02-28,1.79,3.06,4.27,4.88,5.54,1.82,,,2.31,5.215,1.64,2.98,,,,21.59,,
2002-03-01,1.77,3.18,4.43,4.98,5.6,1.8,,,2.3,5.197500000000001,1.63,2.97,189.2,89.1686,5.7,19.96,-0.49,6.8
2002-03-04,1.81,3.24,4.43,5.02,5.61,1.78,,,2.27,5.145,1.6,2.94,,,,20.5,,
2002-03-05,1.8,3.25,4.44,5.02,5.6,1.77,,,2.24,5.075,1.58,2.9,,,,20.3,,
2002-03-06,1.78,3.26,4.45,5.06,5.67,1.8,,,2.25,5.0925,1.59,2.91,,,,19.94,,
2002-03-07,1.78,3.36,4.65,5.22,5.76,1.86,,,2.18,4.952500000000001,1.53,2.83,,,,20.04,,
2002-03-08,1.81,3.6,4.77,5.33,5.83,1.73,,,2.145,4.8825,1.5,2.79,,,,19.27,-0.489,6.87
2002-03-11,1.86,3.59,4.77,5.33,5.81,1.74,,,2.1399999999999997,4.864999999999999,1.5,2.78,,,,19.84,,
2002-03-12,1.84,3.56,4.75,5.32,5.84,1.76,,,2.1399999999999997,4.864999999999999,1.5,2.78,,,,19.59,,
2002-03-13,1.82,3.49,4.69,5.28,5.83,1.79,,,2.1799999999999997,4.935,1.54,2.82,,,,19.46,,
2002-03-14,1.86,3.63,4.83,5.4,5.9,1.77,,,2.15,4.8825,1.51,2.79,,,,19.2,,
2002-03-15,1.86,3.63,4.8,5.35,5.86,1.72,,,2.17,4.9175,1.53,2.81,,,,18.42,-0.489,7.08
2002-03-18,1.88,3.67,4.79,5.32,5.83,1.65,,,2.16,4.8999999999999995,1.52,2.8,,,,18.93,,
2002-03-19,1.85,3.64,4.78,5.33,5.86,1.69,,,2.185,4.952500000000001,1.54,2.83,,,,18.16,,
2002-03-20,1.84,3.71,4.87,5.4,5.89,1.69,,,2.17,4.9175,1.53,2.81,,,,18.46,,
2002-03-21,1.84,3.73,4.88,5.39,5.87,1.66,,,2.135,4.864999999999999,1.49,2.78,,,,18.15,,
2002-03-22,1.84,3.77,4.9,5.4,5.89,1.63,,,2.13,4.864999999999999,1.48,2.78,,,,17.77,-0.494,7.14
2002-03-25,1.85,3.78,4.92,5.41,5.91,1.63,,,2.1100000000000003,4.795,1.48,2.74,,,,18.48,,
2002-03-26,1.81,3.68,4.85,5.35,5.84,1.67,,,2.13,4.83,1.5,2.76,,,,18.13,,
2002-03-27,1.81,3.66,4.85,5.35,5.86,1.69,,,2.1550000000000002,4.9175,1.5,2.81,,,,17.7,,
2002-03-28,1.79,3.72,4.91,5.42,5.91,1.7,,,2.145,4.9175,1.48,2.81,,,,17.4,,
2002-03-29,,,,,,,,,,,,,,,,,-0.502,7.18
2002-04-01,1.79,3.74,4.93,5.44,5.92,1.7,,,2.12,4.864999999999999,1.46,2.78,189.7,89.604,5.9,18.73,,
2002-04-02,1.8,3.63,4.84,5.36,5.86,1.73,,,2.1550000000000002,4.9175,1.5,2.81,,,,19.16,,
2002-04-03,1.79,3.55,4.76,5.3,5.82,1.75,,,2.17,4.952500000000001,1.51,2.83,,,,20.2,,
2002-04-04,1.78,3.57,4.76,5.28,5.82,1.71,,,2.1799999999999997,4.97,1.52,2.84,,,,19.78,,
2002-04-05,1.76,3.49,4.68,5.22,5.79,1.73,,,2.1950000000000003,4.9875,1.54,2.85,,,,19.13,-0.515,7.13
2002-04-08,1.75,3.51,4.7,5.25,5.82,1.74,,,2.1950000000000003,4.9875,1.54,2.85,,,,19.61,,
2002-04-09,1.73,3.48,4.67,5.22,5.79,1.74,,,2.19,4.9875,1.53,2.85,,,,19.47,,
2002-04-10,1.71,3.48,4.68,5.24,5.78,1.76,,,2.1799999999999997,4.97,1.52,2.84,,,,18.19,,
2002-04-11,1.72,3.47,4.66,5.22,5.78,1.75,,,2.175,4.952500000000001,1.52,2.83,,,,20.3,,
2002-04-12,1.71,3.41,4.6,5.18,5.79,1.77,,,2.2,5.005,1.54,2.86,,,,19.42,-0.534,6.99
2002-04-15,1.72,3.38,4.57,5.15,5.76,1.77,,,2.19,4.97,1.54,2.84,,,,19.82,,
2002-04-16,1.74,3.43,4.62,5.2,5.78,1.77,,,2.17,4.9175,1.53,2.81,,,,18.11,,
2002-04-17,1.73,3.41,4.64,5.24,5.85,1.83,,,2.14,4.8825,1.49,2.79,,,,18.43,,
2002-04-18,1.72,3.38,4.64,5.23,5.86,1.85,,,2.19,4.935,1.56,2.82,,,,19.29,,
2002-04-19,1.73,3.36,4.62,5.21,5.8,1.85,,,2.175,4.8999999999999995,1.55,2.8,,,,18.3,-0.556,6.94
2002-04-22,1.72,3.37,4.62,5.19,5.78,1.82,,,2.18,4.8475,1.59,2.77,,,,19.77,,
2002-04-23,1.73,3.39,4.62,5.18,5.78,1.79,,,2.185,4.864999999999999,1.59,2.78,,,,20.28,,
2002-04-24,1.72,3.28,4.53,5.11,5.72,1.83,,,2.215,4.9175,1.62,2.81,,,,20.77,,
2002-04-25,1.74,3.25,4.52,5.1,5.72,1.85,,,2.23,4.952500000000001,1.63,2.83,,,,20.95,,
2002-04-26,1.75,3.22,4.49,5.08,5.73,1.86,,,2.23,4.952500000000001,1.63,2.83,,,,22.14,-0.578,6.88
2002-04-29,1.78,3.26,4.55,5.13,5.75,1.87,,,2.21,4.935,1.6,2.82,,,,24.05,,
2002-04-30,1.77,3.24,4.53,5.11,5.72,1.87,,,2.2199999999999998,4.97,1.6,2.84,,,,21.91,,
2002-05-01,1.77,3.21,4.49,5.08,5.69,1.87,,,2.245,5.005,1.63,2.86,190.0,89.964,5.8,20.06,,
2002-05-02,1.77,3.25,4.54,5.13,5.72,1.88,,,2.21,4.97,1.58,2.84,,,,20.07,,
2002-05-03,1.76,3.17,4.48,5.08,5.65,1.91,,,2.26,5.0575,1.63,2.89,,,,20.19,-0.601,6.78
2002-05-06,1.78,3.19,4.5,5.1,5.66,1.91,,,2.21,5.005,1.56,2.86,,,,22.56,,
2002-05-07,1.76,3.14,4.43,5.09,5.66,1.95,,,2.21,5.005,1.56,2.86,,,,21.94,,
2002-05-08,1.76,3.32,4.58,5.24,5.77,1.92,,,2.19,5.005,1.52,2.86,,,,20.39,,
2002-05-09,1.77,3.27,4.53,5.2,5.78,1.93,,,2.215,5.0575,1.54,2.89,,,,21.56,,
2002-05-10,1.77,3.19,4.46,5.15,5.72,1.96,,,2.25,5.1275,1.57,2.93,,,,22.41,-0.617,6.79
2002-05-13,1.79,3.28,4.54,5.23,5.79,1.95,,,2.225,5.075,1.55,2.9,,,,20.72,,
2002-05-14,1.78,3.4,4.64,5.32,5.84,1.92,,,2.21,5.0575,1.53,2.89,,,,19.35,,
2002-05-15,1.76,3.37,4.59,5.28,5.82,1.91,,,2.2350000000000003,5.0925,1.56,2.91,,,,19.19,,
2002-05-16,1.75,3.28,4.52,5.2,5.8,1.92,,,2.2800000000000002,5.18,1.6,2.96,,,,18.5,,
2002-05-17,1.76,3.41,4.6,5.27,5.84,1.86,,,2.26,5.145,1.58,2.94,,,,17.7,-0.627,6.89
2002-05-20,1.77,3.33,4.53,5.21,5.78,1.88,,,2.275,5.18,1.59,2.96,,,,19.24,,
2002-05-21,1.75,3.28,4.49,5.18,5.79,1.9,,,2.265,5.1625000000000005,1.58,2.95,,,,20.05,,
2002-05-22,1.74,3.23,4.43,5.13,5.75,1.9,,,2.29,5.215,1.6,2.98,,,,19.58,,
2002-05-23,1.74,3.28,4.46,5.16,5.78,1.88,,,2.295,5.197500000000001,1.62,2.97,,,,18.23,,
2002-05-24,1.74,3.28,4.47,5.16,5.78,1.88,,,2.285,5.18,1.61,2.96,,,,18.9,-0.629,6.81
2002-05-27,,,,,,,,,,,,,,,,,,
2002-05-28,1.77,3.3,4.46,5.16,5.78,1.86,,,2.2750000000000004,5.1625000000000005,1.6,2.95,,,,20.31,,
2002-05-29,1.75,3.24,4.41,5.11,5.77,1.87,,,2.3,5.197500000000001,1.63,2.97,,,,20.39,,
2002-05-30,1.75,3.17,4.36,5.06,5.74,1.89,,,2.33,5.25,1.66,3.0,,,,20.61,,
2002-05-31,1.74,3.22,4.37,5.08,5.75,1.86,,,2.315,5.215,1.65,2.98,,,,19.98,-0.623,6.76
2002-06-01,,,,,,,,,,,,,190.2,90.7061,5.8,,,
2002-06-03,1.77,3.19,4.36,5.06,5.76,1.87,,,2.33,5.25,1.66,3.0,,,,23.37,,
2002-06-04,1.76,3.13,4.31,5.04,5.75,1.91,,,2.3449999999999998,5.2675,1.68,3.01,,,,23.89,,
2002-06-05,1.75,3.16,4.35,5.08,5.79,1.92,,,2.33,5.2325,1.67,2.99,,,,22.61,,
2002-06-06,1.74,3.13,4.3,5.04,5.77,1.91,,,2.34,5.2325,1.69,2.99,,,,24.16,,
2002-06-07,1.74,3.16,4.36,5.1,5.81,1.94,,,2.31,5.18,1.66,2.96,,,,23.51,-0.609,6.71
2002-06-10,1.76,3.15,4.34,5.07,5.76,1.92,,,2.3,5.1625000000000005,1.65,2.95,,,,23.72,,
2002-06-11,1.75,3.09,4.29,5.02,5.71,1.93,,,2.3,5.1625000000000005,1.65,2.95,,,,24.45,,
2002-06-12,1.74,3.05,4.24,4.98,5.68,1.93,,,2.3449999999999998,5.25,1.69,3.0,,,,24.15,,
2002-06-13,1.72,3.0,4.2,4.94,5.65,1.94,,,2.3449999999999998,5.25,1.69,3.0,,,,25.02,,
2002-06-14,1.71,2.92,4.1,4.83,5.59,1.91,,,2.37,5.285,1.72,3.02,,,,25.96,-0.589,6.71
2002-06-17,1.74,2.96,4.14,4.89,5.63,1.93,,,2.315,5.197500000000001,1.66,2.97,,,,24.64,,
2002-06-18,1.73,2.93,4.13,4.88,5.62,1.95,,,2.365,5.285,1.71,3.02,,,,24.24,,
2002-06-19,1.71,2.81,4.01,4.76,5.58,1.95,,,2.41,5.355,1.76,3.06,,,,26.06,,
2002-06-20,1.73,2.93,4.11,4.85,5.64,1.92,,,2.385,5.3374999999999995,1.72,3.05,,,,27.48,,
2002-06-21,1.72,2.88,4.06,4.79,5.56,1.91,,,2.3899999999999997,5.3374999999999995,1.73,3.05,,,,27.23,-0.564,6.63
2002-06-24,1.74,2.93,4.13,4.87,5.62,1.94,,,2.3649999999999998,5.302499999999999,1.7,3.03,,,,26.98,,
2002-06-25,1.73,2.92,4.13,4.88,5.64,1.96,,,2.3649999999999998,5.302499999999999,1.7,3.03,,,,27.84,,
2002-06-26,1.7,2.77,3.99,4.75,5.6,1.98,,,2.4450000000000003,5.46,1.77,3.12,,,,28.42,,
2002-06-27,1.7,2.85,4.08,4.84,5.68,1.99,,,2.455,5.495,1.77,3.14,,,,26.29,,
2002-06-28,1.7,2.9,4.09,4.86,5.7,1.96,,,2.44,5.4775,1.75,3.13,,,,25.4,-0.537,6.55
2002-07-01,1.72,2.88,4.08,4.85,5.67,1.97,,,2.45,5.495,1.76,3.14,190.5,90.6769,5.8,27.11,,
2002-07-02,1.72,2.78,3.99,4.77,5.64,1.99,,,2.4850000000000003,5.565,1.79,3.18,,,,28.96,,
2002-07-03,1.72,2.78,4.0,4.78,5.62,2.0,,,2.4699999999999998,5.547499999999999,1.77,3.17,,,,29.42,,
2002-07-04,,,,,,,,,,,,,,,,,,
2002-07-05,1.72,2.9,4.13,4.9,5.7,2.0,,,2.435,5.5125,1.72,3.15,,,,27.11,-0.509,6.57
2002-07-08,1.73,2.84,4.07,4.84,5.66,2.0,,,2.475,5.5825,1.76,3.19,,,,28.25,,
2002-07-09,1.72,2.74,3.98,4.78,5.6,2.04,,,2.485,5.5825,1.78,3.19,,,,30.22,,
2002-07-10,1.72,2.61,3.85,4.66,5.53,2.05,,,2.5300000000000002,5.6175,1.85,3.21,,,,34.1,,
2002-07-11,1.72,2.61,3.86,4.66,5.57,2.05,,,2.525,5.6175,1.84,3.21,,,,33.85,,
2002-07-12,1.71,2.56,3.82,4.63,5.55,2.07,,,2.5500000000000003,5.67,1.86,3.24,,,,32.94,-0.482,6.54
2002-07-15,1.72,2.55,3.85,4.66,5.57,2.11,,,2.5549999999999997,5.705,1.85,3.26,,,,35.03,,
2002-07-16,1.72,2.66,3.93,4.75,5.63,2.09,,,2.54,5.67,1.84,3.24,,,,36.65,,
2002-07-17,1.72,2.63,3.89,4.71,5.62,2.08,,,2.555,5.7225,1.84,3.27,,,,35.45,,
2002-07-18,1.72,2.55,3.82,4.66,5.62,2.11,,,2.59,5.7749999999999995,1.88,3.3,,,,35.12,,
2002-07-19,1.71,2.48,3.76,4.61,5.55,2.13,,,2.57,5.6875,1.89,3.25,,,,38.17,-0.459,6.49
2002-07-22,1.7,2.4,3.65,4.51,5.5,2.11,,,2.62,5.7749999999999995,1.94,3.3,,,,41.87,,
2002-07-23,1.7,2.34,3.59,4.47,5.49,2.13,,,2.65,5.827500000000001,1.97,3.33,,,,44.92,,
2002-07-24,1.69,2.38,3.6,4.49,5.57,2.11,,,2.66,5.8625,1.97,3.35,,,,39.86,,
2002-07-25,1.7,2.28,3.51,4.43,5.54,2.15,,,2.69,5.8625,2.03,3.35,,,,39.27,,
2002-07-26,1.69,2.2,3.46,4.43,5.52,2.23,,,2.71,5.845,2.08,3.34,,,,35.51,-0.438,6.34
2002-07-29,1.72,2.41,3.68,4.62,5.62,2.21,,,2.605,5.6875,1.96,3.25,,,,31.33,,
2002-07-30,1.72,2.44,3.71,4.65,5.59,2.21,,,2.59,5.6175,1.97,3.21,,,,31.92,,
2002-07-31,1.71,2.23,3.53,4.51,5.51,2.28,,,2.635,5.6875,2.02,3.25,,,,32.03,,
2002-08-01,1.68,2.15,3.46,4.47,5.51,2.32,,,2.66,5.7225,2.05,3.27,191.1,90.5762,5.7,36.95,,
2002-08-02,1.63,1.99,3.27,4.33,5.44,2.34,,,2.73,5.845,2.12,3.34,,,,41.29,-0.424,6.43
2002-08-05,1.64,1.93,3.21,4.29,5.41,2.36,,,2.75,5.88,2.14,3.36,,,,45.08,,
2002-08-06,1.65,2.11,3.36,4.42,5.45,2.31,,,2.6799999999999997,5.7749999999999995,2.06,3.3,,,,42.03,,
2002-08-07,1.59,1.98,3.24,4.35,5.44,2.37,,,2.725,5.8625,2.1,3.35,,,,38.73,,
2002-08-08,1.62,2.1,3.35,4.4,5.44,2.3,,,2.705,5.827500000000001,2.08,3.33,,,,36.33,,
2002-08-09,1.62,2.1,3.28,4.27,5.35,2.17,,,2.745,5.88,2.13,3.36,,,,35.33,-0.413,6.31
2002-08-12,1.68,2.1,3.24,4.22,5.29,2.12,,,2.73,5.827500000000001,2.13,3.33,,,,37.05,,
2002-08-13,1.63,2.0,3.15,4.12,5.22,2.12,,,2.785,5.9325,2.18,3.39,,,,35.82,,
2002-08-14,1.64,2.12,3.19,4.06,5.08,1.94,,,2.77,5.8975,2.17,3.37,,,,32.36,,
2002-08-15,1.62,2.22,3.28,4.17,5.17,1.95,,,2.7350000000000003,5.8625,2.12,3.35,,,,29.43,,
2002-08-16,1.62,2.28,3.41,4.32,5.24,2.04,,,2.6849999999999996,5.81,2.05,3.32,,,,28.81,-0.405,6.22
2002-08-19,1.67,2.25,3.4,4.29,5.21,2.04,,,2.69,5.81,2.06,3.32,,,,28.61,,
2002-08-20,1.62,2.12,3.25,4.17,5.14,2.05,,,2.74,5.88,2.12,3.36,,,,29.59,,
2002-08-21,1.63,2.12,3.28,4.2,5.19,2.08,,,2.715,5.81,2.11,3.32,,,,28.23,,
2002-08-22,1.65,2.22,3.37,4.3,5.27,2.08,,,2.675,5.739999999999999,2.07,3.28,,,,27.75,,
2002-08-23,1.65,2.19,3.31,4.25,5.25,2.06,,,2.675,5.7225,2.08,3.27,,,,29.32,-0.397,6.27
2002-08-26,1.68,2.19,3.29,4.22,5.22,2.03,,,2.6950000000000003,5.7575,2.1,3.29,,,,29.89,,
2002-08-27,1.68,2.26,3.37,4.29,5.25,2.03,,,2.6849999999999996,5.739999999999999,2.09,3.28,,,,30.11,,
2002-08-28,1.67,2.23,3.31,4.22,5.21,1.99,,,2.71,5.7749999999999995,2.12,3.3,,,,33.32,,
2002-08-29,1.68,2.14,3.24,4.16,5.18,2.02,,,2.74,5.827500000000001,2.15,3.33,,,,33.67,,
2002-08-30,1.69,2.14,3.22,4.14,5.11,2.0,,,2.73,5.81,2.14,3.32,,,,32.64,-0.389,6.22
2002-09-01,,,,,,,,,,,,,191.3,90.6531,5.7,,,
2002-09-02,,,,,,,,,,,,,,,,,,
2002-09-03,1.64,2.01,3.04,3.98,5.02,1.97,,,2.805,5.9325,2.22,3.39,,,,39.97,,
2002-09-04,1.63,2.02,3.02,3.96,4.98,1.94,,,2.8049999999999997,5.95,2.21,3.4,,,,37.44,,
2002-09-05,1.61,1.95,2.95,3.91,4.98,1.96,,,2.875,6.072500000000001,2.28,3.47,,,,38.86,,
2002-09-06,1.66,2.08,3.1,4.05,5.07,1.97,,,2.815,5.984999999999999,2.21,3.42,,,,36.33,-0.378,6.15
2002-09-09,1.69,2.13,3.11,4.05,5.04,1.92,,,2.805,5.9675,2.2,3.41,,,,36.45,,
2002-09-10,1.68,2.12,3.08,4.0,5.03,1.88,,,2.83,6.0025,2.23,3.43,,,,35.08,,
2002-09-11,1.69,2.18,3.15,4.07,5.08,1.89,,,2.795,5.984999999999999,2.17,3.42,,,,34.81,,
2002-09-12,1.69,2.12,3.07,3.98,5.03,1.86,,,2.83,6.0375000000000005,2.21,3.45,,,,37.5,,
2002-09-13,1.69,2.07,3.0,3.92,4.97,1.85,,,2.835,6.02,2.23,3.44,,,,35.82,-0.368,6.18
2002-09-16,1.71,2.07,3.0,3.9,4.95,1.83,,,2.85,6.072500000000001,2.23,3.47,,,,36.74,,
2002-09-17,1.7,2.06,2.97,3.87,4.96,1.81,,,2.885,6.1425,2.26,3.51,,,,38.01,,
2002-09-18,1.68,2.04,2.96,3.86,4.95,1.82,,,2.8899999999999997,6.1425,2.27,3.51,,,,37.52,,
2002-09-19,1.65,1.93,2.87,3.79,4.9,1.86,,,2.9349999999999996,6.2124999999999995,2.32,3.55,,,,40.65,,
2002-09-20,1.65,1.94,2.86,3.79,4.95,1.85,,,2.955,6.2825,2.32,3.59,,,,38.98,-0.358,6.05
2002-09-23,1.65,1.93,2.76,3.7,4.88,1.77,,,3.0,6.3525,2.37,3.63,,,,39.68,,
2002-09-24,1.65,1.93,2.76,3.69,4.84,1.76,,,3.0,6.3875,2.35,3.65,,,,40.52,,
2002-09-25,1.66,2.0,2.83,3.77,4.91,1.77,,,3.025,6.422499999999999,2.38,3.67,,,,37.33,,
2002-09-26,1.65,1.97,2.86,3.79,4.93,1.82,,,2.995,6.37,2.35,3.64,,,,34.6,,
2002-09-27,1.63,1.82,2.74,3.69,4.91,1.87,,,3.065,6.4925,2.42,3.71,,,,36.97,-0.353,5.99
2002-09-30,1.57,1.72,2.63,3.63,4.88,1.91,,,3.11,6.58,2.46,3.76,,,,39.69,,
2002-10-01,1.59,1.8,2.75,3.72,5.01,1.92,,,3.085,6.545,2.43,3.74,191.5,90.4643,5.7,34.12,,
2002-10-02,1.58,1.75,2.74,3.71,4.98,1.96,,,3.08,6.5275,2.43,3.73,,,,36.83,,
2002-10-03,1.57,1.75,2.74,3.7,4.99,1.95,,,3.105,6.58,2.45,3.76,,,,37.31,,
2002-10-04,1.61,1.78,2.73,3.69,5.0,1.91,,,3.115,6.614999999999999,2.45,3.78,,,,39.46,-0.352,6.01
2002-10-07,1.63,1.77,2.67,3.64,4.98,1.87,,,3.175,6.755,2.49,3.86,,,,42.64,,
2002-10-08,1.61,1.8,2.7,3.65,4.99,1.85,,,3.2,6.8075,2.51,3.89,,,,41.02,,
2002-10-09,1.57,1.72,2.65,3.61,4.95,1.89,,,3.2,6.825,2.5,3.9,,,,42.13,,
2002-10-10,1.58,1.75,2.68,3.68,4.98,1.93,,,3.1799999999999997,6.825,2.46,3.9,,,,37.55,,
2002-10-11,1.58,1.85,2.83,3.83,5.06,1.98,,,3.1399999999999997,6.79,2.4,3.88,,,,35.7,-0.358,5.98
2002-10-14,,,,,,,,,,,,,,,,36.04,,
2002-10-15,1.68,2.08,3.11,4.07,5.22,1.99,,,3.01,6.545,2.28,3.74,,,,34.02,,
2002-10-16,1.66,2.02,3.11,4.06,5.23,2.04,,,3.05,6.5975,2.33,3.77,,,,36.0,,
2002-10-17,1.67,2.1,3.2,4.16,5.31,2.06,,,3.01,6.5275,2.29,3.73,,,,34.1,,
2002-10-18,1.67,2.09,3.17,4.14,5.32,2.05,,,3.035,6.58,2.31,3.76,,,,33.53,-0.37,6.15
2002-10-21,1.71,2.23,3.28,4.24,5.36,2.01,,,2.98,6.4750000000000005,2.26,3.7,,,,33.11,,
2002-10-22,1.69,2.21,3.29,4.27,5.36,2.06,,,2.98,6.4925,2.25,3.71,,,,34.09,,
2002-10-23,1.68,2.2,3.26,4.26,5.39,2.06,,,3.0,6.5275,2.27,3.73,,,,33.2,,
2002-10-24,1.65,2.09,3.18,4.16,5.35,2.07,,,3.045,6.5975,2.32,3.77,,,,34.03,,
2002-10-25,1.64,1.98,3.1,4.12,5.31,2.14,,,3.0599999999999996,6.614999999999999,2.34,3.78,,,,30.0,-0.385,6.31
2002-10-28,1.59,1.88,3.03,4.1,5.35,2.22,,,3.09,6.6675,2.37,3.81,,,,31.07,,
2002-10-29,1.51,1.79,2.89,3.97,5.28,2.18,,,3.135,6.7375,2.42,3.85,,,,32.27,,
2002-10-30,1.51,1.74,2.87,3.99,5.3,2.25,,,3.12,6.702500000000001,2.41,3.83,,,,31.23,,
2002-10-31,1.44,1.68,2.81,3.93,5.28,2.25,,,3.115,6.685,2.41,3.82,,,,31.14,,
2002-11-01,1.43,1.76,2.92,4.01,5.3,2.25,,,3.05,6.58,2.34,3.76,191.9,90.9711,5.9,29.3,-0.403,6.13
2002-11-04,1.43,1.79,3.0,4.07,5.31,2.28,,,3.015,6.510000000000001,2.31,3.72,,,,30.82,,
2002-11-05,1.42,1.82,3.0,4.1,5.33,2.28,,,3.015,6.510000000000001,2.31,3.72,,,,31.23,,
2002-11-06,1.23,1.87,3.01,4.09,5.35,2.22,,,3.015,6.510000000000001,2.31,3.72,,,,30.73,,
2002-11-07,1.22,1.86,2.86,3.88,5.17,2.02,,,3.05,6.5275,2.37,3.73,,,,31.42,,
2002-11-08,1.22,1.87,2.87,3.85,5.05,1.98,,,2.99,6.405,2.32,3.66,,,,29.41,-0.421,6.11
2002-11-11,,,,,,,,,,,,,,,,31.3,,
2002-11-12,1.22,1.79,2.83,3.84,5.05,2.05,,,3.005,6.44,2.33,3.68,,,,30.58,,
2002-11-13,1.21,1.76,2.82,3.84,5.01,2.08,,,3.0,6.422499999999999,2.33,3.67,,,,31.24,,
2002-11-14,1.22,1.89,3.01,4.03,5.16,2.14,,,2.91,6.265000000000001,2.24,3.58,,,,28.67,,
2002-11-15,1.22,1.91,3.05,4.05,5.12,2.14,,,2.885,6.195,2.23,3.54,,,,26.65,-0.436,5.94
2002-11-18,1.23,1.91,3.04,4.02,5.1,2.11,,,2.875,6.16,2.23,3.52,,,,27.66,,
2002-11-19,1.21,1.91,3.02,3.99,5.06,2.08,,,2.87,6.125,2.24,3.5,,,,27.41,,
2002-11-20,1.22,1.98,3.13,4.08,5.14,2.1,,,2.8449999999999998,6.09,2.21,3.48,,,,25.32,,
2002-11-21,1.22,2.05,3.2,4.14,5.2,2.09,,,2.835,6.055,2.21,3.46,,,,23.81,,
2002-11-22,1.23,2.1,3.26,4.18,5.22,2.08,,,2.805,6.0025,2.18,3.43,,,,23.16,-0.447,6.03
2002-11-25,1.24,2.09,3.26,4.19,5.23,2.1,,,2.8,5.984999999999999,2.18,3.42,,,,24.07,,
2002-11-26,1.22,1.97,3.14,4.08,5.15,2.11,,,2.835,6.0375000000000005,2.22,3.45,,,,25.97,,
2002-11-27,1.23,2.13,3.34,4.26,5.28,2.13,,,2.7800000000000002,5.9325,2.17,3.39,,,,27.25,,
2002-11-28,,,,,,,,,,,,,,,,,,
2002-11-29,1.22,2.08,3.28,4.22,5.23,2.14,,,2.775,5.915,2.17,3.38,,,,27.5,-0.453,6.13
2002-12-01,,,,,,,,,,,,,192.1,90.4652,6.0,,,
2002-12-02,1.24,2.07,3.31,4.22,5.22,2.15,,,2.765,5.8975,2.16,3.37,,,,27.46,,
2002-12-03,1.23,2.08,3.33,4.24,5.23,2.16,,,2.75,5.8625,2.15,3.35,,,,28.33,,
2002-12-04,1.22,2.02,3.25,4.18,5.19,2.16,,,2.755,5.915,2.13,3.38,,,,28.92,,
2002-12-05,1.22,1.97,3.19,4.13,5.16,2.16,,,2.76,5.915,2.14,3.38,,,,30.1,,
2002-12-06,1.21,1.89,3.13,4.09,5.15,2.2,,,2.8049999999999997,5.984999999999999,2.19,3.42,,,,28.88,-0.456,6.19
2002-12-09,1.23,1.88,3.08,4.06,5.12,2.18,,,2.8,5.984999999999999,2.18,3.42,,,,30.78,,
2002-12-10,1.21,1.9,3.07,4.06,5.09,2.16,,,2.7800000000000002,5.95,2.16,3.4,,,,28.76,,
2002-12-11,1.21,1.85,3.02,4.01,5.04,2.16,,,2.77,5.95,2.14,3.4,,,,27.76,,
2002-12-12,1.21,1.85,3.03,4.01,5.07,2.16,,,2.785,5.984999999999999,2.15,3.42,,,,27.29,,
2002-12-13,1.21,1.87,3.08,4.07,5.15,2.2,,,2.785,5.984999999999999,2.15,3.42,,,,28.18,-0.459,6.04
2002-12-16,1.23,1.94,3.14,4.15,5.21,2.21,,,2.745,5.8975,2.12,3.37,,,,26.24,,
2002-12-17,1.22,1.89,3.11,4.13,5.24,2.24,,,2.76,5.8975,2.15,3.37,,,,26.66,,
2002-12-18,1.21,1.81,3.03,4.06,5.2,2.25,,,2.795,5.95,2.19,3.4,,,,28.29,,
2002-12-19,1.21,1.74,2.91,3.96,5.15,2.22,,,2.83,6.02,2.22,3.44,,,,30.21,,
2002-12-20,1.21,1.76,2.93,3.97,5.12,2.21,,,2.81,5.984999999999999,2.2,3.42,,,,26.71,-0.463,6.03
2002-12-23,1.19,1.79,2.95,3.98,5.13,2.19,,,2.8200000000000003,6.02,2.2,3.44,,,,26.2,,
2002-12-24,1.19,1.73,2.92,3.95,5.11,2.22,,,2.825,6.02,2.21,3.44,,,,26.49,,
2002-12-25,,,,,,,,,,,,,,,,,,
2002-12-26,1.18,1.7,2.89,3.93,5.11,2.23,,,2.835,6.0375000000000005,2.22,3.45,,,,27.37,,
2002-12-27,1.16,1.6,2.79,3.83,5.06,2.23,,,2.87,6.1075,2.25,3.49,,,,29.55,-0.47,5.93
2002-12-30,1.22,1.61,2.76,3.82,5.02,2.21,,,2.865,6.09,2.25,3.48,,,,29.62,,
2002-12-31,1.22,1.61,2.78,3.83,5.03,2.22,,,2.87,6.09,2.26,3.48,,,,28.62,,
2003-01-01,,,,,,,,,,,,,192.4,91.2361,5.8,,,
2003-01-02,1.22,1.8,3.05,4.07,5.18,2.27,2.43,1.64,2.765,5.8975,2.16,3.37,,,,25.39,,
2003-01-03,1.22,1.79,3.03,4.05,5.18,2.26,2.43,1.62,2.785,5.9325,2.18,3.39,,,,24.68,-0.481,5.85
2003-01-06,1.21,1.84,3.1,4.09,5.2,2.25,2.46,1.63,2.76,5.915,2.14,3.38,,,,24.91,,
2003-01-07,1.19,1.77,3.04,4.04,5.18,2.27,2.42,1.62,2.785,5.9325,2.18,3.39,,,,25.13,,
2003-01-08,1.19,1.71,3.01,4.0,5.13,2.29,2.29,1.71,2.765,5.8625,2.18,3.35,,,,25.53,,
2003-01-09,1.2,1.87,3.23,4.19,5.27,2.32,2.41,1.78,2.7,5.7575,2.11,3.29,,,,24.25,,
2003-01-10,1.2,1.79,3.2,4.16,5.24,2.37,2.41,1.75,2.715,5.7925,2.12,3.31,,,,24.32,-0.494,5.95
2003-01-13,1.21,1.81,3.17,4.15,5.23,2.34,2.38,1.77,2.7,5.7575,2.11,3.29,,,,24.9,,
2003-01-14,1.19,1.76,3.1,4.1,5.19,2.34,2.34,1.76,2.7199999999999998,5.7925,2.13,3.31,,,,24.57,,
2003-01-15,1.2,1.75,3.1,4.1,5.17,2.35,2.3,1.8,2.705,5.7575,2.12,3.29,,,,25.51,,
2003-01-16,1.18,1.75,3.11,4.1,5.16,2.35,2.31,1.79,2.7,5.7575,2.11,3.29,,,,25.01,,
2003-01-17,1.18,1.7,3.05,4.05,5.13,2.35,2.25,1.8,2.71,5.7575,2.13,3.29,,,,25.7,-0.507,5.97
2003-01-20,,,,,,,,,,,,,,,,,,
2003-01-21,1.19,1.67,3.0,4.01,5.11,2.34,2.23,1.78,2.715,5.7925,2.12,3.31,,,,27.59,,
2003-01-22,1.17,1.66,2.94,3.95,5.07,2.29,2.23,1.72,2.74,5.827500000000001,2.15,3.33,,,,29.01,,
2003-01-23,1.17,1.69,2.97,3.98,5.08,2.29,2.2,1.78,2.7350000000000003,5.827500000000001,2.14,3.33,,,,27.53,,
2003-01-24,1.16,1.66,2.93,3.94,5.05,2.28,2.14,1.8,2.74,5.827500000000001,2.15,3.33,,,,31.51,-0.516,5.91
2003-01-27,1.17,1.7,2.97,3.98,5.06,2.28,2.16,1.82,2.705,5.7225,2.14,3.27,,,,34.69,,
2003-01-28,1.18,1.7,2.99,4.0,5.06,2.3,2.19,1.81,2.675,5.6525,2.12,3.23,,,,31.93,,
2003-01-29,1.18,1.77,3.07,4.06,5.11,2.29,2.21,1.85,2.605,5.565,2.03,3.18,,,,31.26,,
2003-01-30,1.18,1.7,3.02,4.0,5.06,2.3,2.2,1.8,2.625,5.5825,2.06,3.19,,,,31.32,,
2003-01-31,1.18,1.72,3.02,4.0,5.03,2.28,2.19,1.81,2.6,5.53,2.04,3.16,,,,31.17,-0.523,5.9
2003-02-01,,,,,,,,,,,,,192.5,91.3445,5.9,,,
2003-02-03,1.18,1.72,3.05,4.01,5.01,2.29,2.2,1.81,2.58,5.495,2.02,3.14,,,,31.02,,
2003-02-04,1.16,1.68,2.99,3.96,4.99,2.28,2.12,1.84,2.5700000000000003,5.46,2.02,3.12,,,,32.76,,
2003-02-05,1.18,1.73,3.07,4.02,5.02,2.29,2.12,1.9,2.545,5.4425,1.98,3.11,,,,33.04,,
2003-02-06,1.17,1.68,3.02,3.97,4.99,2.29,2.09,1.88,2.555,5.46,1.99,3.12,,,,33.35,,
2003-02-07,1.17,1.63,2.97,3.96,4.98,2.33,2.07,1.89,2.5549999999999997,5.4425,2.0,3.11,,,,34.01,-0.527,5.88
2003-02-10,1.17,1.68,3.03,3.99,5.04,2.31,2.06,1.93,2.5549999999999997,5.4425,2.0,3.11,,,,33.99,,
2003-02-11,1.18,1.65,3.0,3.98,5.06,2.33,2.05,1.93,2.56,5.4775,1.99,3.13,,,,33.68,,
2003-02-12,1.18,1.62,2.92,3.93,5.08,2.31,2.04,1.89,2.6,5.53,2.04,3.16,,,,34.33,,
2003-02-13,1.17,1.57,2.85,3.89,5.04,2.32,2.01,1.88,2.61,5.547499999999999,2.05,3.17,,,,33.7,,
2003-02-14,1.18,1.62,2.91,3.95,5.09,2.33,2.03,1.92,2.6,5.53,2.04,3.16,,,,32.62,-0.53,5.86
2003-02-17,,,,,,,,,,,,,,,,,,
2003-02-18,1.19,1.66,2.92,3.94,5.1,2.28,2.05,1.89,2.6,5.53,2.04,3.16,,,,31.11,,
2003-02-19,1.18,1.61,2.87,3.88,5.04,2.27,1.99,1.89,2.615,5.53,2.07,3.16,,,,31.31,,
2003-02-20,1.19,1.59,2.82,3.85,5.04,2.26,1.91,1.94,2.63,5.565,2.08,3.18,,,,31.16,,
2003-02-21,1.19,1.63,2.86,3.9,5.08,2.27,1.93,1.97,2.615,5.53,2.07,3.16,,,,30.25,-0.533,5.84
2003-02-24,1.21,1.6,2.82,3.86,5.05,2.26,1.87,1.99,2.63,5.547499999999999,2.09,3.17,,,,31.98,,
2003-02-25,1.2,1.58,2.77,3.81,5.01,2.23,1.84,1.97,2.645,5.565,2.11,3.18,,,,31.74,,
2003-02-26,1.21,1.57,2.75,3.78,4.97,2.21,1.84,1.94,2.645,5.565,2.11,3.18,,,,31.94,,
2003-02-27,1.21,1.58,2.75,3.76,4.98,2.18,1.82,1.94,2.6500000000000004,5.6000000000000005,2.1,3.2,,,,30.53,,
2003-02-28,1.2,1.53,2.69,3.71,4.9,2.18,1.77,1.94,2.665,5.6175,2.12,3.21,,,,29.63,-0.537,5.79
2003-03-01,,,,,,,,,,,,,192.5,91.1044,5.9,,,
2003-03-03,1.2,1.52,2.66,3.68,4.92,2.16,1.77,1.91,2.69,5.6525,2.15,3.23,,,,30.43,,
2003-03-04,1.19,1.49,2.62,3.65,4.91,2.16,1.77,1.88,2.71,5.6875,2.17,3.25,,,,31.83,,
2003-03-05,1.18,1.46,2.58,3.63,4.9,2.17,1.75,1.88,2.715,5.6875,2.18,3.25,,,,30.38,,
2003-03-06,1.18,1.47,2.63,3.67,4.93,2.2,1.74,1.93,2.7,5.67,2.16,3.24,,,,31.37,,
2003-03-07,1.12,1.39,2.56,3.63,4.9,2.24,1.72,1.91,2.7249999999999996,5.705,2.19,3.26,,,,31.08,-0.543,5.67
2003-03-10,1.08,1.35,2.51,3.59,4.9,2.24,1.69,1.9,2.755,5.7575,2.22,3.29,,,,33.31,,
2003-03-11,1.1,1.38,2.54,3.6,4.9,2.22,1.68,1.92,2.74,5.739999999999999,2.2,3.28,,,,33.61,,
2003-03-12,1.1,1.45,2.57,3.6,4.85,2.15,1.68,1.92,2.7199999999999998,5.705,2.18,3.26,,,,33.51,,
2003-03-13,1.12,1.59,2.75,3.74,4.95,2.15,1.73,2.01,2.66,5.6175,2.11,3.21,,,,31.76,,
2003-03-14,1.13,1.56,2.72,3.72,4.93,2.16,1.89,1.83,2.67,5.635000000000001,2.12,3.22,,,,30.98,-0.553,5.61
2003-03-17,1.15,1.63,2.82,3.82,5.0,2.19,1.97,1.85,2.63,5.547499999999999,2.09,3.17,,,,31.75,,
2003-03-18,1.14,1.72,2.93,3.91,5.07,2.19,2.08,1.83,2.575,5.4425,2.04,3.11,,,,30.43,,
2003-03-19,1.16,1.72,2.98,3.98,5.14,2.26,2.15,1.83,2.52,5.32,2.0,3.04,,,,31.54,,
2003-03-20,1.17,1.75,3.02,4.01,5.17,2.26,2.2,1.81,2.535,5.3374999999999995,2.02,3.05,,,,30.44,,
2003-03-21,1.18,1.8,3.12,4.11,5.23,2.31,2.29,1.82,2.475,5.2325,1.96,2.99,,,,28.67,-0.568,5.79
2003-03-24,1.17,1.71,2.98,3.98,5.15,2.27,2.18,1.8,2.525,5.302499999999999,2.02,3.03,,,,30.39,,
2003-03-25,1.18,1.69,2.97,3.97,5.15,2.28,2.17,1.8,2.5300000000000002,5.32,2.02,3.04,,,,28.75,,
2003-03-26,1.18,1.68,2.94,3.96,5.17,2.28,2.15,1.81,2.495,5.2675,1.98,3.01,,,,28.23,,
2003-03-27,1.16,1.62,2.92,3.95,5.17,2.33,2.1,1.85,2.48,5.25,1.96,3.0,,,,27.96,,
2003-03-28,1.14,1.56,2.86,3.92,5.16,2.36,2.09,1.83,2.48,5.2675,1.95,3.01,,,,27.75,-0.587,5.91
2003-03-31,1.14,1.51,2.78,3.83,5.07,2.32,2.03,1.8,2.49,5.32,1.94,3.04,,,,29.15,,
2003-04-01,1.12,1.5,2.78,3.84,5.06,2.34,2.02,1.82,2.475,5.285,1.93,3.02,192.5,90.5617,6.0,28.36,,
2003-04-02,1.13,1.6,2.89,3.94,5.15,2.34,2.11,1.83,2.44,5.215,1.9,2.98,,,,28.02,,
2003-04-03,1.11,1.55,2.87,3.93,5.16,2.38,2.12,1.81,2.455,5.2675,1.9,3.01,,,,28.21,,
2003-04-04,1.11,1.55,2.88,3.96,5.2,2.41,2.16,1.8,2.43,5.2325,1.87,2.99,,,,29.13,-0.611,5.79
2003-04-07,1.17,1.65,2.99,4.03,5.24,2.38,2.21,1.82,2.395,5.1625000000000005,1.84,2.95,,,,28.45,,
2003-04-08,1.15,1.59,2.91,3.95,5.16,2.36,2.18,1.77,2.41,5.197500000000001,1.85,2.97,,,,27.13,,
2003-04-09,1.13,1.55,2.87,3.93,5.15,2.38,2.13,1.8,2.41,5.197500000000001,1.85,2.97,,,,27.11,,
2003-04-10,1.14,1.6,2.89,3.95,5.17,2.35,2.16,1.79,2.4050000000000002,5.18,1.85,2.96,,,,25.6,,
2003-04-11,1.17,1.65,2.95,4.0,5.19,2.35,2.23,1.77,2.375,5.1275,1.82,2.93,,,,24.44,-0.636,5.85
2003-04-14,1.2,1.74,3.02,4.04,5.2,2.3,2.22,1.82,2.365,5.109999999999999,1.81,2.92,,,,23.41,,
2003-04-15,1.18,1.69,2.96,3.98,5.19,2.29,2.18,1.8,2.375,5.109999999999999,1.83,2.92,,,,22.56,,
2003-04-16,1.17,1.67,2.95,3.96,5.13,2.29,2.2,1.76,2.36,5.075,1.82,2.9,,,,22.52,,
2003-04-17,1.18,1.71,2.99,3.98,5.12,2.27,2.22,1.76,2.32,5.005,1.78,2.86,,,,21.5,,
2003-04-18,,,,,,,,,,,,,,,,,-0.66,5.82
2003-04-21,1.18,1.71,3.03,4.0,5.13,2.29,2.25,1.75,2.29,4.97,1.74,2.84,,,,21.95,,
2003-04-22,1.18,1.7,3.01,4.01,5.12,2.31,2.27,1.74,2.275,4.952500000000001,1.72,2.83,,,,20.7,,
2003-04-23,1.17,1.7,3.02,4.02,5.1,2.32,2.26,1.76,2.235,4.8825,1.68,2.79,,,,20.8,,
2003-04-24,1.15,1.62,2.92,3.93,5.05,2.31,2.22,1.71,2.245,4.8999999999999995,1.69,2.8,,,,20.33,,
2003-04-25,1.14,1.57,2.88,3.91,5.04,2.34,2.18,1.73,2.255,4.935,1.69,2.82,,,,20.8,-0.682,5.79
2003-04-28,1.14,1.59,2.9,3.92,5.04,2.33,2.16,1.76,2.2199999999999998,4.8825,1.65,2.79,,,,20.84,,
2003-04-29,1.15,1.62,2.94,3.96,5.07,2.34,2.22,1.74,2.21,4.8475,1.65,2.77,,,,20.76,,
2003-04-30,1.13,1.51,2.85,3.89,5.0,2.38,2.16,1.73,2.1999999999999997,4.83,1.64,2.76,,,,21.21,,
2003-05-01,1.1,1.5,2.82,3.88,5.01,2.38,2.13,1.75,2.215,4.8475,1.66,2.77,192.9,90.537,6.1,21.59,,
2003-05-02,1.12,1.56,2.9,3.94,5.05,2.38,2.19,1.75,2.165,4.7775,1.6,2.73,,,,20.63,-0.698,5.7
2003-05-05,1.13,1.55,2.87,3.92,5.03,2.37,2.19,1.73,2.1550000000000002,4.7425,1.6,2.71,,,,21.13,,
2003-05-06,1.1,1.45,2.76,3.84,5.02,2.39,2.17,1.67,2.185,4.795,1.63,2.74,,,,20.8,,
2003-05-07,1.11,1.45,2.64,3.72,4.96,2.27,2.02,1.7,2.23,4.864999999999999,1.68,2.78,,,,21.0,,
2003-05-08,1.09,1.49,2.62,3.7,4.96,2.21,2.0,1.7,2.16,4.672499999999999,1.65,2.67,,,,21.24,,
2003-05-09,1.11,1.45,2.61,3.69,4.95,2.24,2.0,1.69,2.24,4.9175,1.67,2.81,,,,19.69,-0.708,5.62
2003-05-12,1.1,1.46,2.58,3.64,4.91,2.18,1.96,1.68,2.26,4.952500000000001,1.69,2.83,,,,19.52,,
2003-05-13,1.09,1.47,2.58,3.63,4.92,2.16,1.94,1.69,2.255,4.952500000000001,1.68,2.83,,,,19.91,,
2003-05-14,1.06,1.41,2.47,3.53,4.76,2.12,1.87,1.66,2.25,4.952500000000001,1.67,2.83,,,,20.0,,
2003-05-15,1.06,1.46,2.52,3.53,4.69,2.07,1.86,1.67,2.235,4.952500000000001,1.64,2.83,,,,19.24,,
2003-05-16,1.05,1.38,2.43,3.46,4.67,2.08,1.84,1.62,2.255,4.97,1.67,2.84,,,,18.4,-0.712,5.45
2003-05-19,1.05,1.35,2.41,3.46,4.67,2.11,1.85,1.61,2.26,5.005,1.66,2.86,,,,20.51,,
2003-05-20,1.04,1.31,2.34,3.38,4.59,2.07,1.73,1.65,2.255,5.005,1.65,2.86,,,,21.29,,
2003-05-21,1.06,1.38,2.37,3.39,4.54,2.01,1.73,1.66,2.225,5.005,1.59,2.86,,,,21.21,,
2003-05-22,1.08,1.36,2.32,3.34,4.5,1.98,1.71,1.63,2.245,4.9875,1.64,2.85,,,,19.78,,
2003-05-23,1.08,1.38,2.33,3.34,4.44,1.96,1.72,1.62,2.205,4.9175,1.6,2.81,,,,19.17,-0.712,5.34
2003-05-26,,,,,,,,,,,,,,,,,,
2003-05-27,1.09,1.33,2.34,3.41,4.57,2.08,1.8,1.61,2.23,4.952500000000001,1.63,2.83,,,,19.99,,
2003-05-28,1.12,1.35,2.35,3.44,4.63,2.09,1.83,1.61,2.24,4.952500000000001,1.65,2.83,,,,20.03,,
2003-05-29,1.1,1.3,2.27,3.34,4.56,2.04,1.76,1.58,2.2800000000000002,5.0225,1.69,2.87,,,,20.43,,
2003-05-30,1.11,1.33,2.3,3.37,4.59,2.04,1.77,1.6,2.26,4.9875,1.67,2.85,,,,19.47,-0.711,5.31
2003-06-01,,,,,,,,,,,,,193.0,90.6527,6.3,,,
2003-06-02,1.14,1.33,2.37,3.43,4.64,2.1,1.83,1.6,2.25,4.9875,1.65,2.85,,,,20.85,,
2003-06-03,1.08,1.2,2.25,3.34,4.59,2.14,1.76,1.58,2.275,5.04,1.67,2.88,,,,20.84,,
2003-06-04,1.05,1.2,2.19,3.3,4.58,2.1,1.73,1.57,2.255,5.0225,1.64,2.87,,,,20.62,,
2003-06-05,1.04,1.25,2.25,3.34,4.63,2.09,1.75,1.59,2.255,5.0225,1.64,2.87,,,,20.83,,
2003-06-06,1.05,1.27,2.29,3.37,4.66,2.1,1.76,1.61,2.215,4.952500000000001,1.6,2.83,,,,21.25,-0.709,5.26
2003-06-09,1.03,1.19,2.2,3.29,4.6,2.1,1.68,1.61,2.255,5.0225,1.64,2.87,,,,22.15,,
2003-06-10,0.97,1.13,2.12,3.2,4.51,2.07,1.61,1.59,2.27,5.0575,1.65,2.89,,,,20.64,,
2003-06-11,0.94,1.16,2.16,3.21,4.49,2.05,1.62,1.59,2.25,5.0225,1.63,2.87,,,,20.21,,
2003-06-12,0.92,1.13,2.1,3.18,4.47,2.05,1.57,1.61,2.255,5.04,1.63,2.88,,,,20.41,,
2003-06-13,0.86,1.1,2.08,3.13,4.42,2.03,1.51,1.62,2.255,5.04,1.63,2.88,,,,20.66,-0.708,5.21
2003-06-16,0.87,1.18,2.14,3.18,4.47,2.0,1.59,1.59,2.25,5.0225,1.63,2.87,,,,20.22,,
2003-06-17,0.9,1.25,2.26,3.27,4.55,2.02,1.7,1.57,2.2350000000000003,4.9875,1.62,2.85,,,,20.01,,
2003-06-18,0.89,1.27,2.34,3.37,4.64,2.1,1.79,1.58,2.175,4.952500000000001,1.52,2.83,,,,19.76,,
2003-06-19,0.81,1.17,2.28,3.35,4.66,2.18,1.74,1.61,2.265,5.0225,1.66,2.87,,,,19.8,,
2003-06-20,0.83,1.22,2.31,3.4,4.7,2.18,1.77,1.63,2.255,5.005,1.65,2.86,,,,19.14,-0.71,5.21
2003-06-23,0.85,1.17,2.24,3.32,4.64,2.15,1.71,1.61,2.275,5.04,1.67,2.88,,,,20.58,,
2003-06-24,0.83,1.14,2.21,3.29,4.6,2.15,1.68,1.61,2.26,5.0225,1.65,2.87,,,,20.75,,
2003-06-25,0.92,1.3,2.32,3.38,4.69,2.08,1.71,1.67,2.25,4.9875,1.65,2.85,,,,20.81,,
2003-06-26,0.91,1.41,2.49,3.55,4.81,2.14,1.85,1.7,2.2,4.8999999999999995,1.6,2.8,,,,19.4,,
2003-06-27,0.87,1.38,2.52,3.58,4.83,2.2,1.9,1.68,2.205,4.8999999999999995,1.61,2.8,,,,19.16,-0.712,5.24
2003-06-30,0.9,1.32,2.46,3.54,4.81,2.22,1.9,1.64,2.215,4.9175,1.62,2.81,,,,19.52,,
2003-07-01,0.89,1.3,2.48,3.56,4.86,2.26,1.92,1.64,2.2199999999999998,4.9175,1.63,2.81,193.4,91.1185,6.2,19.46,,
2003-07-02,0.87,1.3,2.47,3.56,4.83,2.26,1.96,1.6,2.18,4.8125,1.61,2.75,,,,19.03,,
2003-07-03,0.87,1.32,2.55,3.67,4.93,2.35,2.09,1.58,2.16,4.760000000000001,1.6,2.72,,,,19.39,,
2003-07-04,,,,,,,,,,,,,,,,,-0.715,5.4
2003-07-07,0.92,1.36,2.63,3.74,4.98,2.38,2.14,1.6,2.14,4.7250000000000005,1.58,2.7,,,,20.06,,
2003-07-08,0.92,1.39,2.65,3.75,4.95,2.36,2.12,1.63,2.125,4.69,1.57,2.68,,,,19.48,,
2003-07-09,0.9,1.37,2.63,3.73,4.93,2.36,2.0,1.73,2.125,4.69,1.57,2.68,,,,18.93,,
2003-07-10,0.89,1.33,2.59,3.7,4.94,2.37,1.94,1.76,2.1550000000000002,4.7425,1.6,2.71,,,,19.19,,
2003-07-11,0.89,1.29,2.52,3.66,4.94,2.37,1.88,1.78,2.175,4.7775,1.62,2.73,,,,18.47,-0.717,5.52
2003-07-14,0.91,1.35,2.6,3.74,4.98,2.39,1.92,1.82,2.17,4.760000000000001,1.62,2.72,,,,19.59,,
2003-07-15,0.92,1.45,2.81,3.94,5.12,2.49,2.06,1.88,2.115,4.655,1.57,2.66,,,,19.55,,
2003-07-16,0.91,1.49,2.87,3.97,5.1,2.48,2.08,1.89,2.06,4.585,1.5,2.62,,,,19.76,,
2003-07-17,0.9,1.47,2.88,3.98,5.08,2.51,2.05,1.93,2.05,4.5675,1.49,2.61,,,,20.22,,
2003-07-18,0.91,1.51,2.93,4.0,5.09,2.49,2.04,1.96,2.035,4.5675,1.46,2.61,,,,19.11,-0.715,5.67
2003-07-21,0.93,1.61,3.1,4.19,5.25,2.58,2.21,1.98,2.0,4.4975,1.43,2.57,,,,19.78,,
2003-07-22,0.93,1.57,3.07,4.17,5.23,2.6,2.19,1.98,1.99,4.48,1.42,2.56,,,,19.17,,
2003-07-23,0.93,1.54,3.04,4.12,5.2,2.58,2.11,2.01,2.025,4.5325,1.46,2.59,,,,18.64,,
2003-07-24,0.93,1.54,3.08,4.2,5.25,2.66,2.18,2.02,1.9899999999999998,4.4624999999999995,1.43,2.55,,,,18.6,,
2003-07-25,0.93,1.52,3.1,4.22,5.31,2.7,2.14,2.08,2.005,4.4975,1.44,2.57,,,,17.75,-0.71,5.94
2003-07-28,0.97,1.61,3.21,4.31,5.39,2.7,2.27,2.04,2.015,4.515000000000001,1.45,2.58,,,,18.36,,
2003-07-29,0.99,1.67,3.33,4.42,5.46,2.75,2.38,2.04,1.9849999999999999,4.4624999999999995,1.42,2.55,,,,18.67,,
2003-07-30,0.98,1.64,3.27,4.34,5.43,2.7,2.32,2.02,1.9949999999999999,4.4624999999999995,1.44,2.55,,,,18.85,,
2003-07-31,0.96,1.8,3.38,4.49,5.56,2.69,2.41,2.08,2.02,4.515000000000001,1.46,2.58,,,,19.49,,
2003-08-01,0.95,1.85,3.37,4.44,5.47,2.59,2.4,2.04,2.0,4.4975,1.43,2.57,193.6,90.9197,6.1,20.75,-0.7,6.14
2003-08-04,0.97,1.71,3.24,4.35,5.47,2.64,2.34,2.01,2.05,4.585,1.48,2.62,,,,21.27,,
2003-08-05,0.96,1.88,3.37,4.47,5.51,2.59,2.43,2.04,2.045,4.585,1.47,2.62,,,,22.68,,
2003-08-06,0.95,1.78,3.25,4.32,5.42,2.54,2.34,1.98,2.06,4.62,1.48,2.64,,,,21.5,,
2003-08-07,0.95,1.74,3.19,4.3,5.4,2.56,2.29,2.01,2.06,4.62,1.48,2.64,,,,20.26,,
2003-08-08,0.96,1.72,3.17,4.27,5.4,2.55,2.27,2.0,2.11,4.7075,1.53,2.69,,,,19.59,-0.691,6.34
2003-08-11,0.96,1.81,3.26,4.38,5.47,2.57,2.31,2.07,2.035,4.5675,1.46,2.61,,,,19.75,,
2003-08-12,0.95,1.71,3.23,4.37,5.49,2.66,2.29,2.08,2.0549999999999997,4.6025,1.48,2.63,,,,17.94,,
2003-08-13,0.96,1.86,3.43,4.58,5.6,2.72,2.41,2.17,1.99,4.48,1.42,2.56,,,,18.77,,
2003-08-14,0.96,1.86,3.42,4.55,5.57,2.69,2.38,2.17,2.025,4.5325,1.46,2.59,,,,18.47,,
2003-08-15,0.95,1.85,3.42,4.55,5.57,2.7,2.36,2.19,1.9849999999999999,4.4624999999999995,1.42,2.55,,,,18.27,-0.681,6.24
2003-08-18,0.96,1.87,3.37,4.49,5.5,2.62,2.33,2.16,2.025,4.55,1.45,2.6,,,,18.18,,
2003-08-19,0.96,1.81,3.27,4.38,5.41,2.57,2.24,2.14,2.035,4.5675,1.46,2.61,,,,17.86,,
2003-08-20,0.96,1.84,3.35,4.45,5.42,2.61,2.26,2.19,2.0,4.48,1.44,2.56,,,,17.82,,
2003-08-21,0.97,1.98,3.51,4.53,5.43,2.55,2.29,2.24,1.9449999999999998,4.3925,1.38,2.51,,,,17.84,,
2003-08-22,0.98,1.97,3.47,4.48,5.4,2.51,2.26,2.22,1.9300000000000002,4.3575,1.37,2.49,,,,18.55,-0.673,6.28
2003-08-25,1.02,2.02,3.52,4.53,5.4,2.51,2.31,2.22,1.94,4.375,1.38,2.5,,,,19.53,,
2003-08-26,1.01,1.96,3.5,4.5,5.39,2.54,2.28,2.22,1.935,4.3575,1.38,2.49,,,,19.49,,
2003-08-27,1.0,2.05,3.55,4.54,5.4,2.49,2.36,2.18,1.9200000000000002,4.322500000000001,1.37,2.47,,,,19.13,,
2003-08-28,0.99,1.93,3.42,4.42,5.34,2.49,2.29,2.13,1.945,4.3575,1.4,2.49,,,,18.48,,
2003-08-29,0.98,1.95,3.46,4.45,5.3,2.5,2.29,2.16,1.92,4.305,1.38,2.46,,,,18.63,-0.668,6.32
2003-09-01,,,,,,,,,,,,,193.7,91.5059,6.1,,,
2003-09-02,0.98,2.04,3.63,4.61,5.38,2.57,2.43,2.18,1.855,4.1825,1.32,2.39,,,,19.02,,
2003-09-03,0.97,2.02,3.61,4.6,5.41,2.58,2.4,2.2,1.87,4.2,1.34,2.4,,,,19.44,,
2003-09-04,0.97,1.91,3.5,4.52,5.4,2.61,2.32,2.2,1.9249999999999998,4.305,1.39,2.46,,,,18.71,,
2003-09-05,0.96,1.72,3.28,4.35,5.32,2.63,2.17,2.18,1.9849999999999999,4.41,1.45,2.52,,,,18.17,-0.666,6.44
2003-09-08,0.97,1.75,3.32,4.41,5.36,2.66,2.24,2.17,1.9449999999999998,4.34,1.41,2.48,,,,18.26,,
2003-09-09,0.96,1.71,3.28,4.37,5.36,2.66,2.21,2.16,1.9899999999999998,4.427499999999999,1.45,2.53,,,,18.85,,
2003-09-10,0.96,1.64,3.18,4.28,5.3,2.64,2.18,2.1,2.01,4.4624999999999995,1.47,2.55,,,,20.01,,
2003-09-11,0.96,1.71,3.24,4.35,5.35,2.64,2.22,2.13,1.94,4.34,1.4,2.48,,,,19.25,,
2003-09-12,0.96,1.66,3.15,4.27,5.33,2.61,2.18,2.09,2.025,4.48,1.49,2.56,,,,18.68,-0.668,6.16
2003-09-15,0.96,1.63,3.12,4.28,5.35,2.65,2.18,2.1,2.0149999999999997,4.4624999999999995,1.48,2.55,,,,19.28,,
2003-09-16,0.93,1.63,3.12,4.29,5.34,2.66,2.26,2.03,2.04,4.4975,1.51,2.57,,,,18.03,,
2003-09-17,0.95,1.63,3.06,4.2,5.26,2.57,2.2,2.0,2.035,4.48,1.51,2.56,,,,18.15,,
2003-09-18,0.96,1.68,3.09,4.19,5.23,2.51,2.18,2.01,2.02,4.445,1.5,2.54,,,,17.57,,
2003-09-19,0.95,1.7,3.11,4.17,5.2,2.47,2.17,2.0,2.0,4.41,1.48,2.52,,,,17.54,-0.674,6.01
2003-09-22,0.95,1.7,3.16,4.26,5.28,2.56,2.21,2.05,1.995,4.41,1.47,2.52,,,,19.65,,
2003-09-23,0.93,1.68,3.13,4.24,5.24,2.56,2.19,2.05,1.95,4.375,1.4,2.5,,,,19.47,,
2003-09-24,0.95,1.66,3.07,4.16,5.17,2.5,2.13,2.03,1.955,4.375,1.41,2.5,,,,21.22,,
2003-09-25,0.94,1.65,3.05,4.12,5.17,2.47,2.07,2.05,1.97,4.41,1.42,2.52,,,,22.26,,
2003-09-26,0.94,1.6,2.95,4.04,5.11,2.44,1.99,2.05,2.0,4.4624999999999995,1.45,2.55,,,,22.23,-0.68,5.98
2003-09-29,0.96,1.61,2.98,4.09,5.16,2.48,2.03,2.06,2.01,4.48,1.46,2.56,,,,21.67,,
2003-09-30,0.95,1.5,2.85,3.96,5.07,2.46,1.95,2.01,2.02,4.4975,1.47,2.57,,,,22.72,,
2003-10-01,0.95,1.47,2.84,3.96,5.05,2.49,1.96,2.0,2.015,4.48,1.47,2.56,194.0,91.6186,6.0,21.07,,
2003-10-02,0.94,1.48,2.9,4.03,5.1,2.55,2.01,2.02,1.995,4.445,1.45,2.54,,,,20.8,,
2003-10-03,0.94,1.65,3.12,4.21,5.23,2.56,2.16,2.05,1.975,4.41,1.43,2.52,,,,19.5,-0.688,5.77
2003-10-06,0.94,1.6,3.06,4.17,5.21,2.57,2.11,2.06,1.9699999999999998,4.3925,1.43,2.51,,,,19.51,,
2003-10-07,0.92,1.67,3.15,4.27,5.29,2.6,2.17,2.1,1.955,4.3575,1.42,2.49,,,,19.41,,
2003-10-08,0.91,1.65,3.14,4.27,5.33,2.62,2.18,2.09,1.9749999999999999,4.3925,1.44,2.51,,,,19.18,,
2003-10-09,0.91,1.69,3.17,4.32,5.35,2.63,2.2,2.12,1.97,4.375,1.44,2.5,,,,18.82,,
2003-10-10,0.92,1.65,3.15,4.29,5.34,2.64,2.14,2.15,1.955,4.34,1.43,2.48,,,,18.45,-0.696,5.95
2003-10-13,,,,,,,,,,,,,,,,17.55,,
2003-10-14,0.93,1.73,3.23,4.37,5.4,2.64,2.18,2.19,1.955,4.34,1.43,2.48,,,,17.37,,
2003-10-15,0.93,1.79,3.3,4.43,5.41,2.64,2.2,2.23,1.9249999999999998,4.27,1.41,2.44,,,,17.69,,
2003-10-16,0.93,1.96,3.4,4.47,5.41,2.51,2.21,2.26,1.89,4.2,1.38,2.4,,,,17.19,,
2003-10-17,0.93,1.9,3.33,4.41,5.37,2.51,2.14,2.27,1.88,4.165,1.38,2.38,,,,17.62,-0.704,6.05
2003-10-20,0.95,1.88,3.33,4.41,5.35,2.53,2.13,2.28,1.8599999999999999,4.13,1.36,2.36,,,,17.04,,
2003-10-21,0.93,1.89,3.31,4.38,5.33,2.49,2.12,2.26,1.885,4.1825,1.38,2.39,,,,16.55,,
2003-10-22,0.96,1.8,3.21,4.29,5.3,2.49,2.07,2.22,1.92,4.2525,1.41,2.43,,,,17.67,,
2003-10-23,0.96,1.84,3.24,4.34,5.36,2.5,2.03,2.31,1.9,4.2175,1.39,2.41,,,,17.68,,
2003-10-24,0.95,1.76,3.13,4.24,5.27,2.48,1.92,2.32,1.91,4.234999999999999,1.4,2.42,,,,17.71,-0.71,6.05
2003-10-27,0.98,1.83,3.21,4.3,5.3,2.47,1.96,2.34,1.885,4.1825,1.38,2.39,,,,18.05,,
2003-10-28,0.96,1.71,3.11,4.23,5.27,2.52,1.91,2.32,1.905,4.2175,1.4,2.41,,,,16.82,,
2003-10-29,0.96,1.79,3.2,4.31,5.32,2.52,1.98,2.33,1.8900000000000001,4.1825,1.39,2.39,,,,16.43,,
2003-10-30,0.96,1.86,3.29,4.36,5.33,2.5,1.97,2.39,1.8699999999999999,4.13,1.38,2.36,,,,16.33,,
2003-10-31,0.96,1.85,3.27,4.33,5.28,2.48,1.93,2.4,1.8599999999999999,4.13,1.36,2.36,,,,16.1,-0.714,5.94
2003-11-01,,,,,,,,,,,,,194.0,92.2329,5.8,,,
2003-11-03,0.96,1.9,3.34,4.4,5.3,2.5,1.97,2.43,1.8199999999999998,4.06,1.32,2.32,,,,16.55,,
2003-11-04,0.95,1.86,3.28,4.33,5.27,2.47,1.93,2.4,1.855,4.13,1.35,2.36,,,,16.55,,
2003-11-05,0.96,1.94,3.35,4.38,5.32,2.44,2.02,2.36,1.8450000000000002,4.1125,1.34,2.35,,,,16.86,,
2003-11-06,0.96,2.01,3.43,4.45,5.37,2.44,2.08,2.37,1.83,4.095,1.32,2.34,,,,16.74,,
2003-11-07,0.96,2.04,3.47,4.48,5.38,2.44,2.1,2.38,1.815,4.06,1.31,2.32,,,,16.93,-0.716,5.98
2003-11-10,0.97,2.06,3.49,4.49,5.39,2.43,2.09,2.4,1.8250000000000002,4.077500000000001,1.32,2.33,,,,17.62,,
2003-11-11,,,,,,,,,,,,,,,,17.54,,
2003-11-12,0.95,2.05,3.45,4.44,5.34,2.39,2.04,2.4,1.82,4.077500000000001,1.31,2.33,,,,16.75,,
2003-11-13,0.94,1.92,3.29,4.3,5.24,2.38,1.94,2.36,1.8450000000000002,4.1125,1.34,2.35,,,,16.47,,
2003-11-14,0.95,1.84,3.19,4.22,5.21,2.38,1.87,2.35,1.87,4.1475,1.37,2.37,,,,16.94,-0.716,6.03
2003-11-17,0.96,1.8,3.14,4.18,5.17,2.38,1.82,2.36,1.8900000000000001,4.1825,1.39,2.39,,,,18.6,,
2003-11-18,0.96,1.83,3.14,4.17,5.15,2.34,1.83,2.34,1.88,4.165,1.38,2.38,,,,19.11,,
2003-11-19,0.95,1.9,3.22,4.24,5.22,2.34,1.91,2.33,1.87,4.1475,1.37,2.37,,,,18.8,,
2003-11-20,0.95,1.83,3.14,4.16,5.16,2.33,1.92,2.24,1.895,4.2,1.39,2.4,,,,19.48,,
2003-11-21,0.94,1.84,3.15,4.15,5.13,2.31,1.93,2.22,1.885,4.1825,1.38,2.39,,,,18.98,-0.715,5.83
2003-11-24,0.96,1.94,3.24,4.23,5.19,2.29,1.99,2.24,1.875,4.165,1.37,2.38,,,,17.44,,
2003-11-25,0.95,1.89,3.2,4.19,5.17,2.3,1.92,2.27,1.875,4.165,1.37,2.38,,,,16.71,,
2003-11-26,0.94,1.97,3.27,4.25,5.2,2.28,1.96,2.29,1.8450000000000002,4.1125,1.34,2.35,,,,16.23,,
2003-11-27,,,,,,,,,,,,,,,,,,
2003-11-28,0.93,2.06,3.38,4.34,5.23,2.28,2.03,2.31,1.815,4.077500000000001,1.3,2.33,,,,16.32,-0.714,5.89
2003-12-01,0.95,2.12,3.46,4.4,5.28,2.28,2.08,2.32,1.79,4.0249999999999995,1.28,2.3,194.2,92.2602,5.7,16.77,,
2003-12-02,0.94,2.07,3.43,4.38,5.25,2.31,2.05,2.33,1.795,4.0249999999999995,1.29,2.3,,,,16.27,,
2003-12-03,0.94,2.09,3.46,4.41,5.28,2.32,2.08,2.33,1.8050000000000002,4.0075,1.32,2.29,,,,16.63,,
2003-12-04,0.93,2.06,3.42,4.38,5.27,2.32,2.04,2.34,1.8050000000000002,4.0075,1.32,2.29,,,,16.3,,
2003-12-05,0.92,1.88,3.23,4.23,5.2,2.35,1.92,2.31,1.8450000000000002,4.077500000000001,1.36,2.33,,,,17.09,-0.712,6.02
2003-12-08,0.93,1.94,3.28,4.29,5.26,2.35,1.96,2.33,1.85,4.077500000000001,1.37,2.33,,,,16.54,,
2003-12-09,0.93,1.97,3.33,4.32,5.26,2.35,2.0,2.32,1.8649999999999998,4.095,1.39,2.34,,,,17.63,,
2003-12-10,0.93,1.94,3.28,4.3,5.28,2.36,1.97,2.33,1.87,4.1125,1.39,2.35,,,,17.87,,
2003-12-11,0.9,1.83,3.21,4.27,5.27,2.44,1.9,2.37,1.865,4.1125,1.38,2.35,,,,16.73,,
2003-12-12,0.91,1.84,3.23,4.26,5.23,2.42,1.91,2.35,1.855,4.095,1.37,2.34,,,,16.41,-0.713,5.88
2003-12-15,0.9,1.88,3.26,4.28,5.24,2.4,1.98,2.3,1.855,4.095,1.37,2.34,,,,17.23,,
2003-12-16,0.91,1.83,3.21,4.24,5.23,2.41,1.99,2.25,1.865,4.1125,1.38,2.35,,,,15.93,,
2003-12-17,0.9,1.83,3.18,4.19,5.16,2.36,1.96,2.23,1.865,4.1125,1.38,2.35,,,,15.58,,
2003-12-18,0.89,1.85,3.17,4.16,5.1,2.31,1.94,2.22,1.835,4.06,1.35,2.32,,,,16.16,,
2003-12-19,0.88,1.82,3.16,4.15,5.11,2.33,1.95,2.2,1.84,4.077500000000001,1.35,2.33,,,,16.42,-0.716,5.82
2003-12-22,0.9,1.84,3.19,4.18,5.13,2.34,1.98,2.2,1.845,4.095,1.35,2.34,,,,16.94,,
2003-12-23,0.9,1.96,3.3,4.28,5.2,2.32,2.03,2.25,1.815,4.0425,1.32,2.31,,,,16.49,,
2003-12-24,0.9,1.83,3.2,4.2,5.15,2.37,1.96,2.24,1.85,4.095,1.36,2.34,,,,16.66,,
2003-12-25,,,,,,,,,,,,,,,,,,
2003-12-26,0.87,1.82,3.17,4.17,5.15,2.35,1.94,2.23,1.84,4.077500000000001,1.35,2.33,,,,17.45,-0.722,5.81
2003-12-29,0.9,1.86,3.23,4.24,5.18,2.38,1.99,2.25,1.84,4.077500000000001,1.35,2.33,,,,17.09,,
2003-12-30,0.94,1.86,3.26,4.29,5.23,2.43,2.01,2.28,1.84,4.077500000000001,1.35,2.33,,,,17.68,,
2003-12-31,0.95,1.84,3.25,4.27,5.23,2.43,2.0,2.27,1.85,4.095,1.36,2.34,,,,18.31,,5.85
2004-01-01,,,,,,,,,,,,,194.6,92.4006,5.7,,,
2004-01-02,0.93,1.94,3.36,4.38,5.3,2.44,2.06,2.32,1.835,4.06,1.35,2.32,,,,18.22,-0.732,
2004-01-05,0.91,1.95,3.39,4.41,5.28,2.46,2.06,2.35,1.78,3.9725,1.29,2.27,,,,17.49,,
2004-01-06,0.91,1.84,3.26,4.29,5.26,2.45,1.97,2.32,1.83,4.06,1.34,2.32,,,,16.73,,
2004-01-07,0.91,1.84,3.25,4.27,5.22,2.43,1.94,2.33,1.8199999999999998,4.0249999999999995,1.34,2.3,,,,15.5,,
2004-01-08,0.88,1.85,3.24,4.27,5.2,2.42,1.99,2.28,1.81,3.9549999999999996,1.36,2.26,,,,15.61,,5.87
2004-01-09,0.87,1.68,3.05,4.11,5.14,2.43,1.89,2.22,1.8599999999999999,4.0425,1.41,2.31,,,,16.75,-0.745,
2004-01-12,0.89,1.68,3.04,4.11,5.12,2.43,1.89,2.22,1.8649999999999998,4.06,1.41,2.32,,,,16.82,,
2004-01-13,0.89,1.63,2.98,4.05,5.11,2.42,1.83,2.22,1.895,4.1125,1.44,2.35,,,,18.04,,
2004-01-14,0.88,1.65,2.96,4.01,5.06,2.36,1.85,2.16,1.875,4.077500000000001,1.42,2.33,,,,16.75,,
2004-01-15,0.88,1.67,2.97,3.99,5.03,2.32,1.82,2.17,1.875,4.077500000000001,1.42,2.33,,,,15.56,,5.66
2004-01-16,0.89,1.7,3.03,4.04,5.04,2.34,1.83,2.21,1.8449999999999998,4.0249999999999995,1.39,2.3,,,,15.0,-0.759,
2004-01-19,,,,,,,,,,,,,,,,,,
2004-01-20,0.89,1.69,3.05,4.08,5.09,2.39,1.84,2.24,1.855,4.0425,1.4,2.31,,,,15.21,,
2004-01-21,0.89,1.69,3.02,4.05,5.06,2.36,1.79,2.26,1.875,4.077500000000001,1.42,2.33,,,,14.34,,
2004-01-22,0.88,1.66,2.96,3.99,5.02,2.33,1.76,2.23,1.875,4.077500000000001,1.42,2.33,,,,14.71,,5.64
2004-01-23,0.9,1.71,3.06,4.09,5.08,2.38,1.82,2.27,1.8499999999999999,4.0249999999999995,1.4,2.3,,,,14.84,-0.773,
2004-01-26,0.9,1.75,3.13,4.16,5.14,2.41,1.89,2.27,1.8399999999999999,3.9899999999999998,1.4,2.28,,,,14.55,,
2004-01-27,0.91,1.7,3.07,4.11,5.09,2.41,1.84,2.27,1.8299999999999998,3.9549999999999996,1.4,2.26,,,,15.35,,
2004-01-28,0.94,1.87,3.22,4.22,5.14,2.35,1.92,2.3,1.8,3.9025,1.37,2.23,,,,16.78,,
2004-01-29,0.94,1.88,3.22,4.22,5.13,2.34,1.91,2.31,1.775,3.8325,1.36,2.19,,,,17.14,,5.68
2004-01-30,0.92,1.84,3.17,4.16,5.11,2.32,1.85,2.31,1.78,3.8325,1.37,2.19,,,,16.63,-0.785,
2004-02-01,,,,,,,,,,,,,194.9,92.958,5.6,,,
2004-02-02,0.94,1.83,3.18,4.18,5.13,2.35,1.84,2.34,1.77,3.7975,1.37,2.17,,,,17.11,,
2004-02-03,0.94,1.78,3.12,4.13,5.11,2.35,1.81,2.32,1.7850000000000001,3.8150000000000004,1.39,2.18,,,,17.34,,
2004-02-04,0.94,1.8,3.15,4.15,5.11,2.35,1.82,2.33,1.77,3.7800000000000002,1.38,2.16,,,,17.87,,
2004-02-05,0.94,1.85,3.21,4.2,5.13,2.35,1.85,2.35,1.74,3.7275,1.35,2.13,,,,17.71,,5.72
2004-02-06,0.93,1.77,3.12,4.12,5.08,2.35,1.79,2.33,1.775,3.7800000000000002,1.39,2.16,,,,16.0,-0.795,
2004-02-09,0.94,1.76,3.08,4.09,5.06,2.33,1.76,2.33,1.78,3.7800000000000002,1.4,2.16,,,,16.39,,
2004-02-10,0.95,1.82,3.13,4.13,5.08,2.31,1.79,2.34,1.77,3.7624999999999997,1.39,2.15,,,,15.94,,
2004-02-11,0.93,1.73,3.03,4.05,5.06,2.32,1.75,2.3,1.81,3.8325,1.43,2.19,,,,15.39,,
2004-02-12,0.93,1.75,3.07,4.1,5.1,2.35,1.77,2.33,1.8050000000000002,3.8150000000000004,1.43,2.18,,,,15.31,,5.66
2004-02-13,0.92,1.7,3.01,4.05,5.08,2.35,1.74,2.31,1.8250000000000002,3.8500000000000005,1.45,2.2,,,,15.58,-0.804,
2004-02-16,,,,,,,,,,,,,,,,,,
2004-02-17,0.95,1.7,3.02,4.05,5.07,2.35,1.75,2.3,1.8199999999999998,3.8325,1.45,2.19,,,,15.4,,
2004-02-18,0.94,1.72,3.03,4.05,5.07,2.33,1.75,2.3,1.815,3.8325,1.44,2.19,,,,15.59,,
2004-02-19,0.94,1.7,3.02,4.05,5.04,2.35,1.76,2.29,1.805,3.8325,1.42,2.19,,,,15.8,,5.58
2004-02-20,0.94,1.75,3.08,4.1,5.09,2.35,1.79,2.31,1.8050000000000002,3.8150000000000004,1.43,2.18,,,,16.04,-0.81,
2004-02-23,0.97,1.69,3.03,4.05,5.11,2.36,1.76,2.29,1.82,3.8500000000000005,1.44,2.2,,,,16.29,,
2004-02-24,0.97,1.69,3.01,4.04,5.06,2.35,1.74,2.3,1.81,3.8325,1.43,2.19,,,,15.9,,
2004-02-25,0.96,1.67,2.98,4.02,5.02,2.35,1.71,2.31,1.825,3.8674999999999997,1.44,2.21,,,,14.93,,
2004-02-26,0.96,1.69,3.01,4.05,5.05,2.36,1.69,2.36,1.82,3.8500000000000005,1.44,2.2,,,,14.83,,5.58
2004-02-27,0.96,1.66,3.01,3.99,5.01,2.33,1.61,2.38,1.825,3.8674999999999997,1.44,2.21,,,,14.55,-0.813,
2004-03-01,0.97,1.67,2.98,4.0,4.99,2.33,1.55,2.45,1.815,3.8500000000000005,1.43,2.2,195.5,92.5861,5.8,14.44,,
2004-03-02,0.97,1.74,3.04,4.05,5.06,2.31,1.58,2.47,1.805,3.8325,1.42,2.19,,,,14.86,,
2004-03-03,0.97,1.74,3.06,4.07,5.02,2.33,1.59,2.48,1.795,3.8150000000000004,1.41,2.18,,,,14.55,,
2004-03-04,0.96,1.73,3.02,4.04,4.99,2.31,1.6,2.44,1.795,3.8150000000000004,1.41,2.18,,,,14.4,,5.59
2004-03-05,0.94,1.57,2.81,3.85,4.91,2.28,1.46,2.39,1.8599999999999999,3.9375,1.47,2.25,,,,14.48,-0.814,
2004-03-08,0.96,1.52,2.74,3.78,4.87,2.26,1.43,2.35,1.9049999999999998,4.0249999999999995,1.51,2.3,,,,15.79,,
2004-03-09,0.96,1.51,2.68,3.73,4.85,2.22,1.4,2.33,1.9049999999999998,4.0249999999999995,1.51,2.3,,,,16.6,,
2004-03-10,0.96,1.54,2.71,3.74,4.83,2.2,1.45,2.29,1.915,4.0425,1.52,2.31,,,,18.67,,
2004-03-11,0.97,1.52,2.72,3.74,4.87,2.22,1.5,2.24,1.9249999999999998,4.06,1.53,2.32,,,,20.67,,5.41
2004-03-12,0.96,1.54,2.73,3.78,4.89,2.24,1.52,2.26,1.9100000000000001,4.0425,1.51,2.31,,,,18.3,-0.812,
2004-03-15,0.96,1.56,2.74,3.78,4.88,2.22,1.47,2.31,1.905,4.0425,1.5,2.31,,,,21.13,,
2004-03-16,0.96,1.51,2.65,3.7,4.82,2.19,1.4,2.3,1.955,4.095,1.57,2.34,,,,20.34,,
2004-03-17,0.93,1.53,2.66,3.71,4.83,2.18,1.36,2.35,1.945,4.077500000000001,1.56,2.33,,,,18.11,,
2004-03-18,0.93,1.55,2.72,3.76,4.87,2.21,1.37,2.39,1.92,4.06,1.52,2.32,,,,18.53,,5.38
2004-03-19,0.94,1.56,2.75,3.8,4.89,2.24,1.44,2.36,1.9049999999999998,4.0249999999999995,1.51,2.3,,,,19.15,-0.808,
2004-03-22,0.95,1.52,2.69,3.74,4.84,2.22,1.42,2.32,1.91,4.06,1.5,2.32,,,,21.58,,
2004-03-23,0.95,1.52,2.69,3.73,4.83,2.21,1.41,2.32,1.9300000000000002,4.077500000000001,1.53,2.33,,,,20.67,,
2004-03-24,0.93,1.5,2.68,3.73,4.83,2.23,1.38,2.35,1.9300000000000002,4.077500000000001,1.53,2.33,,,,19.81,,
2004-03-25,0.94,1.51,2.7,3.75,4.86,2.24,1.4,2.35,1.935,4.095,1.53,2.34,,,,17.88,,5.4
2004-03-26,0.95,1.59,2.81,3.85,4.91,2.26,1.47,2.38,1.9100000000000001,4.0425,1.51,2.31,,,,17.33,-0.801,
2004-03-29,0.96,1.63,2.86,3.91,4.96,2.28,1.5,2.41,1.8849999999999998,3.9899999999999998,1.49,2.28,,,,16.5,,
2004-03-30,0.96,1.63,2.86,3.91,4.96,2.28,1.52,2.39,1.89,3.9899999999999998,1.5,2.28,,,,16.28,,
2004-03-31,0.95,1.6,2.8,3.86,4.93,2.26,1.48,2.38,1.9,4.0075,1.51,2.29,,,,16.74,,
2004-04-01,0.93,1.65,2.87,3.91,5.01,2.26,1.48,2.43,1.88,3.9725,1.49,2.27,195.9,92.93,5.6,16.65,,5.52
2004-04-02,0.95,1.86,3.15,4.15,5.13,2.29,1.69,2.46,1.785,3.7975,1.4,2.17,,,,15.64,-0.793,
2004-04-05,0.94,1.91,3.24,4.24,5.18,2.33,1.75,2.49,1.755,3.7275,1.38,2.13,,,,14.97,,
2004-04-06,0.94,1.86,3.19,4.19,5.17,2.33,1.73,2.46,1.7850000000000001,3.7800000000000002,1.41,2.16,,,,15.32,,
2004-04-07,0.95,1.87,3.19,4.19,5.18,2.32,1.82,2.37,1.775,3.7624999999999997,1.4,2.15,,,,15.76,,
2004-04-08,0.93,1.88,3.22,4.21,5.17,2.33,1.8,2.41,1.7799999999999998,3.7624999999999997,1.41,2.15,,,,16.26,,5.79
2004-04-09,,,,,,,,,,,,,,,,,-0.782,
2004-04-12,0.94,1.91,3.26,4.25,5.19,2.34,1.81,2.44,1.7599999999999998,3.7275,1.39,2.13,,,,15.28,,
2004-04-13,0.94,2.01,3.37,4.35,5.25,2.34,1.88,2.47,1.7449999999999999,3.6925,1.38,2.11,,,,17.26,,
2004-04-14,0.95,2.13,3.44,4.4,5.26,2.27,1.91,2.49,1.7200000000000002,3.64,1.36,2.08,,,,15.62,,
2004-04-15,0.95,2.1,3.45,4.42,5.33,2.32,1.93,2.49,1.7349999999999999,3.6574999999999998,1.38,2.09,,,,15.74,,5.89
2004-04-16,0.94,2.03,3.39,4.37,5.31,2.34,1.87,2.5,1.755,3.6925,1.4,2.11,,,,14.94,-0.769,
2004-04-19,0.96,2.07,3.42,4.39,5.33,2.32,1.87,2.52,1.76,3.71,1.4,2.12,,,,15.42,,
2004-04-20,0.97,2.11,3.45,4.43,5.35,2.32,1.97,2.46,1.745,3.6750000000000003,1.39,2.1,,,,16.67,,
2004-04-21,0.99,2.22,3.52,4.45,5.36,2.23,1.96,2.49,1.73,3.6574999999999998,1.37,2.09,,,,15.6,,
2004-04-22,0.97,2.15,3.46,4.4,5.33,2.25,1.98,2.42,1.74,3.6750000000000003,1.38,2.1,,,,14.61,,5.94
2004-04-23,0.98,2.29,3.58,4.48,5.38,2.19,2.12,2.36,1.7149999999999999,3.6224999999999996,1.36,2.07,,,,14.01,-0.755,
2004-04-26,0.99,2.28,3.57,4.46,5.36,2.18,2.03,2.43,1.705,3.605,1.35,2.06,,,,14.77,,
2004-04-27,0.98,2.21,3.52,4.43,5.35,2.22,2.0,2.43,1.725,3.64,1.37,2.08,,,,15.07,,
2004-04-28,0.97,2.3,3.6,4.5,5.39,2.2,2.1,2.4,1.705,3.605,1.35,2.06,,,,16.29,,
2004-04-29,0.97,2.34,3.66,4.55,5.41,2.21,2.15,2.4,1.7000000000000002,3.605,1.34,2.06,,,,16.6,,6.01
2004-04-30,0.98,2.31,3.63,4.53,5.39,2.22,2.11,2.42,1.6949999999999998,3.5874999999999995,1.34,2.05,,,,17.19,-0.739,
2004-05-01,,,,,,,,,,,,,196.2,93.6013,5.6,,,
2004-05-03,1.0,2.34,3.63,4.53,5.41,2.19,2.09,2.44,1.6949999999999998,3.5874999999999995,1.34,2.05,,,,16.62,,
2004-05-04,1.0,2.32,3.66,4.56,5.45,2.24,2.1,2.46,1.7149999999999999,3.6224999999999996,1.36,2.07,,,,16.55,,
2004-05-05,0.99,2.34,3.71,4.61,5.46,2.27,2.1,2.51,1.6749999999999998,3.5874999999999995,1.3,2.05,,,,15.77,,
2004-05-06,1.0,2.39,3.72,4.63,5.46,2.24,2.15,2.48,1.705,3.605,1.35,2.06,,,,17.05,,6.12
2004-05-07,1.07,2.64,3.96,4.79,5.53,2.15,2.24,2.55,1.62,3.4475,1.27,1.97,,,,18.13,-0.725,
2004-05-10,1.08,2.61,3.95,4.81,5.54,2.2,2.25,2.56,1.645,3.465,1.31,1.98,,,,19.77,,
2004-05-11,1.05,2.61,3.94,4.79,5.53,2.18,2.21,2.58,1.6400000000000001,3.4825,1.29,1.99,,,,18.57,,
2004-05-12,1.04,2.62,3.96,4.83,5.57,2.21,2.17,2.66,1.65,3.5,1.3,2.0,,,,18.14,,
2004-05-13,1.0,2.67,4.01,4.85,5.61,2.18,2.18,2.67,1.675,3.535,1.33,2.02,,,,18.86,,6.34
2004-05-14,0.99,2.59,3.92,4.79,5.59,2.2,2.16,2.63,1.68,3.5524999999999998,1.33,2.03,,,,18.47,-0.712,
2004-05-17,1.06,2.51,3.83,4.7,5.52,2.19,2.07,2.63,1.7200000000000002,3.64,1.36,2.08,,,,19.96,,
2004-05-18,1.05,2.58,3.87,4.74,5.56,2.16,2.05,2.69,1.6949999999999998,3.5874999999999995,1.34,2.05,,,,19.33,,
2004-05-19,1.04,2.61,3.93,4.79,5.57,2.18,2.03,2.76,1.68,3.5524999999999998,1.33,2.03,,,,18.93,,
2004-05-20,1.03,2.55,3.86,4.72,5.52,2.17,1.96,2.76,1.69,3.5874999999999995,1.33,2.05,,,,18.67,,6.3
2004-05-21,1.03,2.6,3.91,4.76,5.53,2.16,2.04,2.72,1.6749999999999998,3.5524999999999998,1.32,2.03,,,,18.49,-0.702,
2004-05-24,1.07,2.59,3.9,4.75,5.53,2.16,2.01,2.74,1.665,3.535,1.31,2.02,,,,18.08,,
2004-05-25,1.07,2.58,3.89,4.73,5.5,2.15,2.03,2.7,1.6600000000000001,3.535,1.3,2.02,,,,15.96,,
2004-05-26,1.08,2.52,3.81,4.67,5.46,2.15,1.99,2.68,1.69,3.5874999999999995,1.33,2.05,,,,15.97,,
2004-05-27,1.06,2.46,3.74,4.6,5.45,2.14,1.97,2.63,1.69,3.5874999999999995,1.33,2.05,,,,15.28,,6.32
2004-05-28,1.08,2.54,3.81,4.66,5.42,2.12,2.0,2.66,1.67,3.5524999999999998,1.31,2.03,,,,15.5,-0.695,
2004-05-31,,,,,,,,,,,,,,,,,,
2004-06-01,1.17,2.6,3.86,4.71,5.48,2.11,1.97,2.74,1.68,3.5874999999999995,1.31,2.05,196.6,92.871,5.6,16.3,,
2004-06-02,1.17,2.65,3.91,4.74,5.5,2.09,2.04,2.7,1.6800000000000002,3.605,1.3,2.06,,,,16.08,,
2004-06-03,1.17,2.63,3.89,4.71,5.49,2.08,2.05,2.66,1.7000000000000002,3.64,1.32,2.08,,,,17.03,,6.28
2004-06-04,1.21,2.7,3.97,4.78,5.54,2.08,2.11,2.67,1.675,3.605,1.29,2.06,,,,16.78,-0.689,
2004-06-07,1.24,2.67,3.95,4.78,5.5,2.11,2.11,2.67,1.67,3.5874999999999995,1.29,2.05,,,,15.39,,
2004-06-08,1.27,2.73,3.96,4.78,5.53,2.05,2.15,2.63,1.6600000000000001,3.5700000000000003,1.28,2.04,,,,15.01,,
2004-06-09,1.27,2.79,4.01,4.82,5.53,2.03,2.2,2.62,1.6549999999999998,3.5524999999999998,1.28,2.03,,,,15.39,,
2004-06-10,1.3,2.81,4.0,4.81,5.51,2.0,2.18,2.63,1.65,3.5524999999999998,1.27,2.03,,,,15.04,,6.3
2004-06-11,,,,,,,,,,,,,,,,15.04,-0.686,
2004-06-14,1.41,2.97,4.1,4.89,5.58,1.92,2.26,2.63,1.63,3.5174999999999996,1.25,2.01,,,,16.07,,
2004-06-15,1.34,2.77,3.9,4.69,5.45,1.92,2.16,2.53,1.67,3.605,1.28,2.06,,,,15.05,,
2004-06-16,1.3,2.84,3.96,4.74,5.45,1.9,2.18,2.56,1.6600000000000001,3.5700000000000003,1.28,2.04,,,,14.79,,
2004-06-17,1.28,2.81,3.93,4.71,5.41,1.9,2.16,2.55,1.64,3.5524999999999998,1.25,2.03,,,,15.15,,6.32
2004-06-18,1.29,2.81,3.94,4.72,5.46,1.91,2.15,2.57,1.645,3.5524999999999998,1.26,2.03,,,,14.99,-0.685,
2004-06-21,1.33,2.8,3.91,4.7,5.45,1.9,2.16,2.54,1.665,3.5874999999999995,1.28,2.05,,,,15.26,,
2004-06-22,1.32,2.8,3.92,4.72,5.47,1.92,2.17,2.55,1.66,3.5874999999999995,1.27,2.05,,,,14.31,,
2004-06-23,1.29,2.78,3.9,4.71,5.45,1.93,2.18,2.53,1.665,3.605,1.27,2.06,,,,13.98,,
2004-06-24,1.29,2.74,3.85,4.66,5.44,1.92,2.15,2.51,1.675,3.605,1.29,2.06,,,,14.81,,6.25
2004-06-25,1.31,2.74,3.85,4.66,5.41,1.92,2.16,2.5,1.68,3.6224999999999996,1.29,2.07,,,,15.19,-0.685,
2004-06-28,1.38,2.86,3.97,4.76,5.49,1.9,2.23,2.53,1.655,3.5700000000000003,1.27,2.04,,,,16.07,,
2004-06-29,1.38,2.83,3.92,4.7,5.44,1.87,2.2,2.5,1.67,3.605,1.28,2.06,,,,15.47,,
2004-06-30,1.33,2.7,3.81,4.62,5.41,1.92,2.1,2.52,1.69,3.6574999999999998,1.29,2.09,,,,14.34,,
2004-07-01,1.22,2.64,3.74,4.57,5.35,1.93,2.04,2.53,1.7200000000000002,3.71,1.32,2.12,196.8,93.5649,5.5,15.2,,6.21
2004-07-02,1.3,2.54,3.62,4.48,5.3,1.94,1.96,2.52,1.73,3.7275,1.33,2.13,,,,15.08,-0.686,
2004-07-05,,,,,,,,,,,,,,,,,,
2004-07-06,1.34,2.56,3.65,4.49,5.32,1.93,1.97,2.52,1.7400000000000002,3.745,1.34,2.14,,,,16.25,,
2004-07-07,1.3,2.56,3.67,4.5,5.32,1.94,2.0,2.5,1.73,3.7275,1.33,2.13,,,,15.81,,
2004-07-08,1.27,2.55,3.65,4.49,5.32,1.94,2.02,2.47,1.7400000000000002,3.745,1.34,2.14,,,,16.2,,6.01
2004-07-09,1.28,2.55,3.64,4.49,5.31,1.94,2.02,2.47,1.7400000000000002,3.745,1.34,2.14,,,,15.78,-0.688,
2004-07-12,1.34,2.53,3.62,4.46,5.26,1.93,2.02,2.44,1.75,3.7624999999999997,1.35,2.15,,,,14.96,,
2004-07-13,1.34,2.58,3.66,4.5,5.29,1.92,2.03,2.47,1.7400000000000002,3.745,1.34,2.14,,,,14.46,,
2004-07-14,1.34,2.62,3.68,4.5,5.32,1.88,2.02,2.48,1.725,3.71,1.33,2.12,,,,13.76,,
2004-07-15,1.35,2.64,3.69,4.5,5.28,1.86,2.01,2.49,1.725,3.71,1.33,2.12,,,,14.71,,6.0
2004-07-16,1.35,2.54,3.56,4.38,5.22,1.84,1.94,2.44,1.75,3.7624999999999997,1.35,2.15,,,,14.34,-0.69,
2004-07-19,1.35,2.56,3.57,4.38,5.22,1.82,1.96,2.42,1.745,3.745,1.35,2.14,,,,15.17,,
2004-07-20,1.36,2.67,3.68,4.47,5.25,1.8,2.05,2.42,1.715,3.71,1.31,2.12,,,,14.17,,
2004-07-21,1.35,2.71,3.72,4.5,5.31,1.79,2.05,2.45,1.715,3.71,1.31,2.12,,,,16.41,,
2004-07-22,1.37,2.69,3.71,4.48,5.3,1.79,2.03,2.45,1.725,3.7275,1.32,2.13,,,,15.75,,5.98
2004-07-23,1.38,2.69,3.69,4.45,5.27,1.76,2.0,2.45,1.725,3.7275,1.32,2.13,,,,16.5,-0.692,
2004-07-26,1.45,2.75,3.73,4.49,5.27,1.74,2.05,2.44,1.71,3.6925,1.31,2.11,,,,17.3,,
2004-07-27,1.46,2.82,3.85,4.62,5.42,1.8,2.15,2.47,1.69,3.6574999999999998,1.29,2.09,,,,16.55,,
2004-07-28,1.46,2.78,3.82,4.61,5.42,1.83,2.11,2.5,1.7000000000000002,3.6750000000000003,1.3,2.1,,,,16.15,,
2004-07-29,1.45,2.75,3.8,4.6,5.37,1.85,2.07,2.53,1.6949999999999998,3.6574999999999998,1.3,2.09,,,,15.68,,6.08
2004-07-30,1.45,2.68,3.71,4.5,5.31,1.82,2.01,2.49,1.705,3.6750000000000003,1.31,2.1,,,,15.32,-0.695,
2004-08-01,,,,,,,,,,,,,196.9,93.6277,5.4,,,
2004-08-02,1.5,2.66,3.68,4.48,5.26,1.82,2.0,2.48,1.72,3.7275,1.31,2.13,,,,15.37,,
2004-08-03,1.48,2.66,3.67,4.45,5.24,1.79,1.98,2.47,1.73,3.745,1.32,2.14,,,,16.03,,
2004-08-04,1.49,2.66,3.66,4.45,5.24,1.79,2.0,2.45,1.73,3.745,1.32,2.14,,,,16.21,,
2004-08-05,1.48,2.64,3.64,4.43,5.22,1.79,1.96,2.47,1.73,3.745,1.32,2.14,,,,18.32,,5.99
2004-08-06,1.44,2.4,3.4,4.24,5.13,1.84,1.82,2.42,1.81,3.8850000000000002,1.4,2.22,,,,19.34,-0.696,
2004-08-09,1.51,2.45,3.45,4.28,5.15,1.83,1.85,2.43,1.78,3.8325,1.37,2.19,,,,18.89,,
2004-08-10,1.5,2.55,3.52,4.32,5.17,1.77,1.9,2.42,1.7650000000000001,3.8150000000000004,1.35,2.18,,,,17.47,,
2004-08-11,1.44,2.54,3.51,4.3,5.16,1.76,1.86,2.44,1.77,3.7975,1.37,2.17,,,,18.04,,
2004-08-12,1.43,2.52,3.47,4.27,5.17,1.75,1.81,2.46,1.79,3.8325,1.39,2.19,,,,19.08,,5.85
2004-08-13,1.44,2.47,3.42,4.22,5.11,1.75,1.77,2.45,1.795,3.8500000000000005,1.39,2.2,,,,17.98,-0.698,
2004-08-16,1.49,2.51,3.45,4.26,5.13,1.75,1.82,2.44,1.79,3.8500000000000005,1.38,2.2,,,,17.57,,
2004-08-17,1.48,2.44,3.39,4.21,5.13,1.77,1.82,2.39,1.7999999999999998,3.8674999999999997,1.39,2.21,,,,17.02,,
2004-08-18,1.49,2.44,3.41,4.23,5.11,1.79,1.83,2.4,1.795,3.8500000000000005,1.39,2.2,,,,16.23,,
2004-08-19,1.48,2.43,3.39,4.22,5.14,1.79,1.76,2.46,1.79,3.8500000000000005,1.38,2.2,,,,16.96,,5.81
2004-08-20,1.49,2.46,3.42,4.24,5.14,1.78,1.79,2.45,1.78,3.8325,1.37,2.19,,,,16.0,-0.699,
2004-08-23,1.54,2.5,3.46,4.28,5.15,1.78,1.86,2.42,1.78,3.8325,1.37,2.19,,,,15.88,,
2004-08-24,1.54,2.5,3.46,4.28,5.15,1.78,1.87,2.41,1.7750000000000001,3.8150000000000004,1.37,2.18,,,,15.33,,
2004-08-25,1.54,2.51,3.46,4.26,5.13,1.75,1.88,2.38,1.7750000000000001,3.8150000000000004,1.37,2.18,,,,14.98,,
2004-08-26,1.55,2.48,3.42,4.22,5.1,1.74,1.86,2.36,1.785,3.8325,1.38,2.19,,,,14.91,,5.82
2004-08-27,1.56,2.48,3.43,4.23,5.1,1.75,1.86,2.37,1.7750000000000001,3.8150000000000004,1.37,2.18,,,,14.71,-0.7,
2004-08-30,1.61,2.47,3.4,4.19,5.07,1.72,1.83,2.36,1.785,3.8325,1.38,2.19,,,,15.44,,
2004-08-31,1.59,2.41,3.33,4.13,5.01,1.72,1.78,2.35,1.785,3.8325,1.38,2.19,,,,15.29,,
2004-09-01,1.58,2.41,3.32,4.13,5.01,1.72,1.77,2.36,1.79,3.8500000000000005,1.38,2.2,197.5,93.7467,5.4,14.91,,
2004-09-02,1.6,2.46,3.4,4.2,5.07,1.74,1.83,2.37,1.76,3.7975,1.35,2.17,,,,14.28,,5.77
2004-09-03,1.65,2.61,3.52,4.3,5.14,1.69,1.88,2.42,1.74,3.7624999999999997,1.33,2.15,,,,13.91,-0.7,
2004-09-06,,,,,,,,,,,,,,,,,,
2004-09-07,1.66,2.58,3.48,4.26,5.1,1.68,1.86,2.4,1.72,3.7275,1.31,2.13,,,,14.07,,
2004-09-08,1.65,2.5,3.4,4.18,5.04,1.68,1.82,2.36,1.74,3.7624999999999997,1.33,2.15,,,,14.06,,
2004-09-09,1.64,2.5,3.41,4.22,5.07,1.72,1.83,2.39,1.74,3.7624999999999997,1.33,2.15,,,,14.01,,5.83
2004-09-10,1.66,2.5,3.4,4.19,5.05,1.69,1.83,2.36,1.75,3.7800000000000002,1.34,2.16,,,,13.76,-0.7,
2004-09-13,1.66,2.5,3.38,4.16,5.02,1.66,1.81,2.35,1.745,3.7624999999999997,1.34,2.15,,,,13.17,,
2004-09-14,1.66,2.47,3.35,4.15,5.01,1.68,1.81,2.34,1.745,3.7624999999999997,1.34,2.15,,,,13.56,,
2004-09-15,1.67,2.51,3.39,4.18,5.04,1.67,1.86,2.32,1.735,3.745,1.33,2.14,,,,14.64,,
2004-09-16,1.67,2.44,3.29,4.08,4.95,1.64,1.81,2.27,1.7550000000000001,3.7800000000000002,1.35,2.16,,,,14.39,,5.75
2004-09-17,1.71,2.53,3.35,4.14,4.99,1.61,1.85,2.29,1.73,3.7275,1.33,2.13,,,,14.03,-0.7,
2004-09-20,1.73,2.46,3.28,4.07,4.94,1.61,1.8,2.27,1.745,3.745,1.35,2.14,,,,14.43,,
2004-09-21,1.72,2.49,3.28,4.05,4.94,1.56,1.8,2.25,1.7400000000000002,3.745,1.34,2.14,,,,13.66,,
2004-09-22,1.71,2.5,3.26,4.0,4.88,1.5,1.73,2.27,1.73,3.7275,1.33,2.13,,,,14.74,,
2004-09-23,1.72,2.57,3.3,4.02,4.86,1.45,1.76,2.26,1.73,3.7275,1.33,2.13,,,,14.8,,5.7
2004-09-24,1.73,2.62,3.33,4.04,4.87,1.42,1.78,2.26,1.715,3.71,1.31,2.12,,,,14.28,-0.699,
2004-09-27,1.74,2.59,3.29,4.01,4.84,1.42,1.72,2.29,1.72,3.7275,1.31,2.13,,,,14.62,,
2004-09-28,1.72,2.55,3.28,4.02,4.9,1.47,1.7,2.32,1.735,3.745,1.33,2.14,,,,13.83,,
2004-09-29,1.72,2.61,3.37,4.1,4.97,1.49,1.76,2.34,1.715,3.71,1.31,2.12,,,,13.21,,
2004-09-30,1.71,2.63,3.38,4.14,4.97,1.51,1.77,2.37,1.72,3.6925,1.33,2.11,,,,13.34,,5.72
2004-10-01,1.71,2.63,3.44,4.21,5.06,1.58,1.83,2.38,1.705,3.6574999999999998,1.32,2.09,197.9,94.5465,5.5,12.75,-0.698,
2004-10-04,1.71,2.65,3.44,4.19,5.04,1.54,1.86,2.33,1.715,3.6750000000000003,1.33,2.1,,,,13.41,,
2004-10-05,1.71,2.65,3.44,4.18,5.04,1.53,1.84,2.34,1.7200000000000002,3.6750000000000003,1.34,2.1,,,,13.95,,
2004-10-06,1.71,2.7,3.51,4.23,5.04,1.53,1.9,2.33,1.7149999999999999,3.6574999999999998,1.34,2.09,,,,13.28,,
2004-10-07,1.7,2.72,3.53,4.26,5.08,1.54,1.89,2.37,1.7149999999999999,3.6574999999999998,1.34,2.09,,,,14.5,,5.82
2004-10-08,1.71,2.61,3.39,4.15,4.98,1.54,1.78,2.37,1.725,3.6750000000000003,1.35,2.1,,,,15.05,-0.698,
2004-10-11,,,,,,,,,,,,,,,,14.71,,
2004-10-12,1.72,2.56,3.35,4.12,4.95,1.56,1.75,2.37,1.7349999999999999,3.6925,1.36,2.11,,,,15.05,,
2004-10-13,1.72,2.53,3.32,4.09,4.98,1.56,1.72,2.37,1.75,3.71,1.38,2.12,,,,15.42,,
2004-10-14,1.74,2.48,3.26,4.03,4.93,1.55,1.68,2.35,1.765,3.7275,1.4,2.13,,,,16.43,,5.74
2004-10-15,1.76,2.53,3.31,4.07,4.92,1.54,1.7,2.37,1.76,3.71,1.4,2.12,,,,15.04,-0.699,
2004-10-18,1.81,2.55,3.31,4.07,4.92,1.52,1.71,2.36,1.765,3.7275,1.4,2.13,,,,14.71,,
2004-10-19,1.82,2.57,3.32,4.07,4.91,1.5,1.7,2.37,1.735,3.6750000000000003,1.37,2.1,,,,15.13,,
2004-10-20,1.82,2.53,3.26,4.01,4.85,1.48,1.66,2.35,1.775,3.7275,1.42,2.13,,,,14.85,,
2004-10-21,1.85,2.57,3.29,4.01,4.84,1.44,1.62,2.39,1.7650000000000001,3.71,1.41,2.12,,,,14.54,,5.69
2004-10-22,1.85,2.55,3.26,4.0,4.87,1.45,1.64,2.36,1.755,3.71,1.39,2.12,,,,15.28,-0.702,
2004-10-25,1.9,2.54,3.25,3.99,4.86,1.45,1.63,2.36,1.765,3.7275,1.4,2.13,,,,16.58,,
2004-10-26,1.91,2.54,3.26,4.01,4.87,1.47,1.63,2.38,1.7449999999999999,3.6925,1.38,2.11,,,,16.39,,
2004-10-27,1.92,2.63,3.37,4.11,4.96,1.48,1.73,2.38,1.7200000000000002,3.64,1.36,2.08,,,,15.72,,
2004-10-28,1.91,2.59,3.34,4.09,4.91,1.5,1.68,2.41,1.735,3.6750000000000003,1.37,2.1,,,,15.39,,5.64
2004-10-29,1.91,2.56,3.3,4.05,4.87,1.49,1.63,2.42,1.725,3.6574999999999998,1.36,2.09,,,,16.27,-0.705,
2004-11-01,1.99,2.61,3.36,4.11,4.92,1.5,1.67,2.44,1.7399999999999998,3.6574999999999998,1.39,2.09,198.3,94.7813,5.4,16.27,,
2004-11-02,1.97,2.6,3.34,4.1,4.91,1.5,1.61,2.49,1.7449999999999999,3.6574999999999998,1.4,2.09,,,,16.18,,
2004-11-03,1.96,2.6,3.35,4.09,4.9,1.49,1.61,2.48,1.7349999999999999,3.64,1.39,2.08,,,,14.04,,
2004-11-04,1.98,2.63,3.37,4.1,4.89,1.47,1.65,2.45,1.705,3.5874999999999995,1.36,2.05,,,,13.97,,5.7
2004-11-05,2.03,2.8,3.51,4.21,4.99,1.41,1.71,2.5,1.685,3.535,1.35,2.02,,,,13.84,-0.708,
2004-11-08,2.07,2.8,3.51,4.22,4.98,1.42,1.72,2.5,1.7,3.5524999999999998,1.37,2.03,,,,13.8,,
2004-11-09,2.08,2.8,3.53,4.22,5.02,1.42,1.74,2.48,1.7149999999999999,3.5524999999999998,1.4,2.03,,,,13.61,,
2004-11-10,2.08,2.82,3.56,4.25,5.05,1.43,1.75,2.5,1.705,3.5700000000000003,1.37,2.04,,,,13.08,,
2004-11-11,,,,,,,,,,,,,,,,13.04,,5.76
2004-11-12,2.08,2.86,3.53,4.2,4.96,1.34,1.71,2.49,1.675,3.535,1.33,2.02,,,,13.33,-0.713,
2004-11-15,2.12,2.89,3.53,4.2,4.98,1.31,1.67,2.53,1.665,3.5174999999999996,1.32,2.01,,,,13.38,,
2004-11-16,2.14,2.91,3.56,4.21,4.96,1.3,1.68,2.53,1.655,3.5,1.31,2.0,,,,13.21,,
2004-11-17,2.13,2.85,3.47,4.14,4.89,1.29,1.63,2.51,1.665,3.5174999999999996,1.32,2.01,,,,13.21,,
2004-11-18,2.13,2.86,3.48,4.12,4.86,1.26,1.64,2.48,1.66,3.5174999999999996,1.31,2.01,,,,12.98,,5.74
2004-11-19,2.15,2.95,3.57,4.2,4.93,1.25,1.67,2.53,1.635,3.4825,1.28,1.99,,,,13.5,-0.714,
2004-11-22,2.2,2.95,3.56,4.18,4.89,1.23,1.62,2.56,1.6099999999999999,3.4299999999999997,1.26,1.96,,,,12.97,,
2004-11-23,2.19,2.98,3.58,4.19,4.89,1.21,1.65,2.54,1.6099999999999999,3.4299999999999997,1.26,1.96,,,,12.67,,
2004-11-24,2.18,3.01,3.61,4.2,4.89,1.19,1.64,2.56,1.6,3.4125,1.25,1.95,,,,12.72,,5.72
2004-11-25,,,,,,,,,,,,,,,,,,
2004-11-26,2.21,3.03,3.64,4.24,4.94,1.21,1.66,2.58,1.6099999999999999,3.4299999999999997,1.26,1.96,,,,12.79,-0.715,
2004-11-29,2.23,3.07,3.72,4.34,5.03,1.27,1.74,2.6,1.585,3.3775,1.24,1.93,,,,13.3,,
2004-11-30,2.23,3.02,3.72,4.36,5.07,1.34,1.75,2.61,1.605,3.4125,1.26,1.95,,,,13.24,,
2004-12-01,2.22,3.01,3.72,4.38,5.08,1.37,1.79,2.59,1.6,3.4125,1.25,1.95,198.6,95.5365,5.4,12.97,,
2004-12-02,2.22,3.04,3.75,4.4,5.11,1.36,1.83,2.57,1.595,3.395,1.25,1.94,,,,12.98,,5.81
2004-12-03,2.21,2.94,3.61,4.27,4.99,1.33,1.73,2.54,1.615,3.4299999999999997,1.27,1.96,,,,12.96,-0.713,
2004-12-06,2.25,2.93,3.59,4.24,4.96,1.31,1.7,2.54,1.615,3.4299999999999997,1.27,1.96,,,,13.19,,
2004-12-07,2.25,2.95,3.6,4.23,4.95,1.28,1.69,2.54,1.615,3.4299999999999997,1.27,1.96,,,,13.67,,
2004-12-08,2.24,2.91,3.53,4.14,4.84,1.23,1.62,2.52,1.585,3.395,1.23,1.94,,,,13.19,,
2004-12-09,2.24,2.93,3.54,4.19,4.88,1.26,1.64,2.55,1.585,3.395,1.23,1.94,,,,12.88,,5.71
2004-12-10,2.25,2.95,3.52,4.16,4.87,1.21,1.66,2.5,1.6,3.4125,1.25,1.95,,,,12.76,-0.71,
2004-12-13,2.24,2.98,3.54,4.16,4.85,1.18,1.65,2.51,1.6,3.395,1.26,1.94,,,,12.54,,
2004-12-14,2.21,2.99,3.53,4.14,4.83,1.15,1.62,2.52,1.595,3.395,1.25,1.94,,,,12.73,,
2004-12-15,2.21,2.97,3.48,4.09,4.76,1.12,1.57,2.52,1.56,3.3425,1.21,1.91,,,,12.35,,
2004-12-16,2.2,3.01,3.58,4.19,4.88,1.18,1.64,2.55,1.5699999999999998,3.36,1.22,1.92,,,,12.27,,5.68
2004-12-17,2.2,3.03,3.59,4.21,4.89,1.18,1.64,2.57,1.585,3.36,1.25,1.92,,,,11.95,-0.705,
2004-12-20,2.22,3.06,3.59,4.21,4.88,1.15,1.62,2.59,1.565,3.3249999999999997,1.23,1.9,,,,11.83,,
2004-12-21,2.2,3.05,3.57,4.18,4.83,1.13,1.59,2.59,1.575,3.3425,1.24,1.91,,,,11.55,,
2004-12-22,2.18,3.04,3.57,4.21,4.86,1.17,1.63,2.58,1.575,3.3425,1.24,1.91,,,,11.45,,5.75
2004-12-23,2.19,3.02,3.58,4.23,4.9,1.21,1.62,2.61,1.575,3.3425,1.24,1.91,,,,11.23,,
2004-12-24,,,,,,,,,,,,,,,,,-0.7,
2004-12-27,2.26,3.07,3.65,4.3,4.97,1.23,1.67,2.63,1.5699999999999998,3.3249999999999997,1.24,1.9,,,,12.14,,
2004-12-28,2.25,3.08,3.66,4.31,4.95,1.23,1.69,2.62,1.56,3.3249999999999997,1.22,1.9,,,,12.0,,
2004-12-29,2.22,3.12,3.69,4.33,4.97,1.21,1.73,2.6,1.555,3.3074999999999997,1.22,1.89,,,,11.62,,5.81
2004-12-30,2.22,3.1,3.64,4.27,4.94,1.17,1.7,2.57,1.555,3.3074999999999997,1.22,1.89,,,,12.56,,
2004-12-31,2.22,3.08,3.63,4.24,4.86,1.16,1.68,2.56,1.525,3.2550000000000003,1.19,1.86,,,,13.29,-0.696,
2005-01-01,,,,,,,,,,,,,199.0,95.8801,5.3,,,
2005-01-03,2.32,3.1,3.64,4.23,4.85,1.13,1.7,2.53,1.53,3.2550000000000003,1.2,1.86,,,,14.08,,
2005-01-04,2.33,3.2,3.72,4.29,4.91,1.09,1.78,2.51,1.525,3.2375000000000003,1.2,1.85,,,,13.98,,
2005-01-05,2.33,3.22,3.73,4.29,4.88,1.07,1.79,2.5,1.505,3.2025,1.18,1.83,,,,14.09,,
2005-01-06,2.31,3.18,3.71,4.29,4.89,1.11,1.76,2.53,1.5150000000000001,3.22,1.19,1.84,,,,13.58,,5.77
2005-01-07,2.32,3.2,3.73,4.29,4.88,1.09,1.8,2.49,1.505,3.2025,1.18,1.83,,,,13.49,-0.694,
2005-01-10,2.36,3.23,3.75,4.29,4.86,1.06,1.77,2.52,1.49,3.185,1.16,1.82,,,,13.23,,
2005-01-11,2.34,3.24,3.73,4.26,4.84,1.02,1.76,2.5,1.4849999999999999,3.1675,1.16,1.81,,,,13.19,,
2005-01-12,2.34,3.22,3.72,4.25,4.8,1.03,1.73,2.52,1.48,3.1675,1.15,1.81,,,,12.56,,
2005-01-13,2.35,3.21,3.68,4.2,4.77,0.99,1.7,2.5,1.475,3.15,1.15,1.8,,,,12.84,,5.74
2005-01-14,2.37,3.24,3.71,4.23,4.78,0.99,1.72,2.51,1.46,3.1325000000000003,1.13,1.79,,,,12.43,-0.695,
2005-01-17,,,,,,,,,,,,,,,,,,
2005-01-18,2.39,3.26,3.72,4.21,4.72,0.95,1.71,2.5,1.44,3.0975,1.11,1.77,,,,12.47,,
2005-01-19,2.37,3.26,3.73,4.2,4.7,0.94,1.7,2.5,1.4300000000000002,3.08,1.1,1.76,,,,13.18,,
2005-01-20,2.35,3.21,3.68,4.17,4.71,0.96,1.7,2.47,1.46,3.15,1.12,1.8,,,,13.83,,5.67
2005-01-21,2.36,3.16,3.65,4.16,4.7,1.0,1.69,2.47,1.46,3.1325000000000003,1.13,1.79,,,,14.36,-0.698,
2005-01-24,2.37,3.2,3.65,4.14,4.63,0.94,1.68,2.46,1.44,3.0975,1.11,1.77,,,,14.65,,
2005-01-25,2.39,3.23,3.71,4.2,4.71,0.97,1.74,2.46,1.4500000000000002,3.115,1.12,1.78,,,,14.06,,
2005-01-26,2.41,3.27,3.73,4.21,4.7,0.94,1.72,2.49,1.425,3.08,1.09,1.76,,,,13.44,,
2005-01-27,2.44,3.28,3.75,4.22,4.71,0.94,1.72,2.5,1.415,3.0625,1.08,1.75,,,,13.24,,5.66
2005-01-28,2.46,3.25,3.69,4.16,4.64,0.91,1.65,2.51,1.415,3.0625,1.08,1.75,,,,13.24,-0.703,
2005-01-31,2.51,3.29,3.71,4.14,4.62,0.85,1.65,2.49,1.415,3.0625,1.08,1.75,,,,12.82,,
2005-02-01,2.51,3.29,3.71,4.15,4.63,0.86,1.67,2.48,1.405,3.045,1.07,1.74,199.4,96.5761,5.4,12.03,,
2005-02-02,2.51,3.32,3.73,4.15,4.61,0.83,1.7,2.45,1.395,3.0275,1.06,1.73,,,,11.66,,
2005-02-03,2.48,3.34,3.76,4.18,4.58,0.84,1.73,2.45,1.365,2.975,1.03,1.7,,,,11.79,,5.63
2005-02-04,2.47,3.29,3.68,4.09,4.48,0.8,1.65,2.44,1.37,2.9575,1.05,1.69,,,,11.21,-0.708,
2005-02-07,2.51,3.31,3.67,4.07,4.43,0.76,1.62,2.45,1.335,2.8874999999999997,1.02,1.65,,,,11.73,,
2005-02-08,2.49,3.33,3.68,4.05,4.39,0.72,1.57,2.48,1.315,2.8525,1.0,1.63,,,,11.6,,
2005-02-09,2.51,3.24,3.58,4.0,4.4,0.76,1.49,2.51,1.335,2.8699999999999997,1.03,1.64,,,,12.0,,
2005-02-10,2.51,3.29,3.65,4.07,4.5,0.78,1.57,2.5,1.365,2.9225,1.06,1.67,,,,11.51,,5.57
2005-02-11,2.55,3.34,3.7,4.1,4.52,0.76,1.57,2.53,1.355,2.8874999999999997,1.06,1.65,,,,11.43,-0.712,
2005-02-14,2.59,3.38,3.7,4.08,4.45,0.7,1.54,2.54,1.33,2.8525,1.03,1.63,,,,11.52,,
2005-02-15,2.59,3.37,3.71,4.1,4.48,0.73,1.61,2.49,1.3399999999999999,2.8699999999999997,1.04,1.64,,,,11.27,,
2005-02-16,2.57,3.41,3.78,4.16,4.53,0.75,1.65,2.51,1.3250000000000002,2.835,1.03,1.62,,,,11.1,,
2005-02-17,2.58,3.38,3.78,4.19,4.58,0.81,1.65,2.54,1.3399999999999999,2.8699999999999997,1.04,1.64,,,,11.77,,5.62
2005-02-18,2.61,3.45,3.86,4.27,4.65,0.82,1.67,2.6,1.335,2.835,1.05,1.62,,,,11.18,-0.712,
2005-02-21,,,,,,,,,,,,,,,,,,
2005-02-22,2.67,3.46,3.88,4.29,4.71,0.83,1.67,2.62,1.3399999999999999,2.8699999999999997,1.04,1.64,,,,13.14,,
2005-02-23,2.67,3.46,3.87,4.27,4.69,0.81,1.64,2.63,1.335,2.8699999999999997,1.03,1.64,,,,12.39,,
2005-02-24,2.69,3.52,3.91,4.29,4.67,0.77,1.65,2.64,1.315,2.835,1.01,1.62,,,,11.57,,5.69
2005-02-25,2.74,3.54,3.91,4.27,4.61,0.73,1.64,2.63,1.315,2.835,1.01,1.62,,,,11.49,-0.709,
2005-02-28,2.76,3.59,4.0,4.36,4.71,0.77,1.7,2.66,1.29,2.7825,0.99,1.59,,,,12.08,,
2005-03-01,2.75,3.59,4.02,4.38,4.69,0.79,1.69,2.69,1.275,2.765,0.97,1.58,200.1,96.4456,5.2,12.04,,
2005-03-02,2.74,3.57,4.0,4.38,4.71,0.81,1.69,2.69,1.295,2.8000000000000003,0.99,1.6,,,,12.5,,
2005-03-03,2.76,3.59,4.02,4.39,4.71,0.8,1.69,2.7,1.2850000000000001,2.7825,0.98,1.59,,,,12.93,,5.79
2005-03-04,2.76,3.57,3.97,4.32,4.66,0.75,1.65,2.67,1.255,2.7475,0.94,1.57,,,,11.94,-0.702,
2005-03-07,2.76,3.61,3.99,4.31,4.63,0.7,1.63,2.68,1.235,2.7125,0.92,1.55,,,,12.26,,
2005-03-08,2.75,3.62,4.05,4.38,4.67,0.76,1.67,2.71,1.23,2.6950000000000003,0.92,1.54,,,,12.4,,
2005-03-09,2.76,3.66,4.16,4.52,4.84,0.86,1.77,2.75,1.22,2.6775,0.91,1.53,,,,12.7,,
2005-03-10,2.75,3.68,4.13,4.48,4.74,0.8,1.76,2.72,1.2,2.6425,0.89,1.51,,,,12.49,,5.85
2005-03-11,2.76,3.73,4.22,4.56,4.8,0.83,1.82,2.74,1.17,2.59,0.86,1.48,,,,12.8,-0.692,
2005-03-14,2.8,3.75,4.2,4.52,4.77,0.77,1.82,2.7,1.185,2.625,0.87,1.5,,,,12.39,,
2005-03-15,2.81,3.75,4.22,4.54,4.8,0.79,1.82,2.72,1.195,2.6425,0.88,1.51,,,,13.15,,
2005-03-16,2.8,3.72,4.18,4.52,4.78,0.8,1.79,2.73,1.205,2.6775,0.88,1.53,,,,13.49,,
2005-03-17,2.79,3.7,4.14,4.47,4.75,0.77,1.73,2.74,1.235,2.7475,0.9,1.57,,,,13.29,,5.95
2005-03-18,2.81,3.72,4.18,4.51,4.8,0.79,1.77,2.74,1.25,2.7825,0.91,1.59,,,,13.14,-0.679,
2005-03-21,2.85,3.72,4.18,4.53,4.85,0.81,1.8,2.73,1.2550000000000001,2.8000000000000003,0.91,1.6,,,,13.61,,
2005-03-22,2.89,3.86,4.31,4.63,4.88,0.77,1.87,2.76,1.215,2.73,0.87,1.56,,,,14.27,,
2005-03-23,2.83,3.84,4.3,4.61,4.86,0.77,1.92,2.69,1.225,2.7475,0.88,1.57,,,,14.06,,
2005-03-24,2.84,3.88,4.3,4.6,4.84,0.72,1.9,2.7,1.225,2.765,0.87,1.58,,,,13.42,,6.01
2005-03-25,,,,,,,,,,,,,,,,,-0.665,
2005-03-28,2.84,3.9,4.33,4.64,4.88,0.74,1.94,2.7,1.23,2.765,0.88,1.58,,,,13.75,,
2005-03-29,2.84,3.87,4.3,4.6,4.85,0.73,1.91,2.69,1.24,2.8000000000000003,0.88,1.6,,,,14.49,,
2005-03-30,2.83,3.86,4.26,4.56,4.77,0.7,1.89,2.67,1.245,2.8175000000000003,0.88,1.61,,,,13.64,,
2005-03-31,2.79,3.8,4.18,4.5,4.76,0.7,1.79,2.71,1.27,2.8699999999999997,0.9,1.64,,,,14.02,,6.04
2005-04-01,2.8,3.75,4.13,4.46,4.72,0.71,1.77,2.69,1.275,2.8874999999999997,0.9,1.65,200.2,96.6532,5.2,14.09,-0.65,
2005-04-04,2.8,3.74,4.13,4.47,4.73,0.73,1.79,2.68,1.28,2.8874999999999997,0.91,1.65,,,,14.11,,
2005-04-05,2.79,3.75,4.15,4.48,4.75,0.73,1.81,2.67,1.2999999999999998,2.905,0.94,1.66,,,,13.68,,
2005-04-06,2.76,3.7,4.09,4.44,4.73,0.74,1.8,2.64,1.3199999999999998,2.9225,0.97,1.67,,,,13.15,,
2005-04-07,2.77,3.72,4.13,4.49,4.78,0.77,1.85,2.64,1.3199999999999998,2.8874999999999997,0.99,1.65,,,,12.33,,5.93
2005-04-08,2.79,3.77,4.17,4.5,4.77,0.73,1.84,2.66,1.305,2.8699999999999997,0.97,1.64,,,,12.62,-0.637,
2005-04-11,2.76,3.75,4.13,4.45,4.73,0.7,1.82,2.63,1.3199999999999998,2.9225,0.97,1.67,,,,11.98,,
2005-04-12,2.76,3.71,4.05,4.38,4.66,0.67,1.73,2.65,1.31,2.905,0.96,1.66,,,,11.3,,
2005-04-13,2.77,3.66,4.03,4.38,4.68,0.72,1.74,2.64,1.3399999999999999,2.9575,0.99,1.69,,,,13.31,,
2005-04-14,2.78,3.6,3.99,4.37,4.73,0.77,1.72,2.65,1.385,3.0625,1.02,1.75,,,,14.53,,5.91
2005-04-15,2.79,3.54,3.9,4.27,4.66,0.73,1.67,2.6,1.405,3.115,1.03,1.78,,,,17.74,-0.626,
2005-04-18,2.9,3.55,3.9,4.27,4.62,0.72,1.66,2.61,1.38,3.0625,1.01,1.75,,,,16.56,,
2005-04-19,2.91,3.5,3.85,4.21,4.53,0.71,1.62,2.59,1.3900000000000001,3.08,1.02,1.76,,,,14.96,,
2005-04-20,2.87,3.52,3.86,4.22,4.59,0.7,1.6,2.62,1.4100000000000001,3.115,1.04,1.78,,,,16.92,,
2005-04-21,2.88,3.65,3.97,4.32,4.62,0.67,1.66,2.66,1.37,3.0275,1.01,1.73,,,,14.41,,5.8
2005-04-22,2.93,3.62,3.92,4.26,4.6,0.64,1.61,2.65,1.375,3.045,1.01,1.74,,,,15.38,-0.617,
2005-04-25,2.93,3.64,3.94,4.26,4.54,0.62,1.63,2.63,1.35,2.9924999999999997,0.99,1.71,,,,14.62,,
2005-04-26,2.91,3.67,3.96,4.28,4.59,0.61,1.66,2.62,1.3399999999999999,2.975,0.98,1.7,,,,14.91,,
2005-04-27,2.89,3.64,3.92,4.25,4.57,0.61,1.65,2.6,1.355,3.01,0.99,1.72,,,,14.87,,
2005-04-28,2.88,3.59,3.85,4.19,4.52,0.6,1.58,2.61,1.38,3.0625,1.01,1.75,,,,16.86,,5.78
2005-04-29,2.9,3.66,3.9,4.21,4.53,0.55,1.61,2.6,1.38,3.08,1.0,1.76,,,,15.31,-0.61,
2005-05-01,,,,,,,,,,,,,200.5,96.7402,5.1,,,
2005-05-02,2.93,3.64,3.88,4.21,4.53,0.57,1.61,2.6,1.385,3.0975,1.0,1.77,,,,15.12,,
2005-05-03,2.91,3.68,3.9,4.21,4.49,0.53,1.64,2.57,1.385,3.0975,1.0,1.77,,,,14.53,,
2005-05-04,2.87,3.63,3.87,4.2,4.6,0.57,1.63,2.57,1.455,3.2025,1.08,1.83,,,,13.85,,
2005-05-05,2.81,3.58,3.82,4.19,4.6,0.61,1.62,2.57,1.465,3.22,1.09,1.84,,,,13.98,,5.75
2005-05-06,2.87,3.73,3.95,4.28,4.62,0.55,1.69,2.59,1.415,3.185,1.01,1.82,,,,14.05,-0.605,
2005-05-09,2.91,3.76,3.99,4.29,4.64,0.53,1.69,2.6,1.38,3.115,0.98,1.78,,,,13.75,,
2005-05-10,2.9,3.69,3.93,4.23,4.6,0.54,1.65,2.58,1.4100000000000001,3.185,1.0,1.82,,,,14.91,,
2005-05-11,2.87,3.68,3.91,4.21,4.54,0.53,1.64,2.57,1.4,3.1675,0.99,1.81,,,,14.45,,
2005-05-12,2.88,3.66,3.87,4.18,4.54,0.52,1.66,2.52,1.4100000000000001,3.2025,0.99,1.83,,,,16.12,,5.77
2005-05-13,2.83,3.61,3.83,4.12,4.48,0.51,1.66,2.46,1.4449999999999998,3.29,1.01,1.88,,,,16.32,-0.601,
2005-05-16,2.89,3.61,3.83,4.13,4.49,0.52,1.66,2.47,1.4449999999999998,3.3074999999999997,1.0,1.89,,,,15.68,,
2005-05-17,2.88,3.61,3.82,4.12,4.47,0.51,1.64,2.48,1.45,3.3425,0.99,1.91,,,,14.57,,
2005-05-18,2.86,3.56,3.77,4.07,4.42,0.51,1.65,2.42,1.46,3.36,1.0,1.92,,,,13.63,,
2005-05-19,2.87,3.64,3.84,4.11,4.44,0.47,1.69,2.42,1.455,3.3425,1.0,1.91,,,,13.32,,5.71
2005-05-20,2.9,3.69,3.88,4.13,4.44,0.44,1.67,2.46,1.43,3.3074999999999997,0.97,1.89,,,,13.14,-0.599,
2005-05-23,2.97,3.65,3.83,4.07,4.38,0.42,1.65,2.42,1.44,3.3074999999999997,0.99,1.89,,,,12.95,,
2005-05-24,2.94,3.61,3.78,4.04,4.35,0.43,1.62,2.42,1.455,3.3425,1.0,1.91,,,,12.69,,
2005-05-25,2.95,3.61,3.81,4.08,4.4,0.47,1.66,2.42,1.46,3.3425,1.01,1.91,,,,12.58,,
2005-05-26,2.94,3.64,3.82,4.08,4.45,0.44,1.69,2.39,1.4649999999999999,3.3425,1.02,1.91,,,,12.24,,5.65
2005-05-27,2.97,3.64,3.82,4.08,4.45,0.44,1.67,2.41,1.4649999999999999,3.3425,1.02,1.91,,,,12.15,-0.599,
2005-05-30,,,,,,,,,,,,,,,,,,
2005-05-31,2.99,3.6,3.76,4.0,4.36,0.4,1.63,2.37,1.46,3.3249999999999997,1.02,1.9,,,,13.29,,
2005-06-01,2.97,3.5,3.63,3.91,4.27,0.41,1.54,2.37,1.4649999999999999,3.3425,1.02,1.91,200.6,97.1753,5.0,12.36,,
2005-06-02,2.97,3.52,3.65,3.89,4.2,0.37,1.55,2.34,1.45,3.3074999999999997,1.01,1.89,,,,11.84,,5.62
2005-06-03,3.01,3.57,3.73,3.98,4.26,0.41,1.61,2.37,1.405,3.22,0.97,1.84,,,,12.15,-0.599,
2005-06-06,3.02,3.59,3.73,3.96,4.23,0.37,1.6,2.36,1.3900000000000001,3.185,0.96,1.82,,,,12.28,,
2005-06-07,3.02,3.57,3.7,3.92,4.18,0.35,1.6,2.32,1.385,3.185,0.95,1.82,,,,12.39,,
2005-06-08,3.02,3.6,3.73,3.95,4.24,0.35,1.63,2.32,1.38,3.185,0.94,1.82,,,,12.7,,
2005-06-09,2.99,3.64,3.76,3.98,4.23,0.34,1.64,2.34,1.385,3.2025,0.94,1.83,,,,12.08,,5.56
2005-06-10,3.01,3.71,3.84,4.05,4.3,0.34,1.74,2.31,1.3900000000000001,3.22,0.94,1.84,,,,11.96,-0.6,
2005-06-13,3.03,3.71,3.87,4.09,4.39,0.38,1.76,2.33,1.395,3.22,0.95,1.84,,,,11.65,,
2005-06-14,3.01,3.71,3.89,4.13,4.41,0.42,1.79,2.34,1.42,3.2725,0.97,1.87,,,,11.79,,
2005-06-15,3.0,3.72,3.9,4.12,4.44,0.4,1.79,2.33,1.42,3.2725,0.97,1.87,,,,11.46,,
2005-06-16,2.98,3.7,3.87,4.09,4.36,0.39,1.75,2.34,1.405,3.2550000000000003,0.95,1.86,,,,11.15,,5.63
2005-06-17,2.99,3.72,3.88,4.09,4.35,0.37,1.72,2.37,1.4,3.2375000000000003,0.95,1.85,,,,11.48,-0.601,
2005-06-20,3.02,3.72,3.88,4.11,4.34,0.39,1.74,2.37,1.4,3.2375000000000003,0.95,1.85,,,,11.47,,
2005-06-21,3.02,3.71,3.84,4.06,4.32,0.35,1.72,2.34,1.395,3.2375000000000003,0.94,1.85,,,,11.08,,
2005-06-22,3.03,3.62,3.72,3.95,4.23,0.33,1.68,2.27,1.43,3.3074999999999997,0.97,1.89,,,,11.05,,
2005-06-23,3.07,3.63,3.74,3.96,4.27,0.33,1.68,2.28,1.4249999999999998,3.29,0.97,1.88,,,,12.13,,5.57
2005-06-24,3.09,3.59,3.69,3.92,4.23,0.33,1.65,2.27,1.43,3.3074999999999997,0.97,1.89,,,,12.18,-0.603,
2005-06-27,3.15,3.6,3.69,3.9,4.25,0.3,1.62,2.28,1.4249999999999998,3.3074999999999997,0.96,1.89,,,,12.52,,
2005-06-28,3.14,3.65,3.76,3.97,4.22,0.32,1.67,2.3,1.405,3.2725,0.94,1.87,,,,11.58,,
2005-06-29,3.13,3.65,3.77,3.99,4.24,0.34,1.69,2.3,1.42,3.2725,0.97,1.87,,,,11.77,,
2005-06-30,3.13,3.66,3.72,3.94,4.19,0.28,1.67,2.27,1.42,3.2725,0.97,1.87,,,,12.04,,5.53
2005-07-01,3.17,3.76,3.84,4.06,4.28,0.3,1.75,2.31,1.3800000000000001,3.2025,0.93,1.83,200.9,96.8676,5.0,11.4,-0.605,
2005-07-04,,,,,,,,,,,,,,,,,,
2005-07-05,3.22,3.79,3.9,4.11,4.34,0.32,1.8,2.31,1.3900000000000001,3.22,0.94,1.84,,,,11.68,,
2005-07-06,3.19,3.77,3.86,4.08,4.31,0.31,1.78,2.3,1.395,3.2375000000000003,0.94,1.85,,,,12.27,,
2005-07-07,3.15,3.71,3.83,4.05,4.28,0.34,1.77,2.28,1.3900000000000001,3.22,0.94,1.84,,,,12.49,,5.62
2005-07-08,3.17,3.78,3.89,4.11,4.33,0.33,1.83,2.28,1.385,3.2025,0.94,1.83,,,,11.45,-0.607,
2005-07-11,3.19,3.81,3.91,4.11,4.3,0.3,1.81,2.3,1.345,3.1675,0.88,1.81,,,,11.28,,
2005-07-12,3.21,3.82,3.94,4.15,4.36,0.33,1.83,2.32,1.34,3.15,0.88,1.8,,,,10.95,,
2005-07-13,3.22,3.84,3.96,4.17,4.38,0.33,1.87,2.3,1.335,3.1325000000000003,0.88,1.79,,,,10.84,,
2005-07-14,3.23,3.86,3.98,4.19,4.4,0.33,1.94,2.25,1.33,3.115,0.88,1.78,,,,10.81,,5.66
2005-07-15,3.26,3.86,3.98,4.18,4.39,0.32,1.95,2.23,1.32,3.0975,0.87,1.77,,,,10.33,-0.61,
2005-07-18,3.3,3.89,4.01,4.22,4.44,0.33,1.98,2.24,1.35,3.15,0.9,1.8,,,,10.77,,
2005-07-19,3.31,3.88,3.99,4.2,4.41,0.32,1.92,2.28,1.335,3.115,0.89,1.78,,,,10.45,,
2005-07-20,3.3,3.9,3.99,4.17,4.37,0.27,1.9,2.27,1.325,3.0975,0.88,1.77,,,,10.23,,
2005-07-21,3.35,3.96,4.09,4.28,4.48,0.32,1.95,2.33,1.305,3.08,0.85,1.76,,,,10.97,,5.73
2005-07-22,3.38,3.92,4.04,4.23,4.39,0.31,1.89,2.34,1.295,3.0625,0.84,1.75,,,,10.52,-0.612,
2005-07-25,3.44,3.95,4.06,4.25,4.44,0.3,1.94,2.31,1.285,3.01,0.85,1.72,,,,11.1,,
2005-07-26,3.43,3.95,4.06,4.24,4.44,0.29,1.92,2.32,1.285,3.01,0.85,1.72,,,,10.99,,
2005-07-27,3.4,3.99,4.09,4.27,4.42,0.28,1.92,2.35,1.275,2.9924999999999997,0.84,1.71,,,,10.36,,
2005-07-28,3.41,3.96,4.04,4.2,4.38,0.24,1.86,2.34,1.245,2.94,0.81,1.68,,,,10.52,,5.77
2005-07-29,3.42,4.02,4.12,4.28,4.42,0.26,1.92,2.36,1.2349999999999999,2.9225,0.8,1.67,,,,11.57,-0.613,
2005-08-01,3.48,4.04,4.16,4.32,4.46,0.28,1.95,2.37,1.24,2.9225,0.81,1.67,201.1,97.1833,4.9,12.08,,
2005-08-02,3.49,4.06,4.17,4.34,4.52,0.28,1.99,2.35,1.255,2.94,0.83,1.68,,,,11.75,,
2005-08-03,3.46,4.02,4.13,4.3,4.48,0.28,1.93,2.37,1.27,2.975,0.84,1.7,,,,11.83,,
2005-08-04,3.47,4.04,4.15,4.32,4.5,0.28,1.94,2.38,1.26,2.9575,0.83,1.69,,,,12.52,,5.82
2005-08-05,3.52,4.11,4.24,4.4,4.56,0.29,2.0,2.4,1.24,2.9225,0.81,1.67,,,,12.48,-0.612,
2005-08-08,3.54,4.16,4.28,4.42,4.58,0.26,2.02,2.4,1.24,2.9225,0.81,1.67,,,,13.21,,
2005-08-09,3.52,4.13,4.25,4.41,4.56,0.28,2.02,2.39,1.225,2.905,0.79,1.66,,,,12.4,,
2005-08-10,3.51,4.13,4.24,4.4,4.56,0.27,2.01,2.39,1.245,2.94,0.81,1.68,,,,12.38,,
2005-08-11,3.51,4.1,4.18,4.32,4.51,0.22,1.97,2.35,1.275,2.9924999999999997,0.84,1.71,,,,12.42,,5.89
2005-08-12,3.52,4.05,4.11,4.24,4.42,0.19,1.91,2.33,1.27,2.9924999999999997,0.83,1.71,,,,12.74,-0.61,
2005-08-15,3.54,4.08,4.15,4.27,4.45,0.19,1.92,2.35,1.275,2.9924999999999997,0.84,1.71,,,,12.26,,
2005-08-16,3.54,4.03,4.1,4.23,4.41,0.2,1.87,2.36,1.275,2.9924999999999997,0.84,1.71,,,,13.52,,
2005-08-17,3.52,4.07,4.15,4.28,4.49,0.21,1.91,2.37,1.275,2.9924999999999997,0.84,1.71,,,,13.3,,
2005-08-18,3.5,4.01,4.08,4.21,4.4,0.2,1.86,2.35,1.295,3.0275,0.86,1.73,,,,13.42,,5.8
2005-08-19,3.52,4.03,4.08,4.21,4.4,0.18,1.85,2.36,1.285,3.01,0.85,1.72,,,,13.42,-0.605,
2005-08-22,3.53,4.03,4.08,4.22,4.4,0.19,1.86,2.36,1.285,3.01,0.85,1.72,,,,13.42,,
2005-08-23,3.53,4.01,4.07,4.2,4.39,0.19,1.85,2.35,1.285,3.01,0.85,1.72,,,,13.34,,
2005-08-24,3.53,3.99,4.06,4.19,4.38,0.2,1.83,2.36,1.285,3.01,0.85,1.72,,,,14.17,,
2005-08-25,3.54,4.0,4.06,4.18,4.37,0.18,1.8,2.38,1.265,2.975,0.83,1.7,,,,13.73,,5.77
2005-08-26,3.55,4.06,4.09,4.2,4.38,0.14,1.81,2.39,1.26,2.9575,0.83,1.69,,,,13.72,-0.598,
2005-08-29,3.54,4.06,4.08,4.2,4.37,0.14,1.79,2.41,1.245,2.94,0.81,1.68,,,,13.52,,
2005-08-30,3.54,3.97,4.03,4.16,4.34,0.19,1.71,2.45,1.2349999999999999,2.9225,0.8,1.67,,,,13.65,,
2005-08-31,3.52,3.84,3.87,4.02,4.23,0.18,1.65,2.37,1.33,3.0975,0.89,1.77,,,,12.6,,
2005-09-01,3.48,3.72,3.85,4.02,4.28,0.3,1.61,2.41,1.365,3.1675,0.92,1.81,201.3,95.3005,5.0,13.15,,5.71
2005-09-02,3.46,3.75,3.85,4.03,4.26,0.28,1.59,2.44,1.3800000000000001,3.22,0.92,1.84,,,,13.57,-0.591,
2005-09-05,,,,,,,,,,,,,,,,,,
2005-09-06,3.52,3.8,3.89,4.09,4.36,0.29,1.65,2.44,1.37,3.2025,0.91,1.83,,,,12.93,,
2005-09-07,3.49,3.87,3.93,4.15,4.43,0.28,1.69,2.46,1.375,3.2025,0.92,1.83,,,,12.52,,
2005-09-08,3.48,3.87,3.94,4.15,4.43,0.28,1.68,2.47,1.375,3.2025,0.92,1.83,,,,12.93,,5.71
2005-09-09,3.49,3.88,3.94,4.14,4.36,0.26,1.64,2.5,1.365,3.185,0.91,1.82,,,,11.98,-0.583,
2005-09-12,3.51,3.92,3.98,4.18,4.45,0.26,1.69,2.49,1.37,3.185,0.92,1.82,,,,11.65,,
2005-09-13,3.47,3.88,3.93,4.14,4.38,0.26,1.67,2.47,1.3800000000000001,3.2025,0.93,1.83,,,,12.39,,
2005-09-14,3.42,3.9,3.96,4.17,4.41,0.27,1.68,2.49,1.3800000000000001,3.2025,0.93,1.83,,,,12.91,,
2005-09-15,3.45,3.9,3.99,4.22,4.51,0.32,1.71,2.51,1.3900000000000001,3.22,0.94,1.84,,,,12.49,,5.74
2005-09-16,3.5,3.97,4.05,4.26,4.56,0.29,1.73,2.53,1.405,3.2375000000000003,0.96,1.85,,,,11.22,-0.576,
2005-09-19,3.58,3.93,4.02,4.25,4.55,0.32,1.7,2.55,1.405,3.2375000000000003,0.96,1.85,,,,12.14,,
2005-09-20,3.61,4.0,4.06,4.26,4.49,0.26,1.74,2.52,1.37,3.1675,0.93,1.81,,,,12.64,,
2005-09-21,3.41,3.96,4.01,4.19,4.47,0.23,1.68,2.51,1.395,3.22,0.95,1.84,,,,13.79,,
2005-09-22,3.47,3.95,3.99,4.19,4.47,0.24,1.67,2.52,1.3900000000000001,3.22,0.94,1.84,,,,13.33,,5.8
2005-09-23,3.48,4.02,4.07,4.25,4.47,0.23,1.74,2.51,1.3800000000000001,3.2025,0.93,1.83,,,,12.96,-0.57,
2005-09-26,3.52,4.07,4.11,4.3,4.56,0.23,1.78,2.52,1.3800000000000001,3.2025,0.93,1.83,,,,13.04,,
2005-09-27,3.49,4.08,4.13,4.3,4.56,0.22,1.77,2.53,1.3900000000000001,3.22,0.94,1.84,,,,12.76,,
2005-09-28,3.46,4.09,4.11,4.26,4.46,0.17,1.73,2.53,1.365,3.185,0.91,1.82,,,,12.63,,
2005-09-29,3.54,4.13,4.14,4.29,4.5,0.16,1.75,2.54,1.375,3.2025,0.92,1.83,,,,12.24,,5.91
2005-09-30,3.55,4.18,4.18,4.34,4.53,0.16,1.78,2.56,1.345,3.1675,0.88,1.81,,,,11.92,-0.567,
2005-10-01,,,,,,,,,,,,,202.0,96.4572,5.0,,,
2005-10-03,3.61,4.21,4.25,4.39,4.58,0.18,1.84,2.55,1.35,3.185,0.88,1.82,,,,12.46,,
2005-10-04,3.63,4.22,4.24,4.38,4.61,0.16,1.87,2.51,1.34,3.1675,0.87,1.81,,,,13.2,,
2005-10-05,3.58,4.21,4.23,4.36,4.54,0.15,1.86,2.5,1.34,3.1675,0.87,1.81,,,,14.55,,
2005-10-06,3.61,4.2,4.23,4.37,4.55,0.17,1.91,2.46,1.36,3.185,0.9,1.82,,,,14.96,,5.98
2005-10-07,3.63,4.18,4.23,4.35,4.53,0.17,1.9,2.45,1.36,3.185,0.9,1.82,,,,14.59,-0.567,
2005-10-10,,,,,,,,,,,,,,,,15.55,,
2005-10-11,3.73,4.22,4.27,4.39,4.56,0.17,1.92,2.47,1.34,3.15,0.88,1.8,,,,15.63,,
2005-10-12,3.7,4.24,4.32,4.45,4.62,0.21,1.96,2.49,1.36,3.2025,0.89,1.83,,,,16.22,,
2005-10-13,3.75,4.24,4.32,4.48,4.66,0.24,1.96,2.52,1.385,3.2550000000000003,0.91,1.86,,,,16.47,,6.03
2005-10-14,3.78,4.27,4.34,4.48,4.67,0.21,1.98,2.5,1.3900000000000001,3.2725,0.91,1.87,,,,14.87,-0.572,
2005-10-17,3.86,4.29,4.36,4.5,4.68,0.21,1.94,2.56,1.365,3.22,0.89,1.84,,,,14.67,,
2005-10-18,3.85,4.27,4.34,4.49,4.64,0.22,1.92,2.57,1.36,3.22,0.88,1.84,,,,15.33,,
2005-10-19,3.86,4.25,4.32,4.47,4.66,0.22,1.92,2.55,1.375,3.2550000000000003,0.89,1.86,,,,13.5,,
2005-10-20,3.85,4.27,4.33,4.46,4.62,0.19,1.92,2.54,1.375,3.2550000000000003,0.89,1.86,,,,16.11,,6.1
2005-10-21,3.87,4.22,4.26,4.39,4.58,0.17,1.89,2.5,1.37,3.2375000000000003,0.89,1.85,,,,16.13,-0.577,
2005-10-24,3.92,4.25,4.32,4.45,4.63,0.2,1.93,2.52,1.365,3.2375000000000003,0.88,1.85,,,,14.74,,
2005-10-25,3.93,4.34,4.41,4.54,4.7,0.2,2.05,2.49,1.325,3.1675,0.84,1.81,,,,14.53,,
2005-10-26,3.9,4.38,4.46,4.6,4.77,0.22,2.06,2.54,1.355,3.22,0.87,1.84,,,,14.59,,
2005-10-27,3.88,4.36,4.43,4.57,4.74,0.21,2.01,2.56,1.355,3.22,0.87,1.84,,,,16.02,,6.15
2005-10-28,3.93,4.4,4.46,4.58,4.74,0.18,2.01,2.57,1.345,3.2025,0.86,1.83,,,,14.25,-0.583,
2005-10-31,3.98,4.4,4.45,4.57,4.73,0.17,2.0,2.57,1.345,3.2025,0.86,1.83,,,,15.32,,
2005-11-01,3.96,4.42,4.47,4.58,4.74,0.16,2.0,2.58,1.35,3.22,0.86,1.84,202.5,97.5414,5.0,14.85,,
2005-11-02,3.94,4.43,4.5,4.61,4.74,0.18,2.02,2.59,1.355,3.22,0.87,1.84,,,,13.48,,
2005-11-03,3.94,4.47,4.55,4.65,4.79,0.18,2.03,2.62,1.345,3.185,0.87,1.82,,,,13.0,,6.31
2005-11-04,3.98,4.47,4.56,4.66,4.84,0.19,2.06,2.6,1.345,3.185,0.87,1.82,,,,13.17,-0.587,
2005-11-07,3.96,4.47,4.55,4.65,4.82,0.18,2.03,2.62,1.34,3.185,0.86,1.82,,,,13.1,,
2005-11-08,3.96,4.43,4.49,4.57,4.75,0.14,2.01,2.56,1.35,3.2025,0.87,1.83,,,,13.08,,
2005-11-09,3.99,4.49,4.55,4.64,4.78,0.15,2.08,2.56,1.34,3.185,0.86,1.82,,,,12.8,,
2005-11-10,3.97,4.44,4.49,4.55,4.74,0.11,2.07,2.48,1.36,3.22,0.88,1.84,,,,11.9,,6.36
2005-11-11,,,,,,,,,,,,,,,,11.63,-0.588,
2005-11-14,4.02,4.5,4.54,4.61,4.75,0.11,2.14,2.47,1.35,3.2025,0.87,1.83,,,,12.18,,
2005-11-15,4.01,4.47,4.51,4.56,4.7,0.09,2.12,2.44,1.345,3.2025,0.86,1.83,,,,12.23,,
2005-11-16,4.0,4.42,4.43,4.49,4.63,0.07,2.07,2.42,1.35,3.22,0.86,1.84,,,,12.26,,
2005-11-17,4.01,4.37,4.39,4.46,4.6,0.09,2.04,2.42,1.36,3.2375000000000003,0.87,1.85,,,,11.25,,6.37
2005-11-18,4.01,4.4,4.43,4.5,4.68,0.1,2.09,2.41,1.365,3.2550000000000003,0.87,1.86,,,,11.12,-0.586,
2005-11-21,4.0,4.39,4.39,4.46,4.62,0.07,2.08,2.38,1.375,3.2725,0.88,1.87,,,,10.82,,
2005-11-22,3.93,4.32,4.34,4.43,4.65,0.11,2.03,2.4,1.41,3.3425,0.91,1.91,,,,10.6,,
2005-11-23,3.95,4.36,4.38,4.47,4.7,0.11,2.08,2.39,1.415,3.3425,0.92,1.91,,,,10.96,,6.28
2005-11-24,,,,,,,,,,,,,,,,,,
2005-11-25,3.95,4.33,4.34,4.43,4.66,0.1,2.05,2.38,1.41,3.3425,0.91,1.91,,,,10.88,-0.58,
2005-11-28,3.98,4.33,4.32,4.41,4.58,0.08,2.04,2.37,1.39,3.3074999999999997,0.89,1.89,,,,11.84,,
2005-11-29,3.98,4.4,4.4,4.48,4.65,0.08,2.11,2.37,1.385,3.29,0.89,1.88,,,,11.89,,
2005-11-30,3.95,4.42,4.42,4.49,4.66,0.07,2.12,2.37,1.41,3.3074999999999997,0.93,1.89,,,,12.06,,
2005-12-01,3.97,4.45,4.45,4.52,4.68,0.07,2.15,2.37,1.4000000000000001,3.2725,0.93,1.87,202.8,98.0452,4.9,11.24,,6.26
2005-12-02,3.99,4.43,4.45,4.52,4.68,0.09,2.16,2.36,1.395,3.2725,0.92,1.87,,,,11.01,-0.574,
2005-12-05,4.04,4.47,4.5,4.57,4.72,0.1,2.17,2.4,1.385,3.2550000000000003,0.91,1.86,,,,11.6,,
2005-12-06,4.04,4.42,4.42,4.49,4.68,0.07,2.12,2.37,1.4,3.29,0.92,1.88,,,,11.52,,
2005-12-07,4.03,4.42,4.43,4.52,4.67,0.1,2.18,2.34,1.4,3.29,0.92,1.88,,,,12.18,,
2005-12-08,3.94,4.37,4.36,4.47,4.62,0.1,2.14,2.33,1.4,3.29,0.92,1.88,,,,12.21,,6.32
2005-12-09,3.94,4.43,4.44,4.54,4.72,0.11,2.18,2.36,1.4,3.29,0.92,1.88,,,,11.69,-0.567,
2005-12-12,3.9,4.45,4.46,4.56,4.69,0.11,2.17,2.39,1.3800000000000001,3.2550000000000003,0.9,1.86,,,,11.47,,
2005-12-13,3.91,4.43,4.44,4.54,4.68,0.11,2.16,2.38,1.4,3.29,0.92,1.88,,,,11.11,,
2005-12-14,3.89,4.37,4.36,4.45,4.63,0.08,2.1,2.35,1.405,3.29,0.93,1.88,,,,10.48,,
2005-12-15,3.93,4.37,4.38,4.47,4.62,0.1,2.12,2.35,1.395,3.2725,0.92,1.87,,,,10.73,,6.3
2005-12-16,3.93,4.37,4.36,4.45,4.63,0.08,2.11,2.34,1.3800000000000001,3.2375000000000003,0.91,1.85,,,,10.68,-0.562,
2005-12-19,3.96,4.38,4.37,4.45,4.62,0.07,2.11,2.34,1.37,3.22,0.9,1.84,,,,11.38,,
2005-12-20,3.95,4.42,4.4,4.47,4.63,0.05,2.12,2.35,1.37,3.22,0.9,1.84,,,,11.19,,
2005-12-21,3.98,4.43,4.42,4.49,4.65,0.06,2.14,2.35,1.365,3.22,0.89,1.84,,,,10.81,,
2005-12-22,3.98,4.4,4.38,4.44,4.59,0.04,2.11,2.33,1.355,3.2025,0.88,1.83,,,,10.29,,6.26
2005-12-23,3.99,4.37,4.32,4.38,4.52,0.01,2.07,2.31,1.355,3.2025,0.88,1.83,,,,10.27,-0.561,
2005-12-26,,,,,,,,,,,,,,,,,,
2005-12-27,3.98,4.35,4.3,4.34,4.48,-0.01,2.05,2.29,1.35,3.2025,0.87,1.83,,,,11.57,,
2005-12-28,3.95,4.37,4.32,4.38,4.51,0.01,2.1,2.28,1.345,3.185,0.87,1.82,,,,11.35,,
2005-12-29,4.01,4.38,4.33,4.37,4.49,-0.01,2.07,2.3,1.345,3.185,0.87,1.82,,,,11.61,,6.22
2005-12-30,4.08,4.41,4.35,4.39,4.51,-0.02,2.06,2.33,1.345,3.185,0.87,1.82,,,,12.07,-0.563,
2006-01-01,,,,,,,,,,,,,203.2,98.1999,4.7,,,
2006-01-02,,,,,,,,,,,,,,,,,,
2006-01-03,4.16,4.34,4.3,4.37,4.52,0.03,2.03,2.34,1.365,3.22,0.89,1.84,,,,11.14,,
2006-01-04,4.19,4.31,4.28,4.36,4.55,0.05,2.01,2.35,1.365,3.22,0.89,1.84,,,,11.37,,
2006-01-05,4.2,4.32,4.29,4.36,4.51,0.04,2.04,2.32,1.37,3.22,0.9,1.84,,,,11.31,,6.21
2006-01-06,4.22,4.36,4.32,4.38,4.53,0.02,2.05,2.33,1.37,3.22,0.9,1.84,,,,11.0,-0.569,
2006-01-09,4.23,4.36,4.32,4.38,4.53,0.02,2.05,2.33,1.37,3.22,0.9,1.84,,,,11.13,,
2006-01-10,4.29,4.41,4.36,4.43,4.62,0.02,2.06,2.37,1.36,3.22,0.88,1.84,,,,10.86,,
2006-01-11,4.3,4.44,4.39,4.46,4.61,0.02,2.07,2.39,1.36,3.22,0.88,1.84,,,,10.94,,
2006-01-12,4.32,4.39,4.35,4.42,4.56,0.03,2.01,2.41,1.35,3.2025,0.87,1.83,,,,11.2,,6.15
2006-01-13,4.33,4.34,4.28,4.36,4.49,0.02,1.97,2.39,1.345,3.185,0.87,1.82,,,,11.23,-0.58,
2006-01-16,,,,,,,,,,,,,,,,,,
2006-01-17,4.38,4.33,4.27,4.34,4.52,0.01,1.95,2.39,1.35,3.2025,0.87,1.83,,,,11.91,,
2006-01-18,4.35,4.33,4.28,4.34,4.53,0.01,1.97,2.37,1.365,3.22,0.89,1.84,,,,12.25,,
2006-01-19,4.35,4.37,4.31,4.38,4.51,0.01,1.97,2.41,1.355,3.2025,0.88,1.83,,,,11.98,,6.1
2006-01-20,4.35,4.37,4.31,4.37,4.54,0.0,1.94,2.43,1.34,3.1675,0.87,1.81,,,,14.56,-0.59,
2006-01-23,4.38,4.35,4.3,4.36,4.54,0.01,1.94,2.42,1.35,3.185,0.88,1.82,,,,13.93,,
2006-01-24,4.4,4.37,4.32,4.4,4.53,0.03,1.97,2.43,1.34,3.1675,0.87,1.81,,,,13.31,,
2006-01-25,4.42,4.46,4.41,4.49,4.62,0.03,2.03,2.46,1.335,3.15,0.87,1.8,,,,12.87,,
2006-01-26,4.45,4.49,4.44,4.53,4.66,0.04,2.01,2.52,1.335,3.15,0.87,1.8,,,,12.42,,6.12
2006-01-27,4.45,4.51,4.45,4.52,4.7,0.01,2.02,2.5,1.32,3.115,0.86,1.78,,,,11.97,-0.603,
2006-01-30,4.48,4.52,4.46,4.54,4.67,0.02,2.03,2.51,1.33,3.1325000000000003,0.87,1.79,,,,12.39,,
2006-01-31,4.47,4.54,4.47,4.53,4.69,-0.01,2.0,2.53,1.32,3.115,0.86,1.78,,,,12.95,,
2006-02-01,4.47,4.59,4.51,4.57,4.69,-0.02,2.02,2.55,1.3,3.08,0.84,1.76,203.6,98.2413,4.8,12.36,,
2006-02-02,4.48,4.59,4.51,4.57,4.68,-0.02,2.04,2.53,1.285,3.045,0.83,1.74,,,,13.23,,6.23
2006-02-03,4.48,4.59,4.5,4.54,4.64,-0.05,2.0,2.54,1.25,3.01,0.78,1.72,,,,12.96,-0.614,
2006-02-06,4.48,4.62,4.51,4.55,4.61,-0.07,2.0,2.55,1.22,2.9575,0.75,1.69,,,,13.04,,
2006-02-07,4.49,4.61,4.52,4.57,4.64,-0.04,2.02,2.55,1.24,2.9924999999999997,0.77,1.71,,,,13.59,,
2006-02-08,4.5,4.64,4.55,4.56,4.67,-0.08,2.07,2.49,1.275,3.0625,0.8,1.75,,,,12.83,,
2006-02-09,4.52,4.66,4.55,4.54,4.51,-0.12,2.05,2.49,1.255,3.0275,0.78,1.73,,,,13.12,,6.24
2006-02-10,4.53,4.69,4.59,4.59,4.55,-0.1,2.09,2.5,1.24,2.9924999999999997,0.77,1.71,,,,12.87,-0.622,
2006-02-13,4.55,4.68,4.58,4.58,4.56,-0.1,2.08,2.5,1.255,3.01,0.79,1.72,,,,13.35,,
2006-02-14,4.55,4.69,4.61,4.62,4.6,-0.07,2.14,2.48,1.245,2.9924999999999997,0.78,1.71,,,,12.25,,
2006-02-15,4.55,4.71,4.6,4.61,4.58,-0.1,2.13,2.48,1.24,2.975,0.78,1.7,,,,12.31,,
2006-02-16,4.55,4.69,4.59,4.59,4.57,-0.1,2.1,2.49,1.255,2.9924999999999997,0.8,1.71,,,,11.48,,6.28
2006-02-17,4.54,4.66,4.55,4.54,4.51,-0.12,2.03,2.51,1.24,2.975,0.78,1.7,,,,12.01,-0.629,
2006-02-20,,,,,,,,,,,,,,,,,,
2006-02-21,4.56,4.71,4.59,4.57,4.53,-0.14,2.04,2.53,1.225,2.94,0.77,1.68,,,,12.41,,
2006-02-22,4.57,4.68,4.57,4.53,4.48,-0.15,2.01,2.52,1.225,2.94,0.77,1.68,,,,11.88,,
2006-02-23,4.59,4.72,4.63,4.56,4.51,-0.16,2.03,2.53,1.2149999999999999,2.9225,0.76,1.67,,,,11.87,,6.26
2006-02-24,4.6,4.74,4.64,4.58,4.52,-0.16,2.02,2.56,1.19,2.8699999999999997,0.74,1.64,,,,11.46,-0.633,
2006-02-27,4.62,4.74,4.66,4.59,4.55,-0.15,2.04,2.55,1.2,2.8874999999999997,0.75,1.65,,,,11.59,,
2006-02-28,4.62,4.69,4.61,4.55,4.51,-0.14,2.02,2.53,1.205,2.8874999999999997,0.76,1.65,,,,12.34,,
2006-03-01,4.6,4.71,4.63,4.59,4.56,-0.12,2.02,2.57,1.2149999999999999,2.905,0.77,1.66,204.3,98.4628,4.7,11.54,,
2006-03-02,4.62,4.72,4.68,4.64,4.62,-0.08,2.05,2.59,1.2149999999999999,2.905,0.77,1.66,,,,11.72,,6.24
2006-03-03,4.62,4.76,4.71,4.68,4.66,-0.08,2.07,2.61,1.225,2.9225,0.78,1.67,,,,11.96,-0.634,
2006-03-06,4.6,4.77,4.76,4.74,4.72,-0.03,2.14,2.6,1.23,2.9225,0.79,1.67,,,,12.74,,
2006-03-07,4.6,4.77,4.76,4.74,4.72,-0.03,2.16,2.58,1.225,2.9225,0.78,1.67,,,,12.66,,
2006-03-08,4.58,4.72,4.75,4.73,4.72,0.01,2.2,2.53,1.24,2.94,0.8,1.68,,,,12.32,,
2006-03-09,4.6,4.72,4.75,4.74,4.72,0.02,2.2,2.54,1.225,2.9225,0.78,1.67,,,,12.68,,6.37
2006-03-10,4.62,4.74,4.77,4.76,4.74,0.02,2.23,2.53,1.225,2.9225,0.78,1.67,,,,11.85,-0.633,
2006-03-13,4.61,4.74,4.78,4.77,4.77,0.03,2.24,2.53,1.245,2.9575,0.8,1.69,,,,11.37,,
2006-03-14,4.59,4.66,4.68,4.71,4.71,0.05,2.17,2.54,1.24,2.94,0.8,1.68,,,,10.74,,
2006-03-15,4.63,4.69,4.69,4.73,4.75,0.04,2.18,2.55,1.26,2.975,0.82,1.7,,,,11.35,,
2006-03-16,4.62,4.62,4.6,4.65,4.7,0.03,2.12,2.53,1.28,3.01,0.84,1.72,,,,11.98,,6.34
2006-03-17,4.64,4.65,4.62,4.68,4.72,0.03,2.16,2.52,1.265,2.975,0.83,1.7,,,,12.12,-0.632,
2006-03-20,4.66,4.65,4.61,4.66,4.7,0.01,2.15,2.51,1.265,2.975,0.83,1.7,,,,11.79,,
2006-03-21,4.69,4.72,4.68,4.71,4.74,-0.01,2.23,2.48,1.26,2.975,0.82,1.7,,,,11.62,,
2006-03-22,4.69,4.74,4.69,4.7,4.73,-0.04,2.23,2.47,1.245,2.9575,0.8,1.69,,,,11.21,,
2006-03-23,4.67,4.77,4.73,4.73,4.75,-0.04,2.24,2.49,1.255,2.975,0.81,1.7,,,,11.17,,6.32
2006-03-24,4.65,4.72,4.66,4.67,4.7,-0.05,2.2,2.47,1.25,2.975,0.8,1.7,,,,11.19,-0.63,
2006-03-27,4.63,4.72,4.69,4.7,4.73,-0.02,2.23,2.47,1.255,2.975,0.81,1.7,,,,11.46,,
2006-03-28,4.65,4.81,4.79,4.79,4.8,-0.02,2.3,2.49,1.2349999999999999,2.94,0.79,1.68,,,,11.58,,
2006-03-29,4.63,4.82,4.79,4.81,4.84,-0.01,2.32,2.49,1.26,2.9924999999999997,0.81,1.71,,,,10.95,,
2006-03-30,4.61,4.84,4.83,4.86,4.89,0.02,2.35,2.51,1.255,2.975,0.81,1.7,,,,11.57,,6.35
2006-03-31,4.63,4.82,4.82,4.86,4.9,0.04,2.35,2.51,1.25,2.9575,0.81,1.69,,,,11.39,-0.628,
2006-04-01,,,,,,,,,,,,,204.8,98.7618,4.7,,,
2006-04-03,4.67,4.86,4.85,4.88,4.9,0.02,2.36,2.52,1.24,2.94,0.8,1.68,,,,11.57,,
2006-04-04,4.68,4.84,4.82,4.87,4.91,0.03,2.38,2.49,1.255,2.9575,0.82,1.69,,,,11.14,,
2006-04-05,4.67,4.81,4.79,4.84,4.9,0.03,2.34,2.5,1.27,2.975,0.84,1.7,,,,11.13,,
2006-04-06,4.68,4.84,4.84,4.9,4.96,0.06,2.38,2.52,1.27,2.975,0.84,1.7,,,,11.45,,6.43
2006-04-07,4.69,4.89,4.89,4.97,5.04,0.08,2.43,2.54,1.275,2.975,0.85,1.7,,,,12.26,-0.626,
2006-04-10,4.69,4.89,4.89,4.97,5.04,0.08,2.41,2.56,1.275,2.975,0.85,1.7,,,,12.19,,
2006-04-11,4.7,4.88,4.86,4.93,5.0,0.05,2.37,2.56,1.285,2.9924999999999997,0.86,1.71,,,,13.0,,
2006-04-12,4.7,4.91,4.91,4.98,5.05,0.07,2.41,2.57,1.285,2.9924999999999997,0.86,1.71,,,,12.76,,
2006-04-13,4.7,4.96,4.97,5.05,5.11,0.09,2.48,2.57,1.265,2.9575,0.84,1.69,,,,12.38,,6.49
2006-04-14,,,,,,,,,,,,,,,,,-0.624,
2006-04-17,4.72,4.91,4.93,5.01,5.08,0.1,2.43,2.58,1.275,2.975,0.85,1.7,,,,12.58,,
2006-04-18,4.72,4.84,4.87,4.99,5.07,0.15,2.38,2.61,1.28,2.975,0.86,1.7,,,,11.4,,
2006-04-19,4.73,4.86,4.91,5.04,5.13,0.18,2.38,2.66,1.285,2.975,0.87,1.7,,,,11.32,,
2006-04-20,4.73,4.89,4.92,5.04,5.14,0.15,2.42,2.62,1.29,2.975,0.88,1.7,,,,11.64,,6.53
2006-04-21,4.75,4.9,4.92,5.01,5.1,0.11,2.39,2.62,1.285,2.975,0.87,1.7,,,,11.59,-0.622,
2006-04-24,4.75,4.89,4.9,4.99,5.07,0.1,2.39,2.6,1.26,2.9225,0.85,1.67,,,,11.75,,
2006-04-25,4.79,4.95,4.98,5.07,5.16,0.12,2.47,2.6,1.27,2.94,0.86,1.68,,,,11.75,,
2006-04-26,4.79,4.99,5.02,5.12,5.18,0.13,2.51,2.61,1.2349999999999999,2.8699999999999997,0.83,1.64,,,,11.76,,
2006-04-27,4.78,4.91,4.95,5.09,5.18,0.18,2.45,2.64,1.27,2.9225,0.87,1.67,,,,11.84,,6.58
2006-04-28,4.77,4.87,4.92,5.07,5.17,0.2,2.39,2.68,1.275,2.9225,0.88,1.67,,,,11.59,-0.619,
2006-05-01,4.82,4.94,4.99,5.14,5.23,0.2,2.42,2.72,1.2449999999999999,2.8525,0.86,1.63,205.4,98.7869,4.6,12.54,,
2006-05-02,4.81,4.92,4.98,5.12,5.2,0.2,2.43,2.69,1.235,2.8175000000000003,0.86,1.61,,,,11.99,,
2006-05-03,4.82,4.94,5.01,5.15,5.24,0.21,2.47,2.68,1.23,2.8175000000000003,0.85,1.61,,,,11.99,,
2006-05-04,4.8,4.97,5.03,5.16,5.23,0.19,2.49,2.67,1.22,2.8000000000000003,0.84,1.6,,,,11.86,,6.59
2006-05-05,4.83,4.94,4.99,5.12,5.2,0.18,2.45,2.67,1.22,2.8000000000000003,0.84,1.6,,,,11.62,-0.614,
2006-05-08,4.87,4.97,5.01,5.12,5.19,0.15,2.45,2.67,1.21,2.7825,0.83,1.59,,,,12.0,,
2006-05-09,4.88,4.97,5.01,5.13,5.2,0.16,2.43,2.7,1.205,2.7825,0.82,1.59,,,,11.99,,
2006-05-10,4.88,5.01,5.03,5.13,5.19,0.12,2.43,2.7,1.19,2.765,0.8,1.58,,,,11.78,,
2006-05-11,4.82,4.99,5.04,5.14,5.23,0.15,2.43,2.71,1.22,2.8175000000000003,0.83,1.61,,,,12.49,,6.58
2006-05-12,4.85,5.01,5.08,5.19,5.29,0.18,2.47,2.72,1.24,2.8525,0.85,1.63,,,,14.19,-0.607,
2006-05-15,4.86,4.99,5.04,5.15,5.26,0.16,2.47,2.68,1.25,2.8699999999999997,0.86,1.64,,,,13.57,,
2006-05-16,4.83,4.96,4.99,5.1,5.22,0.14,2.44,2.66,1.26,2.905,0.86,1.66,,,,13.35,,
2006-05-17,4.83,4.97,5.03,5.16,5.28,0.19,2.47,2.69,1.26,2.905,0.86,1.66,,,,16.26,,
2006-05-18,4.83,4.94,4.96,5.08,5.18,0.14,2.41,2.67,1.25,2.905,0.84,1.66,,,,16.99,,6.6
2006-05-19,4.82,4.96,4.96,5.05,5.14,0.09,2.43,2.62,1.24,2.8874999999999997,0.83,1.65,,,,17.18,-0.595,
2006-05-22,4.83,4.94,4.94,5.04,5.13,0.1,2.43,2.61,1.25,2.905,0.84,1.66,,,,17.72,,
2006-05-23,4.84,4.97,4.98,5.07,5.16,0.1,2.44,2.63,1.24,2.8874999999999997,0.83,1.65,,,,18.26,,
2006-05-24,4.82,4.94,4.93,5.03,5.13,0.09,2.42,2.61,1.265,2.94,0.85,1.68,,,,17.36,,
2006-05-25,4.82,4.98,4.97,5.07,5.17,0.09,2.46,2.61,1.26,2.9225,0.85,1.67,,,,15.5,,6.62
2006-05-26,4.84,4.96,4.95,5.06,5.16,0.1,2.44,2.62,1.255,2.9225,0.84,1.67,,,,14.26,-0.582,
2006-05-29,,,,,,,,,,,,,,,,,,
2006-05-30,4.84,4.99,4.99,5.09,5.19,0.1,2.45,2.64,1.255,2.9225,0.84,1.67,,,,18.66,,
2006-05-31,4.86,5.04,5.04,5.12,5.21,0.08,2.48,2.64,1.2449999999999999,2.905,0.83,1.66,,,,16.44,,
2006-06-01,4.83,5.04,5.03,5.11,5.2,0.07,2.46,2.65,1.2449999999999999,2.905,0.83,1.66,205.9,99.0997,4.6,14.52,,6.67
2006-06-02,4.81,4.92,4.9,5.0,5.1,0.08,2.37,2.63,1.25,2.9225,0.83,1.67,,,,14.32,-0.568,
2006-06-05,4.85,4.99,4.95,5.02,5.1,0.03,2.4,2.62,1.25,2.9225,0.83,1.67,,,,16.65,,
2006-06-06,4.86,4.99,4.95,5.01,5.08,0.02,2.44,2.57,1.23,2.8874999999999997,0.81,1.65,,,,17.34,,
2006-06-07,4.86,5.02,4.97,5.02,5.09,0.0,2.48,2.54,1.24,2.9225,0.81,1.67,,,,17.8,,
2006-06-08,4.87,5.01,4.95,5.0,5.06,-0.01,2.47,2.53,1.2349999999999999,2.905,0.81,1.66,,,,18.35,,6.62
2006-06-09,4.88,5.01,4.95,4.98,5.03,-0.03,2.45,2.53,1.22,2.905,0.78,1.66,,,,18.12,-0.554,
2006-06-12,4.93,5.02,4.95,4.99,5.03,-0.03,2.45,2.54,1.225,2.8874999999999997,0.8,1.65,,,,20.96,,
2006-06-13,4.89,5.02,4.93,4.97,5.01,-0.05,2.44,2.53,1.2449999999999999,2.9225,0.82,1.67,,,,23.81,,
2006-06-14,4.9,5.11,5.03,5.05,5.09,-0.06,2.5,2.55,1.22,2.9225,0.77,1.67,,,,21.46,,
2006-06-15,4.85,5.14,5.08,5.1,5.13,-0.04,2.52,2.58,1.22,2.9225,0.77,1.67,,,,15.9,,6.63
2006-06-16,4.88,5.16,5.1,5.13,5.17,-0.03,2.54,2.59,1.22,2.9225,0.77,1.67,,,,17.25,-0.542,
2006-06-19,4.93,5.19,5.12,5.14,5.18,-0.05,2.58,2.56,1.225,2.9225,0.78,1.67,,,,17.83,,
2006-06-20,4.92,5.19,5.13,5.15,5.19,-0.04,2.58,2.57,1.225,2.9225,0.78,1.67,,,,16.69,,
2006-06-21,4.92,5.2,5.14,5.16,5.19,-0.04,2.59,2.57,1.22,2.94,0.76,1.68,,,,15.52,,
2006-06-22,4.92,5.23,5.18,5.2,5.23,-0.03,2.61,2.59,1.225,2.9575,0.76,1.69,,,,15.88,,6.71
2006-06-23,4.98,5.27,5.21,5.23,5.26,-0.04,2.64,2.59,1.225,2.9575,0.76,1.69,,,,15.89,-0.533,
2006-06-26,5.03,5.27,5.22,5.25,5.28,-0.02,2.67,2.58,1.225,2.9575,0.76,1.69,,,,15.62,,
2006-06-27,5.05,5.24,5.19,5.21,5.24,-0.03,2.63,2.58,1.23,2.975,0.76,1.7,,,,16.4,,
2006-06-28,5.01,5.29,5.23,5.25,5.28,-0.04,2.68,2.57,1.225,2.9575,0.76,1.69,,,,15.79,,
2006-06-29,5.01,5.21,5.17,5.22,5.26,0.01,2.61,2.61,1.225,2.9575,0.76,1.69,,,,13.03,,6.78
2006-06-30,5.01,5.16,5.1,5.15,5.19,-0.01,2.54,2.61,1.2149999999999999,2.9225,0.76,1.67,,,,13.08,-0.529,
2006-07-01,,,,,,,,,,,,,206.3,99.0489,4.7,,,
2006-07-03,5.08,5.17,5.11,5.15,5.2,-0.02,2.56,2.59,1.225,2.94,0.77,1.68,,,,13.05,,
2006-07-04,,,,,,,,,,,,,,,,,,
2006-07-05,5.01,5.24,5.19,5.23,5.27,-0.01,2.63,2.6,1.2149999999999999,2.9225,0.76,1.67,,,,14.15,,
2006-07-06,5.0,5.22,5.15,5.19,5.23,-0.03,2.59,2.6,1.21,2.905,0.76,1.66,,,,13.65,,6.79
2006-07-07,5.02,5.17,5.1,5.14,5.18,-0.03,2.55,2.59,1.205,2.905,0.75,1.66,,,,13.97,-0.529,
2006-07-10,5.06,5.17,5.1,5.13,5.17,-0.04,2.56,2.57,1.21,2.905,0.76,1.66,,,,14.02,,
2006-07-11,5.05,5.17,5.07,5.1,5.14,-0.07,2.53,2.57,1.2149999999999999,2.9225,0.76,1.67,,,,13.14,,
2006-07-12,5.06,5.17,5.08,5.1,5.14,-0.07,2.54,2.56,1.205,2.905,0.75,1.66,,,,14.49,,
2006-07-13,5.05,5.12,5.04,5.08,5.12,-0.04,2.51,2.57,1.205,2.905,0.75,1.66,,,,17.79,,6.74
2006-07-14,5.06,5.08,5.02,5.07,5.11,-0.01,2.5,2.57,1.225,2.9575,0.76,1.69,,,,18.05,-0.535,
2006-07-17,5.11,5.12,5.04,5.07,5.1,-0.05,2.49,2.58,1.2149999999999999,2.94,0.75,1.68,,,,18.64,,
2006-07-18,5.13,5.19,5.1,5.13,5.16,-0.06,2.55,2.58,1.2149999999999999,2.94,0.75,1.68,,,,17.74,,
2006-07-19,5.11,5.12,5.02,5.06,5.1,-0.06,2.49,2.57,1.225,2.9575,0.76,1.69,,,,15.55,,
2006-07-20,5.08,5.06,4.98,5.03,5.08,-0.03,2.45,2.58,1.22,2.9575,0.75,1.69,,,,16.21,,6.8
2006-07-21,5.1,5.08,4.99,5.05,5.1,-0.03,2.49,2.56,1.22,2.9575,0.75,1.69,,,,17.4,-0.545,
2006-07-24,5.1,5.1,4.99,5.05,5.11,-0.05,2.49,2.56,1.225,2.9575,0.76,1.69,,,,14.98,,
2006-07-25,5.13,5.11,5.02,5.07,5.13,-0.04,2.48,2.59,1.23,2.94,0.78,1.68,,,,14.85,,
2006-07-26,5.11,5.06,4.99,5.04,5.1,-0.02,2.44,2.6,1.23,2.94,0.78,1.68,,,,14.62,,
2006-07-27,5.1,5.07,4.98,5.07,5.11,0.0,2.47,2.6,1.205,2.8874999999999997,0.76,1.65,,,,14.94,,6.72
2006-07-28,5.07,4.98,4.92,5.0,5.07,0.02,2.41,2.59,1.23,2.9225,0.79,1.67,,,,14.33,-0.558,
2006-07-31,5.1,4.97,4.91,4.99,5.07,0.02,2.41,2.58,1.24,2.94,0.8,1.68,,,,14.95,,
2006-08-01,5.12,4.97,4.9,4.99,5.07,0.02,2.4,2.59,1.245,2.9575,0.8,1.69,206.8,99.4836,4.7,15.05,,
2006-08-02,5.1,4.97,4.88,4.96,5.05,-0.01,2.36,2.6,1.25,2.9575,0.81,1.69,,,,14.34,,
2006-08-03,5.11,4.98,4.9,4.96,5.04,-0.02,2.35,2.61,1.2349999999999999,2.94,0.79,1.68,,,,14.46,,6.63
2006-08-04,5.09,4.91,4.84,4.91,5.0,0.0,2.3,2.61,1.245,2.9575,0.8,1.69,,,,14.34,-0.572,
2006-08-07,5.12,4.96,4.86,4.93,5.0,-0.03,2.29,2.64,1.23,2.9225,0.79,1.67,,,,15.23,,
2006-08-08,5.1,4.91,4.85,4.93,5.02,0.02,2.27,2.66,1.255,2.975,0.81,1.7,,,,15.23,,
2006-08-09,5.07,4.91,4.86,4.92,5.05,0.01,2.28,2.64,1.285,3.0275,0.84,1.73,,,,15.2,,
2006-08-10,5.05,4.93,4.86,4.93,5.06,0.0,2.3,2.63,1.29,3.0275,0.85,1.73,,,,14.46,,6.55
2006-08-11,5.07,4.96,4.91,4.97,5.09,0.01,2.33,2.64,1.275,3.01,0.83,1.72,,,,14.3,-0.586,
2006-08-14,5.12,5.01,4.95,5.0,5.12,-0.01,2.36,2.64,1.24,2.9575,0.79,1.69,,,,14.26,,
2006-08-15,5.1,4.94,4.88,4.93,5.05,-0.01,2.32,2.61,1.245,2.975,0.79,1.7,,,,13.42,,
2006-08-16,5.07,4.87,4.81,4.87,5.0,0.0,2.28,2.59,1.255,2.9924999999999997,0.8,1.71,,,,12.41,,
2006-08-17,5.09,4.89,4.82,4.87,5.0,-0.02,2.28,2.59,1.255,2.9924999999999997,0.8,1.71,,,,12.24,,6.52
2006-08-18,5.1,4.87,4.78,4.84,4.97,-0.03,2.26,2.58,1.255,2.9924999999999997,0.8,1.71,,,,11.64,-0.596,
2006-08-21,5.11,4.85,4.77,4.82,4.96,-0.03,2.23,2.59,1.2650000000000001,3.01,0.81,1.72,,,,12.22,,
2006-08-22,5.1,4.87,4.77,4.82,4.95,-0.05,2.22,2.6,1.255,2.9924999999999997,0.8,1.71,,,,12.19,,
2006-08-23,5.09,4.87,4.77,4.82,4.95,-0.05,2.25,2.57,1.26,3.01,0.8,1.72,,,,12.4,,
2006-08-24,5.09,4.88,4.78,4.81,4.94,-0.07,2.28,2.53,1.26,3.01,0.8,1.72,,,,12.4,,6.48
2006-08-25,5.11,4.86,4.76,4.79,4.93,-0.07,2.24,2.55,1.275,3.045,0.81,1.74,,,,12.31,-0.603,
2006-08-28,5.1,4.88,4.77,4.8,4.94,-0.08,2.28,2.52,1.27,3.0275,0.81,1.73,,,,12.18,,
2006-08-29,5.07,4.87,4.77,4.79,4.93,-0.08,2.29,2.5,1.275,3.045,0.81,1.74,,,,12.28,,
2006-08-30,5.05,4.83,4.72,4.76,4.91,-0.07,2.28,2.48,1.275,3.045,0.81,1.74,,,,12.22,,
2006-08-31,5.05,4.79,4.7,4.74,4.88,-0.05,2.24,2.5,1.2650000000000001,3.0275,0.8,1.73,,,,12.31,,6.44
2006-09-01,5.02,4.77,4.68,4.73,4.87,-0.04,2.25,2.48,1.2650000000000001,3.0275,0.8,1.73,207.2,99.3183,4.5,11.96,-0.606,
2006-09-04,,,,,,,,,,,,,,,,,,
2006-09-05,5.0,4.8,4.73,4.78,4.93,-0.02,2.31,2.47,1.27,3.0275,0.81,1.73,,,,12.63,,
2006-09-06,4.97,4.82,4.75,4.8,4.95,-0.02,2.32,2.48,1.2650000000000001,3.0275,0.8,1.73,,,,13.74,,
2006-09-07,4.97,4.82,4.74,4.8,4.94,-0.02,2.34,2.46,1.255,3.01,0.79,1.72,,,,13.88,,6.47
2006-09-08,4.93,4.8,4.71,4.78,4.92,-0.02,2.35,2.43,1.255,3.01,0.79,1.72,,,,13.16,-0.606,
2006-09-11,4.93,4.83,4.74,4.8,4.95,-0.03,2.38,2.42,1.26,3.01,0.8,1.72,,,,12.99,,
2006-09-12,4.9,4.82,4.71,4.78,4.91,-0.04,2.36,2.42,1.245,2.975,0.79,1.7,,,,11.92,,
2006-09-13,4.91,4.8,4.7,4.77,4.9,-0.03,2.35,2.42,1.245,2.975,0.79,1.7,,,,11.18,,
2006-09-14,4.95,4.83,4.74,4.79,4.92,-0.04,2.35,2.44,1.245,2.975,0.79,1.7,,,,11.55,,6.43
2006-09-15,4.96,4.87,4.76,4.8,4.92,-0.07,2.38,2.42,1.2349999999999999,2.9575,0.78,1.69,,,,11.76,-0.605,
2006-09-18,4.94,4.88,4.77,4.81,4.93,-0.07,2.39,2.42,1.23,2.94,0.78,1.68,,,,11.78,,
2006-09-19,4.94,4.79,4.69,4.74,4.86,-0.05,2.35,2.39,1.2349999999999999,2.9575,0.78,1.69,,,,11.98,,
2006-09-20,4.93,4.81,4.7,4.73,4.85,-0.08,2.39,2.34,1.2349999999999999,2.9575,0.78,1.69,,,,11.39,,
2006-09-21,4.92,4.71,4.6,4.65,4.78,-0.06,2.31,2.34,1.25,2.9924999999999997,0.79,1.71,,,,12.25,,6.4
2006-09-22,4.93,4.67,4.55,4.6,4.74,-0.07,2.27,2.33,1.26,3.01,0.8,1.72,,,,12.59,-0.605,
2006-09-25,4.88,4.63,4.51,4.56,4.7,-0.07,2.24,2.32,1.26,3.01,0.8,1.72,,,,12.12,,
2006-09-26,4.88,4.68,4.55,4.59,4.71,-0.09,2.25,2.34,1.245,2.9924999999999997,0.78,1.71,,,,11.53,,
2006-09-27,4.88,4.66,4.56,4.6,4.73,-0.06,2.26,2.34,1.245,2.9924999999999997,0.78,1.71,,,,11.58,,
2006-09-28,4.87,4.68,4.57,4.63,4.76,-0.05,2.27,2.36,1.26,3.0275,0.79,1.73,,,,11.72,,6.31
2006-09-29,4.89,4.71,4.59,4.64,4.77,-0.07,2.27,2.37,1.25,3.01,0.78,1.72,,,,11.98,-0.606,
2006-10-01,,,,,,,,,,,,,207.6,99.2044,4.4,,,
2006-10-02,4.88,4.66,4.56,4.62,4.76,-0.04,2.27,2.35,1.26,3.0275,0.79,1.73,,,,12.57,,
2006-10-03,4.9,4.67,4.56,4.62,4.76,-0.05,2.29,2.33,1.25,3.01,0.78,1.72,,,,12.24,,
2006-10-04,4.93,4.6,4.5,4.57,4.72,-0.03,2.27,2.3,1.27,3.045,0.8,1.74,,,,11.86,,
2006-10-05,4.94,4.65,4.55,4.61,4.76,-0.04,2.31,2.3,1.27,3.045,0.8,1.74,,,,11.98,,6.3
2006-10-06,4.95,4.74,4.64,4.7,4.84,-0.04,2.37,2.33,1.26,3.0275,0.79,1.73,,,,11.56,-0.61,
2006-10-09,,,,,,,,,,,,,,,,11.68,,
2006-10-10,5.0,4.82,4.71,4.75,4.88,-0.07,2.42,2.33,1.25,3.01,0.78,1.72,,,,11.52,,
2006-10-11,5.02,4.85,4.75,4.78,4.91,-0.07,2.45,2.33,1.255,3.0275,0.78,1.73,,,,11.62,,
2006-10-12,5.06,4.85,4.74,4.79,4.91,-0.06,2.44,2.35,1.24,2.9924999999999997,0.77,1.71,,,,11.09,,6.37
2006-10-13,5.05,4.87,4.77,4.81,4.94,-0.06,2.47,2.34,1.25,3.01,0.78,1.72,,,,10.75,-0.616,
2006-10-16,5.09,4.85,4.76,4.79,4.92,-0.06,2.45,2.34,1.245,2.9924999999999997,0.78,1.71,,,,11.09,,
2006-10-17,5.09,4.83,4.73,4.78,4.91,-0.05,2.46,2.32,1.245,2.9924999999999997,0.78,1.71,,,,11.73,,
2006-10-18,5.09,4.85,4.74,4.77,4.89,-0.08,2.46,2.31,1.2349999999999999,2.975,0.77,1.7,,,,11.34,,
2006-10-19,5.1,4.85,4.75,4.79,4.91,-0.06,2.49,2.3,1.2349999999999999,2.975,0.77,1.7,,,,10.9,,6.36
2006-10-20,5.09,4.87,4.76,4.79,4.91,-0.08,2.49,2.3,1.225,2.9575,0.76,1.69,,,,10.63,-0.622,
2006-10-23,5.12,4.9,4.8,4.83,4.95,-0.07,2.53,2.3,1.2149999999999999,2.905,0.77,1.66,,,,11.08,,
2006-10-24,5.13,4.91,4.81,4.83,4.95,-0.08,2.52,2.31,1.2149999999999999,2.8874999999999997,0.78,1.65,,,,10.78,,
2006-10-25,5.12,4.88,4.75,4.78,4.89,-0.1,2.44,2.34,1.225,2.905,0.79,1.66,,,,10.66,,
2006-10-26,5.12,4.81,4.69,4.73,4.84,-0.08,2.41,2.32,1.2149999999999999,2.8874999999999997,0.78,1.65,,,,10.56,,6.4
2006-10-27,5.11,4.76,4.64,4.68,4.8,-0.08,2.37,2.31,1.22,2.8874999999999997,0.79,1.65,,,,10.8,-0.628,
2006-10-30,5.1,4.78,4.64,4.68,4.78,-0.1,2.39,2.29,1.21,2.8699999999999997,0.78,1.64,,,,11.2,,
2006-10-31,5.08,4.71,4.57,4.61,4.72,-0.1,2.34,2.27,1.21,2.8699999999999997,0.78,1.64,,,,11.1,,
2006-11-01,5.07,4.66,4.52,4.57,4.68,-0.09,2.29,2.28,1.21,2.8699999999999997,0.78,1.64,207.8,99.1627,4.5,11.51,,
2006-11-02,5.07,4.67,4.55,4.6,4.72,-0.07,2.32,2.28,1.205,2.8699999999999997,0.77,1.64,,,,11.42,,6.31
2006-11-03,5.09,4.82,4.7,4.72,4.81,-0.1,2.4,2.32,1.165,2.7825,0.74,1.59,,,,11.16,-0.632,
2006-11-06,5.09,4.82,4.69,4.71,4.79,-0.11,2.36,2.35,1.165,2.7825,0.74,1.59,,,,11.16,,
2006-11-07,5.08,4.77,4.63,4.66,4.76,-0.11,2.32,2.34,1.175,2.8000000000000003,0.75,1.6,,,,11.09,,
2006-11-08,5.1,4.75,4.61,4.64,4.73,-0.11,2.29,2.35,1.165,2.7825,0.74,1.59,,,,10.75,,
2006-11-09,5.09,4.75,4.6,4.62,4.73,-0.13,2.28,2.34,1.195,2.835,0.77,1.62,,,,11.01,,6.33
2006-11-10,5.1,4.73,4.57,4.59,4.69,-0.14,2.25,2.34,1.175,2.8175000000000003,0.74,1.61,,,,10.79,-0.633,
2006-11-13,5.09,4.76,4.6,4.61,4.71,-0.15,2.29,2.32,1.165,2.8000000000000003,0.73,1.6,,,,10.86,,
2006-11-14,5.09,4.74,4.57,4.57,4.66,-0.17,2.28,2.29,1.17,2.8175000000000003,0.73,1.61,,,,10.5,,
2006-11-15,5.09,4.8,4.62,4.61,4.69,-0.19,2.3,2.31,1.17,2.8175000000000003,0.73,1.61,,,,10.31,,
2006-11-16,5.09,4.85,4.67,4.66,4.74,-0.19,2.38,2.28,1.15,2.7825,0.71,1.59,,,,10.16,,6.24
2006-11-17,5.09,4.76,4.6,4.61,4.69,-0.15,2.33,2.28,1.1600000000000001,2.8000000000000003,0.72,1.6,,,,10.05,-0.631,
2006-11-20,5.08,4.76,4.6,4.6,4.68,-0.16,2.33,2.27,1.1600000000000001,2.8000000000000003,0.72,1.6,,,,9.97,,
2006-11-21,5.07,4.75,4.58,4.58,4.66,-0.17,2.31,2.27,1.1600000000000001,2.8000000000000003,0.72,1.6,,,,9.9,,
2006-11-22,5.05,4.74,4.57,4.57,4.65,-0.17,2.3,2.27,1.1600000000000001,2.8000000000000003,0.72,1.6,,,,10.14,,6.18
2006-11-23,,,,,,,,,,,,,,,,,,
2006-11-24,5.04,4.73,4.55,4.55,4.63,-0.18,2.27,2.28,1.1600000000000001,2.8000000000000003,0.72,1.6,,,,10.73,-0.627,
2006-11-27,5.05,4.71,4.54,4.54,4.62,-0.17,2.24,2.3,1.165,2.8175000000000003,0.72,1.61,,,,12.3,,
2006-11-28,5.04,4.67,4.5,4.51,4.59,-0.16,2.21,2.3,1.175,2.835,0.73,1.62,,,,11.62,,
2006-11-29,5.04,4.69,4.51,4.52,4.61,-0.17,2.22,2.3,1.175,2.835,0.73,1.62,,,,10.83,,
2006-11-30,5.03,4.62,4.45,4.46,4.56,-0.16,2.16,2.3,1.19,2.8699999999999997,0.74,1.64,,,,10.91,,6.14
2006-12-01,5.03,4.52,4.39,4.43,4.54,-0.09,2.1,2.33,1.2,2.8874999999999997,0.75,1.65,208.1,100.1735,4.4,11.66,-0.623,
2006-12-04,5.01,4.52,4.39,4.43,4.55,-0.09,2.11,2.32,1.21,2.905,0.76,1.66,,,,11.23,,
2006-12-05,4.99,4.52,4.39,4.45,4.57,-0.07,2.11,2.34,1.205,2.8874999999999997,0.76,1.65,,,,11.27,,
2006-12-06,4.99,4.59,4.44,4.48,4.6,-0.11,2.14,2.34,1.205,2.8874999999999997,0.76,1.65,,,,11.33,,
2006-12-07,4.98,4.58,4.45,4.49,4.6,-0.09,2.15,2.34,1.1949999999999998,2.8699999999999997,0.75,1.64,,,,12.67,,6.11
2006-12-08,4.97,4.68,4.53,4.56,4.66,-0.12,2.21,2.35,1.185,2.8525,0.74,1.63,,,,12.07,-0.62,
2006-12-11,4.93,4.67,4.5,4.52,4.63,-0.15,2.17,2.35,1.1949999999999998,2.8699999999999997,0.75,1.64,,,,10.71,,
2006-12-12,4.93,4.61,4.45,4.49,4.6,-0.12,2.15,2.34,1.205,2.8874999999999997,0.76,1.65,,,,10.65,,
2006-12-13,4.94,4.7,4.54,4.58,4.69,-0.12,2.22,2.36,1.1949999999999998,2.8699999999999997,0.75,1.64,,,,10.18,,
2006-12-14,4.96,4.73,4.58,4.6,4.72,-0.13,2.23,2.37,1.21,2.905,0.76,1.66,,,,9.97,,6.12
2006-12-15,4.91,4.73,4.57,4.6,4.72,-0.13,2.29,2.31,1.21,2.905,0.76,1.66,,,,10.05,-0.62,
2006-12-18,4.96,4.71,4.57,4.6,4.72,-0.11,2.31,2.29,1.2,2.8874999999999997,0.75,1.65,,,,10.6,,
2006-12-19,4.96,4.71,4.57,4.6,4.73,-0.11,2.31,2.29,1.22,2.9225,0.77,1.67,,,,10.3,,
2006-12-20,4.96,4.71,4.57,4.6,4.73,-0.11,2.32,2.28,1.22,2.9225,0.77,1.67,,,,10.26,,
2006-12-21,4.97,4.66,4.52,4.55,4.7,-0.11,2.29,2.26,1.23,2.94,0.78,1.68,,,,10.53,,6.13
2006-12-22,4.99,4.71,4.59,4.63,4.76,-0.08,2.35,2.28,1.22,2.9225,0.77,1.67,,,,11.36,-0.625,
2006-12-25,,,,,,,,,,,,,,,,,,
2006-12-26,4.99,4.71,4.58,4.61,4.73,-0.1,2.34,2.27,1.21,2.905,0.76,1.66,,,,11.26,,
2006-12-27,4.97,4.77,4.64,4.66,4.78,-0.11,2.39,2.27,1.21,2.905,0.76,1.66,,,,10.64,,
2006-12-28,5.0,4.82,4.69,4.7,4.81,-0.12,2.41,2.29,1.2,2.8874999999999997,0.75,1.65,,,,10.99,,6.18
2006-12-29,5.02,4.82,4.7,4.71,4.81,-0.11,2.41,2.3,1.1949999999999998,2.8699999999999997,0.75,1.64,,,,11.56,-0.633,
2007-01-01,,,,,,,,,,,,,208.6,99.8346,4.6,,,
2007-01-02,5.07,4.8,4.68,4.68,4.79,-0.12,2.38,2.3,1.15,2.8699999999999997,0.66,1.64,,,,,,
2007-01-03,5.05,4.76,4.66,4.67,4.77,-0.09,2.36,2.31,1.1300000000000001,2.8175000000000003,0.65,1.61,,,,12.04,,
2007-01-04,5.04,4.71,4.61,4.62,4.72,-0.09,2.36,2.26,1.1400000000000001,2.835,0.66,1.62,,,,11.51,,6.18
2007-01-05,5.05,4.76,4.65,4.65,4.74,-0.11,2.38,2.27,1.12,2.8000000000000003,0.64,1.6,,,,12.14,-0.645,
2007-01-08,5.08,4.78,4.66,4.66,4.74,-0.12,2.38,2.28,1.11,2.7825,0.63,1.59,,,,12.0,,
2007-01-09,5.08,4.79,4.65,4.66,4.74,-0.13,2.39,2.27,1.11,2.7825,0.63,1.59,,,,11.91,,
2007-01-10,5.09,4.81,4.68,4.69,4.77,-0.12,2.42,2.27,1.11,2.7825,0.63,1.59,,,,11.47,,
2007-01-11,5.11,4.86,4.73,4.74,4.82,-0.12,2.43,2.31,1.11,2.7825,0.63,1.59,,,,10.87,,6.21
2007-01-12,5.09,4.88,4.76,4.77,4.86,-0.11,2.49,2.28,1.115,2.7825,0.64,1.59,,,,10.15,-0.658,
2007-01-15,,,,,,,,,,,,,,,,,,
2007-01-16,5.11,4.86,4.74,4.75,4.85,-0.11,2.48,2.27,1.115,2.7825,0.64,1.59,,,,10.74,,
2007-01-17,5.12,4.91,4.78,4.79,4.88,-0.12,2.5,2.29,1.11,2.765,0.64,1.58,,,,10.59,,
2007-01-18,5.12,4.89,4.75,4.75,4.85,-0.14,2.47,2.28,1.115,2.765,0.65,1.58,,,,10.85,,6.23
2007-01-19,5.14,4.93,4.78,4.78,4.87,-0.15,2.47,2.31,1.1,2.7475,0.63,1.57,,,,10.4,-0.67,
2007-01-22,5.13,4.91,4.77,4.76,4.84,-0.15,2.44,2.32,1.105,2.7475,0.64,1.57,,,,10.77,,
2007-01-23,5.14,4.94,4.81,4.81,4.9,-0.13,2.46,2.35,1.105,2.7475,0.64,1.57,,,,10.34,,
2007-01-24,5.13,4.93,4.81,4.81,4.91,-0.12,2.44,2.37,1.11,2.7475,0.65,1.57,,,,9.89,,
2007-01-25,5.14,4.98,4.85,4.87,4.96,-0.11,2.48,2.39,1.1,2.73,0.64,1.56,,,,11.22,,6.25
2007-01-26,5.13,4.99,4.87,4.88,4.98,-0.11,2.48,2.4,1.105,2.73,0.65,1.56,,,,11.13,-0.68,
2007-01-29,5.14,4.99,4.89,4.9,4.99,-0.09,2.5,2.4,1.095,2.7125,0.64,1.55,,,,11.45,,
2007-01-30,5.13,4.98,4.86,4.88,4.98,-0.1,2.46,2.42,1.105,2.73,0.65,1.56,,,,10.96,,
2007-01-31,5.12,4.94,4.82,4.83,4.93,-0.11,2.4,2.43,1.11,2.7475,0.65,1.57,,,,10.42,,
2007-02-01,5.13,4.96,4.84,4.84,4.93,-0.12,2.42,2.42,1.1,2.73,0.64,1.56,209.135,100.7753,4.5,10.31,,6.34
2007-02-02,5.14,4.94,4.82,4.83,4.93,-0.11,2.42,2.41,1.105,2.73,0.65,1.56,,,,10.08,-0.684,
2007-02-05,5.15,4.92,4.8,4.81,4.91,-0.11,2.41,2.4,1.105,2.73,0.65,1.56,,,,10.55,,
2007-02-06,5.14,4.9,4.76,4.77,4.87,-0.13,2.4,2.37,1.1,2.7125,0.65,1.55,,,,10.65,,
2007-02-07,5.15,4.87,4.74,4.74,4.86,-0.13,2.4,2.34,1.11,2.73,0.66,1.56,,,,10.32,,
2007-02-08,5.16,4.87,4.73,4.73,4.81,-0.14,2.39,2.34,1.105,2.7125,0.66,1.55,,,,10.44,,6.28
2007-02-09,5.15,4.92,4.78,4.79,4.87,-0.13,2.43,2.36,1.095,2.6950000000000003,0.65,1.54,,,,11.1,-0.682,
2007-02-12,5.18,4.94,4.8,4.8,4.88,-0.14,2.46,2.34,1.1,2.6950000000000003,0.66,1.54,,,,11.61,,
2007-02-13,5.17,4.95,4.81,4.82,4.9,-0.13,2.46,2.36,1.095,2.6950000000000003,0.65,1.54,,,,10.34,,
2007-02-14,5.16,4.87,4.72,4.74,4.83,-0.13,2.38,2.36,1.105,2.7125,0.66,1.55,,,,10.23,,
2007-02-15,5.17,4.83,4.68,4.7,4.81,-0.13,2.38,2.32,1.12,2.73,0.68,1.56,,,,10.22,,6.3
2007-02-16,5.17,4.83,4.68,4.69,4.79,-0.14,2.36,2.33,1.11,2.7125,0.67,1.55,,,,10.02,-0.675,
2007-02-19,,,,,,,,,,,,,,,,,,
2007-02-20,5.19,4.81,4.67,4.68,4.78,-0.13,2.36,2.32,1.11,2.7125,0.67,1.55,,,,10.24,,
2007-02-21,5.18,4.82,4.68,4.69,4.79,-0.13,2.33,2.36,1.105,2.6950000000000003,0.67,1.54,,,,10.2,,
2007-02-22,5.19,4.87,4.72,4.73,4.83,-0.14,2.35,2.38,1.105,2.6950000000000003,0.67,1.54,,,,10.18,,6.22
2007-02-23,5.18,4.82,4.67,4.68,4.79,-0.14,2.3,2.38,1.1,2.6775,0.67,1.53,,,,10.58,-0.662,
2007-02-26,5.19,4.77,4.62,4.63,4.73,-0.14,2.26,2.37,1.105,2.6950000000000003,0.67,1.54,,,,11.15,,
2007-02-27,5.14,4.59,4.46,4.5,4.62,-0.09,2.14,2.36,1.145,2.7825,0.7,1.59,,,,18.31,,
2007-02-28,5.16,4.65,4.52,4.56,4.68,-0.09,2.2,2.36,1.145,2.8000000000000003,0.69,1.6,,,,15.42,,
2007-03-01,5.15,4.63,4.5,4.56,4.68,-0.07,2.19,2.37,1.1600000000000001,2.835,0.7,1.62,209.418,100.9547,4.4,15.82,,6.18
2007-03-02,5.12,4.56,4.46,4.52,4.65,-0.04,2.15,2.37,1.1749999999999998,2.8699999999999997,0.71,1.64,,,,18.61,-0.647,
2007-03-05,5.1,4.53,4.45,4.51,4.64,-0.02,2.17,2.34,1.205,2.94,0.73,1.68,,,,19.63,,
2007-03-06,5.14,4.58,4.48,4.53,4.66,-0.05,2.19,2.34,1.185,2.905,0.71,1.66,,,,15.96,,
2007-03-07,5.12,4.54,4.45,4.5,4.64,-0.04,2.16,2.34,1.19,2.905,0.72,1.66,,,,15.24,,
2007-03-08,5.1,4.56,4.45,4.51,4.65,-0.05,2.17,2.34,1.1949999999999998,2.9225,0.72,1.67,,,,14.29,,6.14
2007-03-09,5.1,4.66,4.55,4.59,4.72,-0.07,2.25,2.34,1.18,2.8874999999999997,0.71,1.65,,,,14.09,-0.632,
2007-03-12,5.09,4.62,4.5,4.56,4.69,-0.06,2.22,2.34,1.18,2.8874999999999997,0.71,1.65,,,,13.99,,
2007-03-13,5.09,4.52,4.41,4.5,4.66,-0.02,2.15,2.35,1.22,2.975,0.74,1.7,,,,18.13,,
2007-03-14,5.06,4.54,4.44,4.53,4.69,-0.01,2.18,2.35,1.2349999999999999,3.01,0.75,1.72,,,,17.27,,
2007-03-15,5.05,4.57,4.46,4.54,4.69,-0.03,2.17,2.37,1.22,2.975,0.74,1.7,,,,16.43,,6.14
2007-03-16,5.04,4.58,4.47,4.55,4.7,-0.03,2.16,2.39,1.2149999999999999,2.975,0.73,1.7,,,,16.79,-0.62,
2007-03-19,5.06,4.61,4.5,4.58,4.72,-0.03,2.18,2.4,1.21,2.975,0.72,1.7,,,,14.59,,
2007-03-20,5.06,4.6,4.47,4.56,4.71,-0.04,2.17,2.39,1.22,2.9924999999999997,0.73,1.71,,,,13.27,,
2007-03-21,5.05,4.51,4.43,4.53,4.7,0.02,2.14,2.39,1.24,3.0275,0.75,1.73,,,,12.19,,
2007-03-22,5.06,4.58,4.49,4.6,4.78,0.02,2.17,2.43,1.255,3.0625,0.76,1.75,,,,12.93,,6.16
2007-03-23,5.08,4.6,4.52,4.62,4.8,0.02,2.19,2.43,1.255,3.0625,0.76,1.75,,,,12.95,-0.612,
2007-03-26,5.06,4.56,4.48,4.6,4.79,0.04,2.16,2.44,1.255,3.0625,0.76,1.75,,,,13.16,,
2007-03-27,5.08,4.58,4.5,4.62,4.81,0.04,2.16,2.46,1.2650000000000001,3.08,0.77,1.76,,,,13.48,,
2007-03-28,5.06,4.53,4.5,4.62,4.83,0.09,2.17,2.45,1.2850000000000001,3.115,0.79,1.78,,,,14.98,,
2007-03-29,5.05,4.58,4.53,4.64,4.83,0.06,2.18,2.46,1.255,3.045,0.77,1.74,,,,15.14,,6.16
2007-03-30,5.04,4.58,4.54,4.65,4.84,0.07,2.21,2.44,1.2650000000000001,3.0625,0.78,1.75,,,,14.64,-0.606,
2007-04-01,,,,,,,,,,,,,209.747,101.6334,4.5,,,
2007-04-02,5.04,4.6,4.54,4.65,4.84,0.05,2.21,2.44,1.255,3.045,0.77,1.74,,,,14.53,,
2007-04-03,5.05,4.63,4.56,4.67,4.85,0.04,2.25,2.42,1.2650000000000001,3.0275,0.8,1.73,,,,13.46,,
2007-04-04,5.07,4.61,4.55,4.66,4.85,0.05,2.23,2.43,1.275,3.045,0.81,1.74,,,,13.24,,
2007-04-05,5.04,4.63,4.57,4.68,4.87,0.05,2.22,2.46,1.275,3.045,0.81,1.74,,,,13.23,,6.17
2007-04-06,5.05,4.75,4.67,4.76,4.92,0.01,2.27,2.49,1.245,2.9924999999999997,0.78,1.71,,,,,-0.602,
2007-04-09,5.02,4.73,4.66,4.75,4.92,0.02,2.27,2.48,1.255,3.01,0.79,1.72,,,,13.14,,
2007-04-10,5.03,4.71,4.63,4.73,4.91,0.02,2.27,2.46,1.255,3.01,0.79,1.72,,,,12.68,,
2007-04-11,5.04,4.73,4.66,4.74,4.92,0.01,2.28,2.46,1.25,2.9924999999999997,0.79,1.71,,,,13.49,,
2007-04-12,5.03,4.73,4.66,4.74,4.91,0.01,2.28,2.46,1.25,2.9924999999999997,0.79,1.71,,,,12.71,,6.22
2007-04-13,5.02,4.76,4.68,4.76,4.93,0.0,2.31,2.45,1.245,2.975,0.79,1.7,,,,12.2,-0.598,
2007-04-16,5.01,4.74,4.67,4.74,4.89,0.0,2.3,2.44,1.21,2.94,0.74,1.68,,,,11.98,,
2007-04-17,5.01,4.68,4.61,4.69,4.85,0.01,2.29,2.4,1.2149999999999999,2.94,0.75,1.68,,,,12.14,,
2007-04-18,5.0,4.64,4.56,4.66,4.81,0.02,2.26,2.4,1.21,2.9225,0.75,1.67,,,,12.42,,
2007-04-19,4.99,4.64,4.57,4.68,4.84,0.04,2.27,2.41,1.21,2.9225,0.75,1.67,,,,12.54,,6.17
2007-04-20,4.99,4.64,4.57,4.68,4.85,0.04,2.27,2.41,1.2149999999999999,2.94,0.75,1.68,,,,12.07,-0.594,
2007-04-23,4.98,4.62,4.55,4.66,4.83,0.04,2.25,2.41,1.22,2.94,0.76,1.68,,,,13.04,,
2007-04-24,4.98,4.58,4.51,4.63,4.8,0.05,2.21,2.42,1.22,2.94,0.76,1.68,,,,13.12,,
2007-04-25,4.97,4.63,4.55,4.66,4.83,0.03,2.22,2.44,1.22,2.94,0.76,1.68,,,,13.21,,
2007-04-26,4.96,4.67,4.59,4.69,4.87,0.02,2.26,2.43,1.23,2.9575,0.77,1.69,,,,12.79,,6.16
2007-04-27,4.95,4.67,4.59,4.71,4.89,0.04,2.25,2.46,1.22,2.94,0.76,1.68,,,,12.45,-0.587,
2007-04-30,4.91,4.6,4.51,4.63,4.81,0.03,2.2,2.43,1.225,2.94,0.77,1.68,,,,14.22,,
2007-05-01,4.9,4.63,4.54,4.64,4.81,0.01,2.19,2.45,1.2149999999999999,2.9225,0.76,1.67,210.058,101.7306,4.4,13.51,,
2007-05-02,4.91,4.65,4.55,4.65,4.82,0.0,2.22,2.43,1.205,2.905,0.75,1.66,,,,13.08,,
2007-05-03,4.9,4.71,4.59,4.68,4.84,-0.03,2.25,2.43,1.19,2.8699999999999997,0.74,1.64,,,,13.09,,6.16
2007-05-04,4.9,4.68,4.55,4.65,4.8,-0.03,2.24,2.41,1.19,2.8699999999999997,0.74,1.64,,,,12.91,-0.579,
2007-05-07,4.89,4.68,4.55,4.64,4.79,-0.04,2.27,2.37,1.205,2.8699999999999997,0.77,1.64,,,,13.15,,
2007-05-08,4.9,4.68,4.54,4.63,4.8,-0.05,2.27,2.36,1.225,2.905,0.79,1.66,,,,13.21,,
2007-05-09,4.88,4.73,4.58,4.67,4.83,-0.06,2.29,2.38,1.2,2.8874999999999997,0.75,1.65,,,,12.88,,
2007-05-10,4.87,4.7,4.56,4.65,4.83,-0.05,2.27,2.38,1.21,2.905,0.76,1.66,,,,13.6,,6.15
2007-05-11,4.87,4.71,4.58,4.67,4.85,-0.04,2.3,2.37,1.21,2.905,0.76,1.66,,,,12.95,-0.57,
2007-05-14,4.85,4.73,4.61,4.69,4.86,-0.04,2.32,2.37,1.2,2.8874999999999997,0.75,1.65,,,,13.96,,
2007-05-15,4.83,4.75,4.63,4.71,4.88,-0.04,2.37,2.34,1.205,2.8874999999999997,0.76,1.65,,,,14.01,,
2007-05-16,4.75,4.73,4.62,4.71,4.88,-0.02,2.38,2.33,1.1949999999999998,2.8699999999999997,0.75,1.64,,,,13.5,,
2007-05-17,4.81,4.78,4.68,4.76,4.91,-0.02,2.41,2.35,1.165,2.8699999999999997,0.69,1.64,,,,13.51,,6.21
2007-05-18,4.84,4.82,4.74,4.81,4.96,-0.01,2.46,2.35,1.155,2.8525,0.68,1.63,,,,12.76,-0.561,
2007-05-21,4.88,4.81,4.71,4.79,4.94,-0.02,2.43,2.36,1.17,2.8525,0.71,1.63,,,,13.3,,
2007-05-22,4.93,4.83,4.76,4.83,4.98,0.0,2.48,2.35,1.17,2.8525,0.71,1.63,,,,13.06,,
2007-05-23,4.91,4.85,4.79,4.86,5.01,0.01,2.5,2.36,1.17,2.8525,0.71,1.63,,,,13.24,,
2007-05-24,4.91,4.85,4.79,4.86,5.0,0.01,2.48,2.38,1.165,2.8525,0.7,1.63,,,,14.08,,6.37
2007-05-25,4.88,4.85,4.8,4.86,5.01,0.01,2.49,2.37,1.1600000000000001,2.835,0.7,1.62,,,,13.34,-0.553,
2007-05-28,,,,,,,,,,,,,,,,,,
2007-05-29,4.9,4.88,4.82,4.88,5.01,0.0,2.54,2.34,1.155,2.835,0.69,1.62,,,,13.53,,
2007-05-30,4.85,4.89,4.83,4.88,5.01,-0.01,2.52,2.36,1.145,2.8175000000000003,0.68,1.61,,,,12.83,,
2007-05-31,4.73,4.92,4.86,4.9,5.01,-0.02,2.54,2.36,1.135,2.8000000000000003,0.67,1.6,,,,13.05,,6.42
2007-06-01,4.79,4.97,4.92,4.95,5.06,-0.02,2.57,2.38,1.135,2.8000000000000003,0.67,1.6,210.392,101.7893,4.6,12.78,-0.546,
2007-06-04,4.81,4.97,4.91,4.93,5.02,-0.04,2.55,2.38,1.11,2.765,0.64,1.58,,,,13.29,,
2007-06-05,4.83,4.99,4.96,4.98,5.07,-0.01,2.6,2.38,1.105,2.7475,0.64,1.57,,,,13.63,,
2007-06-06,4.8,4.97,4.94,4.97,5.08,0.0,2.58,2.39,1.1300000000000001,2.8000000000000003,0.66,1.6,,,,14.87,,
2007-06-07,4.8,5.03,5.05,5.11,5.2,0.08,2.7,2.41,1.125,2.8000000000000003,0.65,1.6,,,,17.06,,6.53
2007-06-08,4.77,5.01,5.06,5.12,5.22,0.11,2.69,2.43,1.1400000000000001,2.835,0.66,1.62,,,,14.84,-0.543,
2007-06-11,4.73,5.01,5.07,5.14,5.24,0.13,2.72,2.42,1.1600000000000001,2.8175000000000003,0.71,1.61,,,,14.71,,
2007-06-12,4.72,5.08,5.18,5.26,5.35,0.18,2.83,2.43,1.15,2.8000000000000003,0.7,1.6,,,,16.67,,
2007-06-13,4.66,5.08,5.13,5.2,5.28,0.12,2.75,2.45,1.1300000000000001,2.765,0.68,1.58,,,,14.73,,
2007-06-14,4.65,5.1,5.16,5.23,5.3,0.13,2.77,2.46,1.12,2.7475,0.67,1.57,,,,13.64,,6.74
2007-06-15,4.56,5.05,5.1,5.16,5.26,0.11,2.73,2.43,1.155,2.8000000000000003,0.71,1.6,,,,13.94,-0.539,
2007-06-18,4.63,5.01,5.07,5.15,5.26,0.14,2.73,2.42,1.155,2.8000000000000003,0.71,1.6,,,,13.42,,
2007-06-19,4.65,4.94,5.0,5.09,5.2,0.15,2.67,2.42,1.1600000000000001,2.8000000000000003,0.72,1.6,,,,12.85,,
2007-06-20,4.74,4.97,5.05,5.14,5.24,0.17,2.73,2.41,1.1400000000000001,2.7475,0.71,1.57,,,,14.67,,
2007-06-21,4.7,4.98,5.06,5.16,5.28,0.18,2.74,2.42,1.165,2.8000000000000003,0.73,1.6,,,,14.21,,6.69
2007-06-22,4.73,4.92,5.02,5.14,5.25,0.22,2.7,2.44,1.1600000000000001,2.8000000000000003,0.72,1.6,,,,15.75,-0.534,
2007-06-25,4.82,4.87,4.97,5.09,5.2,0.22,2.67,2.42,1.15,2.7825,0.71,1.59,,,,16.65,,
2007-06-26,4.82,4.9,4.99,5.1,5.22,0.2,2.7,2.4,1.17,2.8175000000000003,0.73,1.61,,,,18.89,,
2007-06-27,4.77,4.91,4.97,5.09,5.2,0.18,2.7,2.39,1.15,2.7825,0.71,1.59,,,,15.53,,
2007-06-28,4.78,4.96,5.02,5.12,5.22,0.16,2.73,2.39,1.15,2.8000000000000003,0.7,1.6,,,,15.54,,6.67
2007-06-29,4.82,4.87,4.92,5.03,5.12,0.16,2.65,2.38,1.145,2.7825,0.7,1.59,,,,16.23,-0.522,
2007-07-01,,,,,,,,,,,,,210.773,101.6672,4.7,,,
2007-07-02,4.95,4.86,4.9,5.0,5.09,0.14,2.61,2.39,1.155,2.8000000000000003,0.71,1.6,,,,15.4,,
2007-07-03,4.95,4.89,4.95,5.05,5.14,0.16,2.68,2.37,1.15,2.8000000000000003,0.7,1.6,,,,14.92,,
2007-07-04,,,,,,,,,,,,,,,,,,
2007-07-05,4.95,4.99,5.05,5.16,5.24,0.17,2.76,2.4,1.1300000000000001,2.765,0.68,1.58,,,,15.48,,6.63
2007-07-06,4.95,4.99,5.1,5.19,5.28,0.2,2.79,2.4,1.145,2.7825,0.7,1.59,,,,14.72,-0.497,
2007-07-09,4.97,4.97,5.07,5.16,5.25,0.19,2.75,2.41,1.135,2.765,0.69,1.58,,,,15.16,,
2007-07-10,4.95,4.85,4.93,5.03,5.14,0.18,2.64,2.39,1.155,2.8000000000000003,0.71,1.6,,,,17.57,,
2007-07-11,4.95,4.89,4.98,5.09,5.18,0.2,2.71,2.38,1.15,2.7825,0.71,1.59,,,,16.64,,
2007-07-12,4.97,4.94,5.03,5.13,5.22,0.19,2.74,2.39,1.15,2.7825,0.71,1.59,,,,15.54,,6.73
2007-07-13,4.97,4.94,5.01,5.11,5.19,0.17,2.73,2.38,1.15,2.7825,0.71,1.59,,,,15.15,-0.452,
2007-07-16,4.98,4.89,4.95,5.05,5.14,0.16,2.69,2.36,1.1400000000000001,2.765,0.7,1.58,,,,15.59,,
2007-07-17,4.96,4.91,4.98,5.08,5.16,0.17,2.73,2.35,1.15,2.7825,0.71,1.59,,,,15.63,,
2007-07-18,4.96,4.84,4.91,5.02,5.1,0.18,2.64,2.38,1.1400000000000001,2.765,0.7,1.58,,,,16.0,,
2007-07-19,4.98,4.87,4.94,5.04,5.12,0.17,2.65,2.39,1.145,2.7825,0.7,1.59,,,,15.23,,6.73
2007-07-20,4.97,4.79,4.85,4.96,5.07,0.17,2.6,2.36,1.17,2.8175000000000003,0.73,1.61,,,,16.95,-0.384,
2007-07-23,5.02,4.8,4.86,4.97,5.07,0.17,2.63,2.34,1.165,2.8175000000000003,0.72,1.61,,,,16.81,,
2007-07-24,5.02,4.77,4.82,4.94,5.05,0.17,2.58,2.36,1.2,2.8874999999999997,0.75,1.65,,,,18.55,,
2007-07-25,4.99,4.74,4.8,4.92,5.04,0.18,2.56,2.36,1.1949999999999998,2.8874999999999997,0.74,1.65,,,,18.1,,
2007-07-26,4.92,4.56,4.61,4.79,4.95,0.23,2.47,2.32,1.3050000000000002,3.2025,0.78,1.83,,,,20.74,,6.69
2007-07-27,4.85,4.56,4.6,4.8,4.95,0.24,2.48,2.32,1.3250000000000002,3.2725,0.78,1.87,,,,24.17,-0.29,
2007-07-30,4.96,4.59,4.64,4.82,4.97,0.23,2.49,2.33,1.355,3.29,0.83,1.88,,,,20.87,,
2007-07-31,4.96,4.56,4.6,4.78,4.92,0.22,2.44,2.34,1.345,3.2375000000000003,0.84,1.85,,,,23.52,,
2007-08-01,4.89,4.56,4.6,4.76,4.9,0.2,2.44,2.32,1.355,3.2550000000000003,0.85,1.86,211.119,101.863,4.6,23.67,,
2007-08-02,4.89,4.59,4.62,4.77,4.91,0.18,2.46,2.31,1.33,3.2025,0.83,1.83,,,,21.22,,6.68
2007-08-03,4.85,4.46,4.52,4.71,4.87,0.25,2.44,2.27,1.4100000000000001,3.2550000000000003,0.96,1.86,,,,25.16,-0.178,
2007-08-06,4.88,4.46,4.52,4.72,4.89,0.26,2.46,2.26,1.44,3.3074999999999997,0.99,1.89,,,,22.94,,
2007-08-07,4.94,4.56,4.6,4.77,4.92,0.21,2.51,2.26,1.3800000000000001,3.2025,0.93,1.83,,,,21.56,,
2007-08-08,4.95,4.64,4.69,4.84,5.01,0.2,2.58,2.26,1.4300000000000002,3.2725,0.99,1.87,,,,21.45,,
2007-08-09,4.81,4.49,4.58,4.79,5.02,0.3,2.54,2.25,1.475,3.3425,1.04,1.91,,,,26.48,,6.59
2007-08-10,4.57,4.47,4.59,4.81,5.03,0.34,2.56,2.25,1.4449999999999998,3.29,1.01,1.88,,,,28.3,-0.058,
2007-08-13,4.74,4.46,4.57,4.78,5.01,0.32,2.52,2.26,1.475,3.3425,1.04,1.91,,,,26.57,,
2007-08-14,4.64,4.39,4.51,4.73,4.99,0.34,2.49,2.24,1.51,3.4125,1.07,1.95,,,,27.68,,
2007-08-15,4.21,4.27,4.41,4.69,5.0,0.42,2.46,2.23,1.6149999999999998,3.5524999999999998,1.2,2.03,,,,30.67,,
2007-08-16,3.79,4.08,4.26,4.6,4.92,0.52,2.39,2.21,1.65,3.605,1.24,2.06,,,,30.83,,6.62
2007-08-17,3.76,4.18,4.35,4.68,5.0,0.5,2.45,2.23,1.65,3.6224999999999996,1.23,2.07,,,,29.99,0.06,
2007-08-20,3.12,4.11,4.32,4.64,4.98,0.53,2.44,2.2,1.6600000000000001,3.64,1.24,2.08,,,,26.33,,
2007-08-21,3.59,4.05,4.27,4.6,4.95,0.55,2.38,2.22,1.67,3.6574999999999998,1.25,2.09,,,,25.25,,
2007-08-22,3.67,4.15,4.34,4.63,4.96,0.48,2.42,2.21,1.6549999999999998,3.6224999999999996,1.24,2.07,,,,22.89,,
2007-08-23,3.89,4.2,4.36,4.62,4.93,0.42,2.39,2.23,1.625,3.5700000000000003,1.21,2.04,,,,22.62,,6.52
2007-08-24,4.24,4.3,4.42,4.63,4.88,0.33,2.4,2.23,1.5949999999999998,3.5174999999999996,1.18,2.01,,,,20.72,0.154,
2007-08-27,4.63,4.28,4.39,4.6,4.87,0.32,2.38,2.22,1.58,3.5,1.16,2.0,,,,22.72,,
2007-08-28,4.4,4.13,4.25,4.53,4.86,0.4,2.33,2.2,1.65,3.6224999999999996,1.23,2.07,,,,26.3,,
2007-08-29,3.98,4.14,4.31,4.57,4.88,0.43,2.38,2.19,1.64,3.5874999999999995,1.23,2.05,,,,23.81,,
2007-08-30,3.84,4.08,4.21,4.51,4.83,0.43,2.32,2.19,1.66,3.6224999999999996,1.25,2.07,,,,25.06,,6.45
2007-08-31,4.01,4.15,4.25,4.54,4.83,0.39,2.34,2.2,1.6349999999999998,3.5874999999999995,1.22,2.05,,,,23.38,0.206,
2007-09-01,,,,,,,,,,,,,211.554,102.0894,4.7,,,
2007-09-03,,,,,,,,,,,,,,,,,,
2007-09-04,4.47,4.13,4.26,4.56,4.84,0.43,2.36,2.2,1.625,3.5700000000000003,1.21,2.04,,,,22.78,,
2007-09-05,4.36,4.03,4.16,4.48,4.78,0.45,2.29,2.19,1.655,3.605,1.25,2.06,,,,24.58,,
2007-09-06,4.29,4.08,4.2,4.51,4.79,0.43,2.32,2.19,1.645,3.605,1.23,2.06,,,,23.99,,6.46
2007-09-07,4.07,3.9,4.03,4.38,4.7,0.48,2.19,2.19,1.69,3.6750000000000003,1.28,2.1,,,,26.23,0.222,
2007-09-10,3.96,3.87,4.0,4.34,4.65,0.47,2.14,2.2,1.7,3.7275,1.27,2.13,,,,27.38,,
2007-09-11,4.11,3.95,4.07,4.37,4.65,0.42,2.16,2.21,1.68,3.6925,1.25,2.11,,,,25.27,,
2007-09-12,4.03,3.95,4.11,4.41,4.68,0.46,2.18,2.23,1.69,3.7275,1.25,2.13,,,,24.96,,
2007-09-13,4.08,4.08,4.22,4.49,4.75,0.41,2.24,2.25,1.67,3.71,1.22,2.12,,,,24.76,,6.31
2007-09-14,4.01,4.05,4.18,4.47,4.72,0.42,2.2,2.27,1.67,3.71,1.22,2.12,,,,24.92,0.199,
2007-09-17,4.15,4.08,4.21,4.48,4.72,0.4,2.21,2.27,1.65,3.6750000000000003,1.2,2.1,,,,26.48,,
2007-09-18,4.01,4.0,4.19,4.5,4.77,0.5,2.19,2.31,1.67,3.6925,1.23,2.11,,,,20.35,,
2007-09-19,3.93,4.0,4.2,4.53,4.83,0.53,2.21,2.32,1.6749999999999998,3.6925,1.24,2.11,,,,20.03,,
2007-09-20,3.79,4.1,4.35,4.69,4.96,0.59,2.34,2.35,1.615,3.5700000000000003,1.19,2.04,,,,20.45,,6.34
2007-09-21,3.74,4.06,4.31,4.64,4.89,0.58,2.31,2.33,1.5999999999999999,3.5524999999999998,1.17,2.03,,,,19.0,0.142,
2007-09-24,3.84,4.05,4.31,4.63,4.88,0.58,2.33,2.3,1.595,3.535,1.17,2.02,,,,19.37,,
2007-09-25,3.79,4.0,4.26,4.63,4.89,0.63,2.34,2.29,1.6,3.535,1.18,2.02,,,,18.6,,
2007-09-26,3.73,3.97,4.27,4.63,4.9,0.66,2.34,2.29,1.6099999999999999,3.5524999999999998,1.19,2.03,,,,17.63,,
2007-09-27,3.71,3.95,4.22,4.58,4.84,0.63,2.27,2.31,1.5949999999999998,3.5174999999999996,1.18,2.01,,,,17.0,,6.42
2007-09-28,3.82,3.97,4.23,4.59,4.83,0.62,2.27,2.32,1.585,3.5,1.17,2.0,,,,18.0,0.078,
2007-10-01,3.92,4.02,4.24,4.56,4.79,0.54,2.26,2.3,1.575,3.4825,1.16,1.99,212.077,101.8015,4.7,17.84,,
2007-10-02,3.96,3.98,4.2,4.54,4.77,0.56,2.23,2.31,1.585,3.5,1.17,2.0,,,,18.49,,
2007-10-03,3.96,4.02,4.24,4.55,4.79,0.53,2.25,2.3,1.58,3.4825,1.17,1.99,,,,18.8,,
2007-10-04,3.96,4.0,4.22,4.54,4.77,0.54,2.24,2.3,1.5499999999999998,3.4475,1.13,1.97,,,,18.44,,6.37
2007-10-05,4.0,4.08,4.33,4.65,4.87,0.57,2.34,2.31,1.535,3.395,1.13,1.94,,,,16.91,0.017,
2007-10-08,,,,,,,,,,,,,,,,17.46,,
2007-10-09,4.06,4.15,4.38,4.67,4.87,0.52,2.34,2.33,1.505,3.3249999999999997,1.11,1.9,,,,16.12,,
2007-10-10,4.06,4.15,4.37,4.65,4.86,0.5,2.33,2.32,1.5150000000000001,3.3425,1.12,1.91,,,,16.67,,
2007-10-11,4.12,4.13,4.36,4.66,4.87,0.53,2.32,2.34,1.515,3.3249999999999997,1.13,1.9,,,,18.88,,6.4
2007-10-12,4.2,4.23,4.42,4.7,4.91,0.47,2.36,2.34,1.4700000000000002,3.2725,1.07,1.87,,,,17.73,-0.023,
2007-10-15,4.3,4.22,4.4,4.69,4.91,0.47,2.34,2.35,1.4849999999999999,3.29,1.09,1.88,,,,19.25,,
2007-10-16,4.25,4.12,4.34,4.66,4.9,0.54,2.31,2.35,1.52,3.36,1.12,1.92,,,,20.02,,
2007-10-17,4.01,4.0,4.22,4.57,4.82,0.57,2.22,2.35,1.505,3.3425,1.1,1.91,,,,18.54,,
2007-10-18,3.76,3.93,4.17,4.52,4.78,0.59,2.2,2.32,1.53,3.395,1.12,1.94,,,,18.5,,6.4
2007-10-19,3.86,3.8,4.03,4.41,4.68,0.61,2.09,2.32,1.555,3.4475,1.14,1.97,,,,22.96,-0.03,
2007-10-22,4.0,3.85,4.08,4.42,4.68,0.57,2.11,2.31,1.5499999999999998,3.4299999999999997,1.14,1.96,,,,21.64,,
2007-10-23,3.98,3.81,4.06,4.41,4.69,0.6,2.11,2.3,1.5699999999999998,3.465,1.16,1.98,,,,20.41,,
2007-10-24,3.85,3.74,3.99,4.36,4.64,0.62,2.07,2.29,1.565,3.465,1.15,1.98,,,,20.8,,
2007-10-25,3.94,3.74,4.01,4.37,4.66,0.63,2.04,2.33,1.575,3.4825,1.16,1.99,,,,21.17,,6.33
2007-10-26,3.96,3.77,4.04,4.41,4.68,0.64,2.05,2.36,1.56,3.465,1.14,1.98,,,,19.56,0.0,
2007-10-29,4.01,3.79,4.04,4.39,4.66,0.6,2.04,2.35,1.56,3.465,1.14,1.98,,,,19.87,,
2007-10-30,3.96,3.82,4.06,4.4,4.68,0.58,2.06,2.34,1.565,3.4825,1.14,1.99,,,,21.07,,
2007-10-31,3.94,3.94,4.16,4.48,4.74,0.54,2.14,2.34,1.565,3.4825,1.14,1.99,,,,18.53,,
2007-11-01,3.81,3.77,4.02,4.36,4.64,0.59,2.0,2.36,1.5899999999999999,3.5174999999999996,1.17,2.01,212.66,102.3446,4.7,23.21,,6.26
2007-11-02,3.61,3.66,3.93,4.31,4.61,0.65,1.92,2.39,1.615,3.5700000000000003,1.19,2.04,,,,23.01,0.067,
2007-11-05,3.71,3.69,3.96,4.35,4.63,0.66,1.94,2.41,1.58,3.535,1.14,2.02,,,,24.31,,
2007-11-06,3.76,3.7,3.99,4.38,4.66,0.68,1.93,2.45,1.5899999999999999,3.5524999999999998,1.15,2.03,,,,21.39,,
2007-11-07,3.49,3.61,3.92,4.34,4.67,0.73,1.91,2.43,1.665,3.6750000000000003,1.23,2.1,,,,26.49,,
2007-11-08,3.38,3.47,3.81,4.28,4.67,0.81,1.88,2.4,1.715,3.7800000000000002,1.27,2.16,,,,26.16,,6.24
2007-11-09,3.27,3.42,3.77,4.23,4.61,0.81,1.82,2.41,1.735,3.8150000000000004,1.29,2.18,,,,28.5,0.165,
2007-11-12,,,,,,,,,,,,,,,,31.09,,
2007-11-13,3.5,3.54,3.84,4.26,4.61,0.72,1.86,2.4,1.725,3.8150000000000004,1.27,2.18,,,,24.1,,
2007-11-14,3.41,3.57,3.86,4.28,4.61,0.71,1.88,2.4,1.7000000000000002,3.7800000000000002,1.24,2.16,,,,25.94,,
2007-11-15,3.3,3.35,3.71,4.17,4.54,0.82,1.81,2.36,1.75,3.8850000000000002,1.28,2.22,,,,28.06,,6.24
2007-11-16,3.4,3.33,3.68,4.15,4.52,0.82,1.8,2.35,1.785,3.9549999999999996,1.31,2.26,,,,25.49,0.275,
2007-11-19,3.4,3.18,3.57,4.07,4.47,0.89,1.7,2.37,1.8199999999999998,4.0249999999999995,1.34,2.3,,,,26.01,,
2007-11-20,3.25,3.14,3.52,4.06,4.49,0.92,1.68,2.38,1.855,4.1125,1.36,2.35,,,,24.88,,
2007-11-21,3.09,2.99,3.4,4.0,4.46,1.01,1.62,2.38,1.905,4.2175,1.4,2.41,,,,26.84,,6.2
2007-11-22,,,,,,,,,,,,,,,,,,
2007-11-23,3.23,3.07,3.42,4.01,4.43,0.94,1.63,2.38,1.8650000000000002,4.1475,1.36,2.37,,,,25.61,0.388,
2007-11-26,3.13,2.92,3.23,3.83,4.26,0.91,1.45,2.38,1.89,4.2,1.38,2.4,,,,28.91,,
2007-11-27,3.16,3.05,3.38,3.95,4.36,0.9,1.58,2.37,1.87,4.2175,1.33,2.41,,,,26.28,,
2007-11-28,3.05,3.17,3.5,4.03,4.41,0.86,1.71,2.32,1.855,4.2,1.31,2.4,,,,24.11,,
2007-11-29,2.99,3.06,3.42,3.94,4.35,0.88,1.61,2.33,1.905,4.305,1.35,2.46,,,,23.97,,6.1
2007-11-30,3.15,3.04,3.41,3.97,4.4,0.93,1.63,2.34,1.9200000000000002,4.322500000000001,1.37,2.47,,,,22.87,0.481,
2007-12-01,,,,,,,,,,,,,213.168,102.3803,5.0,,,
2007-12-03,3.06,2.9,3.28,3.89,4.34,0.99,1.57,2.32,1.96,4.41,1.4,2.52,,,,23.61,,
2007-12-04,3.07,2.9,3.28,3.89,4.34,0.99,1.59,2.3,1.96,4.427499999999999,1.39,2.53,,,,23.79,,
2007-12-05,3.07,2.9,3.28,3.92,4.39,1.02,1.66,2.26,1.99,4.515000000000001,1.4,2.58,,,,22.53,,
2007-12-06,3.09,3.03,3.39,4.02,4.49,0.99,1.77,2.25,2.005,4.5325,1.42,2.59,,,,20.96,,5.96
2007-12-07,3.12,3.12,3.51,4.12,4.58,1.0,1.86,2.26,2.0149999999999997,4.5675,1.42,2.61,,,,20.85,0.544,
2007-12-10,3.05,3.17,3.54,4.15,4.6,0.98,1.89,2.26,2.005,4.5325,1.42,2.59,,,,20.74,,
2007-12-11,2.94,2.94,3.32,3.98,4.47,1.04,1.73,2.25,2.0549999999999997,4.6025,1.48,2.63,,,,23.59,,
2007-12-12,2.88,3.07,3.41,4.05,4.51,0.98,1.78,2.27,2.045,4.6025,1.46,2.63,,,,22.47,,
2007-12-13,2.87,3.21,3.54,4.18,4.61,0.97,1.87,2.31,1.995,4.515000000000001,1.41,2.58,,,,22.56,,6.11
2007-12-14,2.88,3.31,3.63,4.24,4.66,0.93,1.9,2.34,1.9749999999999999,4.4624999999999995,1.4,2.55,,,,23.27,0.571,
2007-12-17,3.07,3.24,3.57,4.2,4.62,0.96,1.86,2.34,1.9749999999999999,4.4624999999999995,1.4,2.55,,,,24.52,,
2007-12-18,3.04,3.19,3.53,4.14,4.55,0.95,1.8,2.34,1.95,4.41,1.38,2.52,,,,22.64,,
2007-12-19,2.91,3.12,3.46,4.06,4.47,0.94,1.73,2.33,1.97,4.445,1.4,2.54,,,,21.68,,
2007-12-20,2.92,3.09,3.45,4.04,4.46,0.95,1.74,2.3,1.9449999999999998,4.3925,1.38,2.51,,,,20.58,,6.14
2007-12-21,3.0,3.19,3.58,4.18,4.58,0.99,1.84,2.34,1.925,4.375,1.35,2.5,,,,18.47,0.562,
2007-12-24,3.33,3.24,3.65,4.23,4.62,0.99,1.88,2.35,1.915,4.3575,1.34,2.49,,,,18.6,,
2007-12-25,,,,,,,,,,,,,,,,,,
2007-12-26,3.32,3.31,3.72,4.3,4.68,0.99,1.95,2.35,1.915,4.3575,1.34,2.49,,,,18.66,,
2007-12-27,3.17,3.24,3.64,4.21,4.61,0.97,1.85,2.36,1.94,4.41,1.36,2.52,,,,20.26,,6.17
2007-12-28,3.18,3.12,3.52,4.11,4.51,0.99,1.78,2.33,1.94,4.3925,1.37,2.51,,,,20.74,0.522,
2007-12-31,3.36,3.05,3.45,4.04,4.45,0.99,1.73,2.31,1.945,4.41,1.37,2.52,,,,22.5,,
2008-01-01,,,,,,,,,,,,,213.771,102.2448,5.0,,,
2008-01-02,3.26,2.88,3.28,3.91,4.35,1.03,1.59,2.32,1.97,4.445,1.4,2.54,,,,23.17,,
2008-01-03,3.24,2.83,3.26,3.91,4.37,1.08,1.58,2.33,1.9949999999999999,4.4975,1.42,2.57,,,,22.49,,6.07
2008-01-04,3.2,2.74,3.18,3.88,4.36,1.14,1.56,2.32,2.025,4.5325,1.46,2.59,,,,23.94,0.475,
2008-01-07,3.27,2.76,3.16,3.86,4.34,1.1,1.57,2.29,2.015,4.55,1.43,2.6,,,,23.79,,
2008-01-08,3.25,2.76,3.16,3.86,4.35,1.1,1.57,2.29,2.04,4.6025,1.45,2.63,,,,25.43,,
2008-01-09,3.22,2.69,3.1,3.82,4.32,1.13,1.56,2.26,2.085,4.672499999999999,1.5,2.67,,,,24.12,,
2008-01-10,3.24,2.71,3.16,3.91,4.44,1.2,1.68,2.23,2.1550000000000002,4.7775,1.58,2.73,,,,23.45,,5.87
2008-01-11,3.09,2.59,3.06,3.82,4.39,1.23,1.56,2.26,2.165,4.8475,1.56,2.77,,,,23.68,0.43,
2008-01-14,3.19,2.58,3.08,3.81,4.37,1.23,1.53,2.28,2.155,4.83,1.55,2.76,,,,22.9,,
2008-01-15,3.17,2.53,3.0,3.72,4.28,1.19,1.45,2.27,2.17,4.864999999999999,1.56,2.78,,,,23.34,,
2008-01-16,3.14,2.51,3.0,3.74,4.32,1.23,1.5,2.24,2.16,4.8475,1.55,2.77,,,,24.38,,
2008-01-17,3.07,2.44,2.9,3.66,4.25,1.22,1.43,2.23,2.1950000000000003,4.9175,1.58,2.81,,,,28.46,,5.69
2008-01-18,2.86,2.36,2.86,3.66,4.28,1.3,1.42,2.24,2.245,5.0225,1.62,2.87,,,,27.18,0.406,
2008-01-21,,,,,,,,,,,,,,,,,,
2008-01-22,2.35,2.08,2.64,3.52,4.23,1.44,1.28,2.24,2.365,5.215,1.75,2.98,,,,31.01,,
2008-01-23,2.21,2.09,2.64,3.51,4.23,1.42,1.31,2.2,2.33,5.1625000000000005,1.71,2.95,,,,29.02,,
2008-01-24,2.37,2.25,2.85,3.68,4.36,1.43,1.44,2.24,2.33,5.1625000000000005,1.71,2.95,,,,27.78,,5.48
2008-01-25,2.3,2.23,2.81,3.61,4.28,1.38,1.34,2.27,2.33,5.1625000000000005,1.71,2.95,,,,29.08,0.414,
2008-01-28,2.34,2.2,2.8,3.61,4.29,1.41,1.33,2.28,2.34,5.197500000000001,1.71,2.97,,,,27.78,,
2008-01-29,2.28,2.29,2.87,3.69,4.34,1.4,1.37,2.32,2.31,5.145,1.68,2.94,,,,27.32,,
2008-01-30,2.21,2.3,2.96,3.78,4.44,1.48,1.45,2.33,2.315,5.145,1.69,2.94,,,,27.62,,
2008-01-31,1.96,2.17,2.82,3.67,4.35,1.5,1.33,2.34,2.335,5.18,1.71,2.96,,,,26.2,,5.68
2008-02-01,2.1,2.09,2.75,3.62,4.32,1.53,1.31,2.31,2.355,5.215,1.73,2.98,213.939,101.8438,4.9,24.02,0.444,
2008-02-04,2.27,2.08,2.78,3.68,4.37,1.6,1.38,2.3,2.3449999999999998,5.215,1.71,2.98,,,,25.99,,
2008-02-05,2.19,1.93,2.66,3.61,4.33,1.68,1.34,2.27,2.3649999999999998,5.2675,1.72,3.01,,,,28.24,,
2008-02-06,2.1,1.96,2.67,3.61,4.37,1.65,1.36,2.25,2.4,5.3374999999999995,1.75,3.05,,,,28.97,,
2008-02-07,2.17,1.99,2.79,3.74,4.51,1.75,1.47,2.27,2.4050000000000002,5.355,1.75,3.06,,,,27.66,,5.67
2008-02-08,2.23,1.93,2.69,3.64,4.43,1.71,1.36,2.28,2.44,5.4075,1.79,3.09,,,,28.01,0.505,
2008-02-11,2.31,1.93,2.67,3.62,4.41,1.69,1.32,2.3,2.445,5.4075,1.8,3.09,,,,27.6,,
2008-02-12,2.31,1.94,2.71,3.66,4.46,1.72,1.36,2.3,2.475,5.4425,1.84,3.11,,,,26.33,,
2008-02-13,2.28,1.91,2.71,3.7,4.52,1.79,1.42,2.28,2.465,5.4425,1.82,3.11,,,,24.88,,
2008-02-14,2.31,1.93,2.81,3.85,4.67,1.92,1.57,2.28,2.46,5.425,1.82,3.1,,,,25.54,,5.72
2008-02-15,2.21,1.91,2.76,3.76,4.58,1.85,1.48,2.28,2.495,5.495,1.85,3.14,,,,25.02,0.59,
2008-02-18,,,,,,,,,,,,,,,,,,
2008-02-19,2.28,2.06,2.93,3.89,4.66,1.83,1.56,2.33,2.425,5.3725,1.78,3.07,,,,25.59,,
2008-02-20,2.25,2.14,3.02,3.93,4.65,1.79,1.55,2.38,2.38,5.302499999999999,1.73,3.03,,,,24.4,,
2008-02-21,2.2,1.98,2.8,3.77,4.54,1.79,1.43,2.34,2.4450000000000003,5.425,1.79,3.1,,,,25.12,,6.04
2008-02-22,2.2,1.98,2.81,3.79,4.58,1.81,1.44,2.35,2.465,5.46,1.81,3.12,,,,24.06,0.689,
2008-02-25,2.2,2.13,2.98,3.91,4.67,1.78,1.53,2.38,2.425,5.390000000000001,1.77,3.08,,,,23.03,,
2008-02-26,2.14,2.04,2.92,3.88,4.66,1.84,1.44,2.44,2.45,5.425,1.8,3.1,,,,21.9,,
2008-02-27,1.98,2.01,2.89,3.85,4.65,1.84,1.42,2.43,2.455,5.4425,1.8,3.11,,,,22.69,,
2008-02-28,1.9,1.87,2.73,3.71,4.55,1.84,1.26,2.45,2.505,5.547499999999999,1.84,3.17,,,,23.53,,6.24
2008-02-29,1.85,1.65,2.5,3.53,4.41,1.88,1.1,2.43,2.555,5.635000000000001,1.89,3.22,,,,26.54,0.789,
2008-03-01,,,,,,,,,,,,,214.42,101.5336,5.1,,,
2008-03-03,1.7,1.61,2.48,3.54,4.42,1.93,1.08,2.46,2.555,5.635000000000001,1.89,3.22,,,,26.28,,
2008-03-04,1.66,1.65,2.53,3.63,4.52,1.98,1.15,2.48,2.52,5.5825,1.85,3.19,,,,25.52,,
2008-03-05,1.53,1.66,2.59,3.7,4.6,2.04,1.16,2.54,2.585,5.705,1.91,3.26,,,,24.6,,
2008-03-06,1.39,1.53,2.5,3.62,4.57,2.09,1.07,2.55,2.67,5.8625,1.99,3.35,,,,27.55,,6.03
2008-03-07,1.45,1.53,2.45,3.56,4.55,2.03,1.01,2.55,2.7,5.9325,2.01,3.39,,,,27.49,0.881,
2008-03-10,1.35,1.47,2.37,3.46,4.45,1.99,0.9,2.56,2.7350000000000003,6.0025,2.04,3.43,,,,29.38,,
2008-03-11,1.48,1.74,2.61,3.6,4.53,1.86,1.05,2.55,2.71,5.9325,2.03,3.39,,,,26.36,,
2008-03-12,1.48,1.63,2.49,3.49,4.4,1.86,0.95,2.54,2.6950000000000003,5.9325,2.0,3.39,,,,27.22,,
2008-03-13,1.35,1.63,2.53,3.56,4.47,1.93,1.05,2.51,2.68,5.9325,1.97,3.39,,,,27.29,,6.13
2008-03-14,1.18,1.47,2.37,3.44,4.35,1.97,1.01,2.43,2.73,5.984999999999999,2.04,3.42,,,,31.16,0.943,
2008-03-17,1.11,1.35,2.23,3.34,4.29,1.99,1.05,2.29,2.815,6.125,2.13,3.5,,,,32.24,,
2008-03-18,0.92,1.58,2.42,3.48,4.35,1.9,1.08,2.4,2.705,5.9325,2.02,3.39,,,,25.79,,
2008-03-19,0.61,1.54,2.36,3.38,4.22,1.84,1.04,2.34,2.74,6.02,2.04,3.44,,,,29.84,,
2008-03-20,0.63,1.59,2.36,3.34,4.17,1.75,1.02,2.32,2.715,5.984999999999999,2.01,3.42,,,,26.62,,5.87
2008-03-21,,,,,,,,,,,,,,,,,0.967,
2008-03-24,1.24,1.84,2.64,3.56,4.33,1.72,1.24,2.32,2.635,5.845,1.93,3.34,,,,25.73,,
2008-03-25,1.29,1.79,2.61,3.51,4.3,1.72,1.25,2.26,2.685,5.9325,1.98,3.39,,,,25.72,,
2008-03-26,1.29,1.71,2.55,3.51,4.33,1.8,1.24,2.27,2.705,5.9675,2.0,3.41,,,,26.08,,
2008-03-27,1.3,1.73,2.61,3.56,4.38,1.83,1.23,2.33,2.705,5.9675,2.0,3.41,,,,25.88,,5.85
2008-03-28,1.33,1.67,2.51,3.47,4.33,1.8,1.13,2.34,2.76,6.072500000000001,2.05,3.47,,,,25.71,0.947,
2008-03-31,1.38,1.62,2.46,3.45,4.3,1.83,1.11,2.34,2.74,6.0375000000000005,2.03,3.45,,,,25.61,,
2008-04-01,1.4,1.8,2.65,3.57,4.4,1.77,1.22,2.35,2.715,6.0025,2.0,3.43,214.56,100.8785,5.0,22.68,,
2008-04-02,1.41,1.88,2.72,3.6,4.38,1.72,1.26,2.34,2.685,5.95,1.97,3.4,,,,23.43,,
2008-04-03,1.4,1.91,2.75,3.61,4.4,1.7,1.28,2.33,2.67,5.915,1.96,3.38,,,,23.21,,5.88
2008-04-04,1.35,1.83,2.63,3.5,4.32,1.67,1.18,2.32,2.675,5.95,1.95,3.4,,,,22.45,0.894,
2008-04-07,1.45,1.95,2.75,3.57,4.36,1.62,1.23,2.34,2.65,5.8975,1.93,3.37,,,,22.42,,
2008-04-08,1.41,1.87,2.72,3.58,4.37,1.71,1.26,2.32,2.6550000000000002,5.8975,1.94,3.37,,,,22.36,,
2008-04-09,1.31,1.77,2.59,3.49,4.31,1.72,1.19,2.3,2.665,5.915,1.95,3.38,,,,22.81,,
2008-04-10,1.27,1.84,2.66,3.55,4.34,1.71,1.26,2.29,2.635,5.8625,1.92,3.35,,,,21.98,,5.88
2008-04-11,1.19,1.76,2.57,3.49,4.3,1.73,1.19,2.3,2.66,5.915,1.94,3.38,,,,23.46,0.821,
2008-04-14,1.08,1.78,2.6,3.53,4.35,1.75,1.23,2.3,2.665,5.9325,1.94,3.39,,,,23.82,,
2008-04-15,1.1,1.84,2.68,3.6,4.42,1.76,1.28,2.32,2.665,5.9325,1.94,3.39,,,,22.78,,
2008-04-16,1.12,1.98,2.82,3.72,4.54,1.74,1.41,2.31,2.675,5.9325,1.96,3.39,,,,20.53,,
2008-04-17,1.23,2.13,2.9,3.75,4.54,1.62,1.44,2.31,2.62,5.845,1.9,3.34,,,,20.37,,5.88
2008-04-18,1.35,2.19,2.95,3.77,4.51,1.58,1.45,2.32,2.565,5.705,1.87,3.26,,,,20.13,0.739,
2008-04-21,1.34,2.2,2.95,3.75,4.48,1.55,1.44,2.31,2.535,5.635000000000001,1.85,3.22,,,,20.5,,
2008-04-22,1.27,2.24,2.96,3.74,4.46,1.5,1.43,2.31,2.505,5.6175,1.8,3.21,,,,20.87,,
2008-04-23,1.26,2.22,2.98,3.77,4.49,1.55,1.44,2.33,2.475,5.565,1.77,3.18,,,,20.26,,
2008-04-24,1.26,2.41,3.15,3.87,4.56,1.46,1.56,2.31,2.4299999999999997,5.4775,1.73,3.13,,,,20.06,,6.03
2008-04-25,1.34,2.44,3.2,3.91,4.61,1.47,1.6,2.31,2.435,5.495,1.73,3.14,,,,19.59,0.653,
2008-04-28,1.43,2.36,3.14,3.86,4.57,1.5,1.56,2.3,2.435,5.4425,1.76,3.11,,,,19.64,,
2008-04-29,1.46,2.35,3.11,3.85,4.55,1.5,1.56,2.29,2.435,5.4425,1.76,3.11,,,,20.24,,
2008-04-30,1.43,2.29,3.03,3.77,4.49,1.48,1.5,2.27,2.42,5.425,1.74,3.1,,,,20.79,,
2008-05-01,1.45,2.37,3.06,3.78,4.49,1.41,1.52,2.26,2.38,5.32,1.72,3.04,214.936,100.2674,5.4,18.88,,6.06
2008-05-02,1.5,2.47,3.18,3.89,4.57,1.42,1.53,2.36,2.33,5.197500000000001,1.69,2.97,,,,18.18,0.578,
2008-05-05,1.53,2.42,3.14,3.88,4.58,1.46,1.53,2.35,2.3499999999999996,5.2675,1.69,3.01,,,,18.9,,
2008-05-06,1.63,2.38,3.15,3.93,4.64,1.55,1.55,2.38,2.355,5.2675,1.7,3.01,,,,18.21,,
2008-05-07,1.67,2.31,3.09,3.87,4.61,1.56,1.51,2.36,2.395,5.3374999999999995,1.74,3.05,,,,19.73,,
2008-05-08,1.66,2.25,2.99,3.79,4.5,1.54,1.43,2.36,2.41,5.390000000000001,1.74,3.08,,,,19.4,,6.05
2008-05-09,1.69,2.25,2.98,3.77,4.53,1.52,1.39,2.38,2.395,5.3725,1.72,3.07,,,,19.41,0.523,
2008-05-12,1.77,2.3,3.0,3.78,4.53,1.48,1.41,2.37,2.385,5.355,1.71,3.06,,,,17.79,,
2008-05-13,1.83,2.47,3.17,3.9,4.62,1.43,1.51,2.39,2.365,5.32,1.69,3.04,,,,17.98,,
2008-05-14,1.82,2.53,3.22,3.92,4.63,1.39,1.49,2.43,2.375,5.355,1.69,3.06,,,,17.66,,
2008-05-15,1.83,2.45,3.1,3.83,4.56,1.38,1.4,2.43,2.4,5.390000000000001,1.72,3.08,,,,16.3,,6.01
2008-05-16,1.84,2.47,3.12,3.85,4.58,1.38,1.41,2.44,2.38,5.355,1.7,3.06,,,,16.47,0.49,
2008-05-19,1.82,2.42,3.09,3.83,4.56,1.41,1.36,2.47,2.3899999999999997,5.3725,1.71,3.07,,,,17.01,,
2008-05-20,1.86,2.34,3.02,3.78,4.53,1.44,1.31,2.47,2.4,5.390000000000001,1.72,3.08,,,,17.58,,
2008-05-21,1.86,2.41,3.09,3.81,4.55,1.4,1.3,2.51,2.395,5.390000000000001,1.71,3.08,,,,18.59,,
2008-05-22,1.86,2.56,3.24,3.92,4.63,1.36,1.41,2.51,2.365,5.355,1.67,3.06,,,,18.05,,5.98
2008-05-23,1.86,2.46,3.15,3.85,4.57,1.39,1.36,2.49,2.365,5.355,1.67,3.06,,,,19.55,0.485,
2008-05-26,,,,,,,,,,,,,,,,,,
2008-05-27,1.89,2.55,3.25,3.93,4.65,1.38,1.46,2.47,2.38,5.390000000000001,1.68,3.08,,,,19.64,,
2008-05-28,1.89,2.62,3.36,4.03,4.71,1.41,1.58,2.45,2.33,5.302499999999999,1.63,3.03,,,,19.07,,
2008-05-29,1.9,2.67,3.41,4.08,4.76,1.41,1.62,2.46,2.3449999999999998,5.32,1.65,3.04,,,,18.14,,6.08
2008-05-30,1.89,2.66,3.41,4.06,4.72,1.4,1.58,2.48,2.305,5.25,1.61,3.0,,,,17.83,0.507,
2008-06-01,,,,,,,,,,,,,215.424,100.0335,5.6,,,
2008-06-02,1.85,2.51,3.28,3.98,4.68,1.47,1.51,2.47,2.355,5.3374999999999995,1.66,3.05,,,,19.83,,
2008-06-03,1.85,2.45,3.21,3.92,4.63,1.47,1.51,2.41,2.34,5.302499999999999,1.65,3.03,,,,20.24,,
2008-06-04,1.84,2.47,3.26,3.98,4.71,1.51,1.59,2.39,2.35,5.32,1.66,3.04,,,,20.8,,
2008-06-05,1.85,2.52,3.34,4.06,4.75,1.54,1.63,2.43,2.32,5.2675,1.63,3.01,,,,18.63,,6.09
2008-06-06,1.85,2.4,3.2,3.94,4.65,1.54,1.47,2.47,2.355,5.32,1.67,3.04,,,,23.56,0.552,
2008-06-09,1.89,2.73,3.41,4.02,4.64,1.29,1.54,2.48,2.25,5.145,1.56,2.94,,,,23.12,,
2008-06-10,2.02,2.91,3.54,4.11,4.7,1.2,1.62,2.49,2.245,5.145,1.55,2.94,,,,23.18,,
2008-06-11,1.96,2.83,3.49,4.1,4.72,1.27,1.62,2.48,2.265,5.197500000000001,1.56,2.97,,,,24.12,,
2008-06-12,2.0,3.03,3.68,4.23,4.77,1.2,1.73,2.5,2.2,5.075,1.5,2.9,,,,23.33,,6.32
2008-06-13,1.99,3.05,3.73,4.27,4.79,1.22,1.77,2.5,2.195,5.075,1.49,2.9,,,,21.22,0.606,
2008-06-16,2.07,3.02,3.73,4.25,4.77,1.23,1.76,2.49,2.21,5.109999999999999,1.5,2.92,,,,20.95,,
2008-06-17,1.99,2.94,3.66,4.23,4.78,1.29,1.75,2.48,2.235,5.145,1.53,2.94,,,,21.13,,
2008-06-18,1.93,2.89,3.57,4.16,4.72,1.27,1.68,2.48,2.245,5.1625000000000005,1.54,2.95,,,,22.24,,
2008-06-19,1.91,2.99,3.67,4.22,4.76,1.23,1.75,2.47,2.235,5.109999999999999,1.55,2.92,,,,21.58,,6.42
2008-06-20,1.87,2.88,3.57,4.16,4.71,1.28,1.72,2.44,2.255,5.1625000000000005,1.56,2.95,,,,22.87,0.662,
2008-06-23,1.87,2.98,3.65,4.19,4.71,1.21,1.75,2.44,2.2350000000000003,5.1275,1.54,2.93,,,,22.64,,
2008-06-24,1.83,2.87,3.52,4.1,4.65,1.23,1.64,2.46,2.2800000000000002,5.215,1.58,2.98,,,,22.42,,
2008-06-25,1.81,2.82,3.54,4.12,4.65,1.3,1.65,2.47,2.255,5.18,1.55,2.96,,,,21.14,,
2008-06-26,1.74,2.68,3.44,4.07,4.62,1.39,1.55,2.52,2.3,5.25,1.6,3.0,,,,23.93,,6.45
2008-06-27,1.68,2.65,3.36,3.99,4.53,1.34,1.48,2.51,2.33,5.32,1.62,3.04,,,,23.44,0.714,
2008-06-30,1.9,2.63,3.34,3.99,4.53,1.36,1.48,2.51,2.33,5.3374999999999995,1.61,3.05,,,,23.95,,
2008-07-01,1.87,2.63,3.33,4.01,4.55,1.38,1.49,2.52,2.335,5.355,1.61,3.06,215.965,99.676,5.8,23.65,,
2008-07-02,1.82,2.6,3.31,3.99,4.51,1.39,1.43,2.56,2.315,5.3374999999999995,1.58,3.05,,,,25.92,,
2008-07-03,1.84,2.54,3.28,3.99,4.53,1.45,1.42,2.57,2.345,5.390000000000001,1.61,3.08,,,,24.79,,6.35
2008-07-04,,,,,,,,,,,,,,,,,0.746,
2008-07-07,1.87,2.47,3.23,3.95,4.51,1.48,1.43,2.52,2.3600000000000003,5.425,1.62,3.1,,,,25.78,,
2008-07-08,1.86,2.47,3.19,3.91,4.46,1.44,1.45,2.46,2.36,5.4425,1.61,3.11,,,,23.15,,
2008-07-09,1.82,2.41,3.11,3.85,4.42,1.44,1.39,2.46,2.395,5.495,1.65,3.14,,,,25.23,,
2008-07-10,1.67,2.44,3.1,3.83,4.42,1.39,1.4,2.43,2.415,5.547499999999999,1.66,3.17,,,,25.59,,6.37
2008-07-11,1.62,2.59,3.27,3.96,4.52,1.37,1.48,2.48,2.3899999999999997,5.5125,1.63,3.15,,,,27.49,0.755,
2008-07-14,1.52,2.47,3.2,3.9,4.47,1.43,1.43,2.47,2.4,5.53,1.64,3.16,,,,28.48,,
2008-07-15,1.39,2.39,3.12,3.87,4.48,1.48,1.4,2.47,2.465,5.635000000000001,1.71,3.22,,,,28.54,,
2008-07-16,1.37,2.44,3.2,3.97,4.59,1.53,1.48,2.49,2.4850000000000003,5.67,1.73,3.24,,,,25.1,,
2008-07-17,1.43,2.58,3.35,4.07,4.65,1.49,1.6,2.47,2.44,5.6000000000000005,1.68,3.2,,,,25.01,,6.26
2008-07-18,1.48,2.66,3.42,4.11,4.66,1.45,1.65,2.46,2.415,5.547499999999999,1.66,3.17,,,,24.05,0.745,
2008-07-21,1.48,2.66,3.41,4.09,4.64,1.43,1.66,2.43,2.425,5.565,1.67,3.18,,,,23.05,,
2008-07-22,1.55,2.74,3.48,4.14,4.67,1.4,1.71,2.43,2.385,5.4775,1.64,3.13,,,,21.18,,
2008-07-23,1.59,2.81,3.51,4.16,4.69,1.35,1.8,2.36,2.395,5.495,1.65,3.14,,,,21.31,,
2008-07-24,1.65,2.61,3.37,4.03,4.6,1.42,1.69,2.34,2.44,5.5825,1.69,3.19,,,,23.44,,6.63
2008-07-25,1.75,2.7,3.45,4.13,4.69,1.43,1.79,2.34,2.425,5.547499999999999,1.68,3.17,,,,22.91,0.717,
2008-07-28,1.73,2.59,3.34,4.06,4.63,1.47,1.7,2.36,2.415,5.53,1.67,3.16,,,,24.23,,
2008-07-29,1.72,2.65,3.39,4.09,4.64,1.44,1.76,2.33,2.3899999999999997,5.4775,1.65,3.13,,,,22.03,,
2008-07-30,1.7,2.64,3.36,4.07,4.64,1.43,1.71,2.36,2.4299999999999997,5.547499999999999,1.69,3.17,,,,21.21,,
2008-07-31,1.68,2.52,3.25,3.99,4.59,1.47,1.65,2.34,2.48,5.635000000000001,1.74,3.22,,,,22.94,,6.52
2008-08-01,1.66,2.51,3.23,3.97,4.57,1.46,1.63,2.34,2.4699999999999998,5.6175,1.73,3.21,216.393,98.1111,6.1,22.57,0.686,
2008-08-04,1.75,2.53,3.23,3.98,4.58,1.45,1.64,2.34,2.48,5.635000000000001,1.74,3.22,,,,23.49,,
2008-08-05,1.75,2.54,3.28,4.04,4.63,1.5,1.74,2.3,2.46,5.6000000000000005,1.72,3.2,,,,21.14,,
2008-08-06,1.64,2.56,3.3,4.06,4.68,1.5,1.79,2.27,2.5,5.67,1.76,3.24,,,,20.23,,
2008-08-07,1.66,2.43,3.16,3.92,4.56,1.49,1.68,2.24,2.515,5.6875,1.78,3.25,,,,21.15,,6.52
2008-08-08,1.7,2.51,3.21,3.94,4.55,1.43,1.72,2.22,2.485,5.6525,1.74,3.23,,,,20.66,0.671,
2008-08-11,1.87,2.56,3.27,3.99,4.61,1.43,1.8,2.19,2.495,5.67,1.75,3.24,,,,20.12,,
2008-08-12,1.86,2.45,3.16,3.91,4.55,1.46,1.72,2.19,2.5149999999999997,5.705,1.77,3.26,,,,21.17,,
2008-08-13,1.85,2.5,3.21,3.94,4.57,1.44,1.75,2.19,2.505,5.6875,1.76,3.25,,,,21.55,,
2008-08-14,1.89,2.45,3.15,3.89,4.52,1.44,1.67,2.22,2.51,5.705,1.76,3.26,,,,20.34,,6.52
2008-08-15,1.85,2.4,3.11,3.84,4.47,1.44,1.66,2.18,2.52,5.7225,1.77,3.27,,,,19.58,0.679,
2008-08-18,1.82,2.35,3.07,3.82,4.44,1.47,1.67,2.15,2.505,5.705,1.75,3.26,,,,20.98,,
2008-08-19,1.8,2.32,3.07,3.83,4.47,1.51,1.68,2.15,2.525,5.739999999999999,1.77,3.28,,,,21.28,,
2008-08-20,1.71,2.25,3.0,3.79,4.43,1.54,1.6,2.19,2.545,5.7925,1.78,3.31,,,,20.42,,
2008-08-21,1.72,2.33,3.08,3.84,4.46,1.51,1.61,2.23,2.5149999999999997,5.739999999999999,1.75,3.28,,,,19.82,,6.47
2008-08-22,1.7,2.42,3.14,3.87,4.46,1.45,1.69,2.18,2.495,5.7225,1.72,3.27,,,,18.81,0.735,
2008-08-25,1.74,2.33,3.04,3.79,4.4,1.46,1.64,2.15,2.52,5.7749999999999995,1.74,3.3,,,,20.97,,
2008-08-26,1.71,2.35,3.06,3.79,4.4,1.44,1.63,2.16,2.525,5.7925,1.74,3.31,,,,20.49,,
2008-08-27,1.67,2.31,3.02,3.77,4.38,1.46,1.58,2.19,2.52,5.7749999999999995,1.74,3.3,,,,19.76,,
2008-08-28,1.74,2.37,3.09,3.79,4.38,1.42,1.62,2.17,2.505,5.7575,1.72,3.29,,,,19.43,,6.4
2008-08-29,1.72,2.36,3.1,3.83,4.43,1.47,1.68,2.15,2.5300000000000002,5.7575,1.77,3.29,,,,20.65,0.843,
2008-09-01,,,,,,,,,,,,,216.713,93.7895,6.1,,,
2008-09-02,1.72,2.26,3.0,3.74,4.36,1.48,1.69,2.05,2.565,5.827500000000001,1.8,3.33,,,,21.99,,
2008-09-03,1.7,2.26,2.95,3.71,4.32,1.45,1.71,2.0,2.5549999999999997,5.81,1.79,3.32,,,,21.43,,
2008-09-04,1.69,2.2,2.87,3.64,4.27,1.44,1.7,1.94,2.595,5.8975,1.82,3.37,,,,24.03,,6.35
2008-09-05,1.68,2.23,2.91,3.66,4.27,1.43,1.71,1.95,2.585,5.8975,1.8,3.37,,,,23.06,1.011,
2008-09-08,1.71,2.3,2.96,3.66,4.26,1.36,1.68,1.98,2.58,5.8975,1.79,3.37,,,,22.64,,
2008-09-09,1.66,2.23,2.9,3.62,4.2,1.39,1.69,1.93,2.55,5.8625,1.75,3.35,,,,25.47,,
2008-09-10,1.65,2.22,2.91,3.65,4.23,1.43,1.7,1.95,2.59,5.8975,1.81,3.37,,,,24.52,,
2008-09-11,1.61,2.18,2.87,3.64,4.2,1.46,1.67,1.97,2.605,5.9675,1.8,3.41,,,,24.39,,5.93
2008-09-12,1.49,2.23,2.97,3.74,4.32,1.51,1.79,1.95,2.625,6.0025,1.82,3.43,,,,25.66,1.231,
2008-09-15,1.02,1.78,2.59,3.47,4.12,1.69,1.7,1.77,2.825,6.405,1.99,3.66,,,,31.7,,
2008-09-16,0.84,1.89,2.64,3.48,4.08,1.59,1.85,1.63,2.8449999999999998,6.44,2.01,3.68,,,,30.3,,
2008-09-17,0.03,1.64,2.52,3.41,4.08,1.77,1.81,1.6,3.005,6.72,2.17,3.84,,,,36.22,,
2008-09-18,0.23,1.78,2.67,3.54,4.14,1.76,1.94,1.6,2.965,6.6325,2.14,3.79,,,,33.1,,5.78
2008-09-19,0.99,2.16,3.01,3.78,4.36,1.62,1.85,1.93,2.96,6.5975,2.15,3.77,,,,32.07,1.515,
2008-09-22,1.28,2.13,3.04,3.83,4.41,1.7,1.85,1.98,2.9299999999999997,6.614999999999999,2.08,3.78,,,,33.85,,
2008-09-23,0.8,2.11,3.03,3.85,4.43,1.74,1.99,1.86,2.9299999999999997,6.5975,2.09,3.77,,,,35.72,,
2008-09-24,0.49,2.03,2.91,3.8,4.4,1.77,2.05,1.75,2.9299999999999997,6.614999999999999,2.08,3.78,,,,35.19,,
2008-09-25,0.76,2.16,3.09,3.88,4.4,1.72,2.09,1.79,2.95,6.755,2.04,3.86,,,,32.82,,6.09
2008-09-26,0.87,2.11,3.05,3.85,4.36,1.74,2.1,1.75,2.9699999999999998,6.79,2.06,3.88,,,,34.74,1.795,
2008-09-29,0.94,1.7,2.7,3.61,4.13,1.91,2.03,1.58,3.08,7.0175,2.15,4.01,,,,46.72,,
2008-09-30,0.92,2.0,2.98,3.85,4.31,1.85,2.25,1.6,3.08,7.0,2.16,4.0,,,,39.39,,
2008-10-01,0.85,1.82,2.87,3.77,4.22,1.95,2.26,1.51,3.175,7.174999999999999,2.25,4.1,216.788,94.7219,6.5,39.81,,
2008-10-02,0.63,1.62,2.68,3.66,4.16,2.04,2.17,1.49,3.3449999999999998,7.5424999999999995,2.38,4.31,,,,45.26,,6.1
2008-10-03,0.51,1.6,2.64,3.63,4.11,2.03,2.18,1.45,3.3499999999999996,7.612499999999999,2.35,4.35,,,,45.14,2.076,
2008-10-06,0.54,1.43,2.45,3.48,3.99,2.05,2.21,1.27,3.42,7.7524999999999995,2.41,4.43,,,,52.05,,
2008-10-07,0.82,1.47,2.45,3.5,4.01,2.03,2.32,1.18,3.51,7.9624999999999995,2.47,4.55,,,,53.68,,
2008-10-08,0.68,1.65,2.7,3.72,4.09,2.07,2.69,1.03,3.4400000000000004,7.8575,2.39,4.49,,,,57.53,,
2008-10-09,0.6,1.65,2.79,3.84,4.14,2.19,2.79,1.05,3.415,7.840000000000001,2.35,4.48,,,,63.92,,5.94
2008-10-10,0.25,1.62,2.77,3.89,4.15,2.27,2.97,0.92,3.7,8.505,2.54,4.86,,,,69.95,2.328,
2008-10-13,,,,,,,,,,,,,,,,54.99,,
2008-10-14,0.34,1.82,3.01,4.08,4.27,2.26,3.05,1.03,3.625,8.365,2.47,4.78,,,,55.13,,
2008-10-15,0.22,1.64,2.9,4.04,4.25,2.4,3.02,1.02,3.6100000000000003,8.645000000000001,2.28,4.94,,,,69.25,,
2008-10-16,0.46,1.61,2.84,3.99,4.25,2.38,3.02,0.97,3.785,8.907499999999999,2.48,5.09,,,,67.61,,6.46
2008-10-17,0.83,1.64,2.83,3.98,4.32,2.34,2.87,1.11,4.01,9.5375,2.57,5.45,,,,70.33,2.524,
2008-10-20,1.24,1.71,2.82,3.91,4.26,2.2,2.76,1.15,4.06,9.66,2.6,5.52,,,,52.97,,
2008-10-21,1.1,1.58,2.63,3.76,4.2,2.18,2.63,1.13,4.14,9.799999999999999,2.68,5.6,,,,53.11,,
2008-10-22,1.05,1.53,2.56,3.65,4.07,2.12,2.59,1.06,4.12,9.799999999999999,2.64,5.6,,,,69.65,,
2008-10-23,0.98,1.54,2.57,3.63,3.99,2.09,2.67,0.96,3.9800000000000004,9.59,2.48,5.48,,,,67.8,,6.04
2008-10-24,0.89,1.57,2.64,3.76,4.11,2.19,3.02,0.74,4.01,9.695,2.48,5.54,,,,79.13,2.668,
2008-10-27,0.84,1.59,2.67,3.79,4.12,2.2,3.02,0.77,4.04,9.799999999999999,2.48,5.6,,,,80.06,,
2008-10-28,0.77,1.65,2.75,3.89,4.19,2.24,3.06,0.83,4.035,9.782499999999999,2.48,5.59,,,,66.96,,
2008-10-29,0.62,1.58,2.77,3.93,4.26,2.35,3.05,0.88,4.04,9.765,2.5,5.58,,,,69.96,,
2008-10-30,0.41,1.59,2.84,4.0,4.3,2.41,3.06,0.94,3.995,9.66,2.47,5.52,,,,62.9,,6.46
2008-10-31,0.46,1.56,2.8,4.01,4.35,2.45,3.14,0.87,4.03,9.6775,2.53,5.53,,,,59.89,2.791,
2008-11-01,,,,,,,,,,,,,216.947,93.4715,6.8,,,
2008-11-03,0.49,1.45,2.71,3.96,4.33,2.51,3.09,0.87,4.01,9.6775,2.49,5.53,,,,53.68,,
2008-11-04,0.48,1.39,2.56,3.81,4.2,2.42,2.88,0.93,4.055,9.729999999999999,2.55,5.56,,,,47.73,,
2008-11-05,0.4,1.36,2.5,3.73,4.13,2.37,2.76,0.97,4.05,9.6775,2.57,5.53,,,,54.56,,
2008-11-06,0.32,1.28,2.46,3.75,4.19,2.47,2.81,0.94,4.04,9.625,2.58,5.5,,,,63.68,,6.2
2008-11-07,0.31,1.33,2.56,3.83,4.25,2.5,2.86,0.97,4.005,9.5375,2.56,5.45,,,,56.1,2.885,
2008-11-10,0.29,1.27,2.51,3.82,4.21,2.55,2.84,0.98,3.96,9.450000000000001,2.52,5.4,,,,59.98,,
2008-11-11,,,,,,,,,,,,,,,,61.44,,
2008-11-12,0.18,1.19,2.37,3.75,4.17,2.56,2.79,0.96,3.98,9.467500000000001,2.55,5.41,,,,66.46,,
2008-11-13,0.22,1.24,2.43,3.84,4.34,2.6,2.95,0.89,4.085,9.695,2.63,5.54,,,,59.83,,6.14
2008-11-14,0.15,1.22,2.33,3.72,4.22,2.5,2.87,0.85,4.095,9.729999999999999,2.63,5.56,,,,66.31,2.966,
2008-11-17,0.12,1.22,2.32,3.68,4.2,2.46,2.85,0.83,4.115,9.765,2.65,5.58,,,,69.15,,
2008-11-18,0.12,1.15,2.22,3.53,4.14,2.38,2.92,0.61,4.165,9.9925,2.62,5.71,,,,67.64,,
2008-11-19,0.07,1.09,2.08,3.38,3.96,2.29,2.98,0.4,4.16,10.0275,2.59,5.73,,,,74.26,,
2008-11-20,0.03,1.0,1.94,3.1,3.64,2.1,3.06,0.04,4.255,10.36,2.59,5.92,,,,80.86,,6.04
2008-11-21,0.02,1.09,2.02,3.2,3.7,2.11,3.15,0.05,4.25,10.29,2.62,5.88,,,,72.67,3.043,
2008-11-24,0.13,1.31,2.24,3.35,3.78,2.04,3.11,0.24,4.215,10.255,2.57,5.86,,,,64.7,,
2008-11-25,0.1,1.15,2.06,3.11,3.63,1.96,2.79,0.32,4.325,10.5175,2.64,6.01,,,,60.9,,
2008-11-26,0.05,1.09,2.01,2.99,3.54,1.9,2.68,0.31,4.395,10.604999999999999,2.73,6.06,,,,54.92,,5.97
2008-11-27,,,,,,,,,,,,,,,,,,
2008-11-28,0.01,1.0,1.93,2.93,3.45,1.93,2.6,0.33,4.385,10.674999999999999,2.67,6.1,,,,55.84,3.07,
2008-12-01,0.07,0.9,1.71,2.72,3.22,1.82,2.38,0.34,4.375,10.71,2.63,6.12,216.925,90.8357,7.3,68.51,,
2008-12-02,0.06,0.9,1.65,2.68,3.18,1.78,2.26,0.42,4.375,10.6925,2.64,6.11,,,,62.98,,
2008-12-03,0.02,0.87,1.6,2.67,3.17,1.8,2.14,0.53,4.38,10.7275,2.63,6.13,,,,60.72,,
2008-12-04,0.02,0.82,1.51,2.55,3.06,1.73,1.98,0.57,4.43,10.780000000000001,2.7,6.16,,,,63.64,,5.53
2008-12-05,0.02,0.93,1.67,2.67,3.11,1.74,2.23,0.44,4.36,10.6225,2.65,6.07,,,,59.93,3.063,
2008-12-08,0.03,0.97,1.76,2.77,3.16,1.8,2.47,0.3,4.305,10.535,2.59,6.02,,,,58.49,,
2008-12-09,0.03,0.84,1.61,2.67,3.06,1.83,2.41,0.26,4.345,10.604999999999999,2.63,6.06,,,,58.91,,
2008-12-10,0.0,0.86,1.62,2.69,3.09,1.83,2.44,0.25,4.355,10.5175,2.7,6.01,,,,55.73,,
2008-12-11,0.01,0.79,1.55,2.64,3.07,1.85,2.35,0.29,4.4,10.6225,2.73,6.07,,,,55.78,,5.47
2008-12-12,0.02,0.78,1.55,2.6,3.07,1.82,2.43,0.17,4.415,10.64,2.75,6.08,,,,54.28,2.999,
2008-12-15,0.03,0.75,1.5,2.53,2.98,1.78,2.43,0.1,4.43,10.674999999999999,2.76,6.1,,,,56.76,,
2008-12-16,0.04,0.65,1.34,2.37,2.86,1.72,2.21,0.16,4.45,10.6925,2.79,6.11,,,,52.37,,
2008-12-17,0.05,0.73,1.35,2.2,2.66,1.47,1.86,0.34,4.38,10.535,2.74,6.02,,,,49.84,,
2008-12-18,0.0,0.68,1.26,2.08,2.53,1.4,1.85,0.23,4.335,10.5525,2.64,6.03,,,,47.34,,5.19
2008-12-19,0.02,0.74,1.35,2.13,2.55,1.39,1.98,0.15,4.215,10.395000000000001,2.49,5.94,,,,44.93,2.875,
2008-12-22,0.01,0.87,1.4,2.16,2.6,1.29,2.01,0.15,4.215,10.3775,2.5,5.93,,,,44.56,,
2008-12-23,0.02,0.9,1.53,2.18,2.63,1.28,2.03,0.15,4.255,10.395000000000001,2.57,5.94,,,,45.02,,
2008-12-24,0.0,0.9,1.54,2.2,2.63,1.3,2.07,0.13,4.225,10.325000000000001,2.55,5.9,,,,44.21,,5.14
2008-12-25,,,,,,,,,,,,,,,,,,
2008-12-26,0.03,0.89,1.51,2.16,2.61,1.27,2.03,0.13,4.23,10.325000000000001,2.56,5.9,,,,43.38,2.716,
2008-12-29,0.06,0.78,1.45,2.13,2.63,1.35,2.02,0.11,4.265,10.36,2.61,5.92,,,,43.9,,
2008-12-30,0.1,0.75,1.47,2.11,2.58,1.36,2.02,0.09,4.195,10.255,2.53,5.86,,,,41.63,,
2008-12-31,0.11,0.76,1.55,2.25,2.69,1.49,2.14,0.11,4.135,10.185,2.45,5.82,,,,40.0,,5.1
2009-01-01,,,,,,,,,,,,,217.346,88.57,7.8,,,
2009-01-02,0.08,0.88,1.72,2.46,2.83,1.58,2.29,0.17,4.045,10.01,2.37,5.72,,,,39.19,2.563,
2009-01-05,0.14,0.78,1.67,2.49,3.0,1.71,2.34,0.15,4.19,10.185,2.56,5.82,,,,39.08,,
2009-01-06,0.14,0.8,1.68,2.51,3.04,1.71,2.09,0.42,4.154999999999999,10.0975,2.54,5.77,,,,38.56,,
2009-01-07,0.11,0.82,1.66,2.52,3.05,1.7,2.05,0.47,4.12,9.9925,2.53,5.71,,,,43.39,,
2009-01-08,0.09,0.83,1.6,2.47,3.04,1.64,1.97,0.5,4.135,9.9925,2.56,5.71,,,,42.56,,5.01
2009-01-09,0.07,0.75,1.51,2.43,3.04,1.68,1.87,0.56,4.154999999999999,10.01,2.59,5.72,,,,42.82,2.411,
2009-01-12,0.12,0.74,1.45,2.34,2.99,1.6,1.75,0.59,4.17,9.9925,2.63,5.71,,,,45.84,,
2009-01-13,0.11,0.76,1.44,2.33,3.0,1.57,1.74,0.59,4.175,10.01,2.63,5.72,,,,43.27,,
2009-01-14,0.12,0.73,1.36,2.24,2.89,1.51,1.79,0.45,4.14,9.94,2.6,5.68,,,,49.14,,
2009-01-15,0.11,0.73,1.36,2.23,2.86,1.5,1.78,0.45,4.135,9.94,2.59,5.68,,,,51.0,,4.96
2009-01-16,0.12,0.73,1.47,2.36,2.89,1.63,1.81,0.55,4.015,9.7125,2.48,5.55,,,,46.11,2.287,
2009-01-19,,,,,,,,,,,,,,,,,,
2009-01-20,0.13,0.73,1.48,2.4,2.97,1.67,1.82,0.58,4.025,9.7125,2.5,5.55,,,,56.65,,
2009-01-21,0.11,0.78,1.6,2.56,3.15,1.78,1.98,0.58,4.055,9.765,2.53,5.58,,,,46.42,,
2009-01-22,0.1,0.75,1.61,2.62,3.25,1.87,1.97,0.65,4.105,9.835,2.59,5.62,,,,47.29,,5.12
2009-01-23,0.11,0.83,1.64,2.65,3.32,1.82,1.93,0.72,4.08,9.8525,2.53,5.63,,,,47.27,2.196,
2009-01-26,0.14,0.85,1.67,2.7,3.39,1.85,1.92,0.78,4.07,9.799999999999999,2.54,5.6,,,,45.69,,
2009-01-27,0.13,0.87,1.59,2.59,3.26,1.72,1.77,0.82,3.965,9.5725,2.46,5.47,,,,42.25,,
2009-01-28,0.19,0.89,1.7,2.71,3.44,1.82,1.81,0.9,3.99,9.6075,2.49,5.49,,,,39.66,,
2009-01-29,0.23,0.95,1.87,2.87,3.57,1.92,1.83,1.04,3.93,9.467500000000001,2.45,5.41,,,,42.63,,5.1
2009-01-30,0.24,0.94,1.85,2.87,3.58,1.93,1.73,1.14,3.915,9.415,2.45,5.38,,,,44.84,2.137,
2009-02-01,,,,,,,,,,,,,217.792,88.031,8.3,,,
2009-02-02,0.27,0.89,1.75,2.76,3.47,1.87,1.69,1.07,3.88,9.3275,2.43,5.33,,,,45.52,,
2009-02-03,0.32,0.96,1.88,2.89,3.64,1.93,1.76,1.13,3.8550000000000004,9.31,2.39,5.32,,,,43.06,,
2009-02-04,0.3,0.98,1.91,2.95,3.65,1.97,1.78,1.17,3.84,9.2575,2.39,5.29,,,,43.85,,
2009-02-05,0.29,0.98,1.89,2.95,3.63,1.97,1.84,1.11,3.79,9.1525,2.35,5.23,,,,43.73,,5.25
2009-02-06,0.28,0.99,1.97,3.05,3.7,2.06,1.82,1.23,3.715,8.9775,2.3,5.13,,,,43.37,2.106,
2009-02-09,0.32,1.05,1.99,3.07,3.69,2.02,1.66,1.41,3.695,8.907499999999999,2.3,5.09,,,,43.64,,
2009-02-10,0.31,0.92,1.79,2.9,3.54,1.98,1.65,1.25,3.7,8.89,2.32,5.08,,,,46.67,,
2009-02-11,0.3,0.93,1.76,2.78,3.45,1.85,1.66,1.12,3.695,8.924999999999999,2.29,5.1,,,,44.53,,
2009-02-12,0.29,0.89,1.73,2.75,3.47,1.86,1.61,1.14,3.75,9.030000000000001,2.34,5.16,,,,41.25,,5.16
2009-02-13,0.29,0.97,1.88,2.89,3.68,1.92,1.68,1.21,3.835,9.17,2.43,5.24,,,,42.93,2.107,
2009-02-16,,,,,,,,,,,,,,,,,,
2009-02-17,0.32,0.87,1.65,2.64,3.47,1.77,1.53,1.11,3.88,9.24,2.48,5.28,,,,48.66,,
2009-02-18,0.31,0.97,1.81,2.74,3.54,1.77,1.63,1.11,3.83,9.1175,2.45,5.21,,,,48.46,,
2009-02-19,0.3,1.01,1.89,2.85,3.68,1.84,1.73,1.12,3.9099999999999997,9.2225,2.55,5.27,,,,47.08,,5.04
2009-02-20,0.27,0.96,1.81,2.78,3.56,1.82,1.67,1.11,3.875,9.1875,2.5,5.25,,,,49.3,2.123,
2009-02-23,0.29,0.96,1.84,2.78,3.53,1.82,1.7,1.08,3.845,9.17,2.45,5.24,,,,52.62,,
2009-02-24,0.32,1.03,1.89,2.8,3.49,1.77,1.82,0.98,3.8200000000000003,9.1525,2.41,5.23,,,,45.49,,
2009-02-25,0.3,1.09,2.06,2.95,3.59,1.86,1.98,0.97,3.7699999999999996,9.065,2.36,5.18,,,,44.67,,
2009-02-26,0.27,1.08,2.07,2.98,3.66,1.9,2.02,0.96,3.805,9.1525,2.38,5.23,,,,44.66,,5.07
2009-02-27,0.26,1.0,1.99,3.02,3.71,2.02,2.06,0.96,3.815,9.135,2.41,5.22,,,,46.35,2.139,
2009-03-01,,,,,,,,,,,,,218.253,86.6528,8.7,,,
2009-03-02,0.28,0.89,1.86,2.91,3.64,2.02,2.0,0.91,3.895,9.2575,2.5,5.29,,,,52.65,,
2009-03-03,0.27,0.91,1.87,2.93,3.67,2.02,2.02,0.91,3.925,9.344999999999999,2.51,5.34,,,,50.93,,
2009-03-04,0.26,0.97,1.97,3.01,3.69,2.04,2.09,0.92,3.88,9.292499999999999,2.45,5.31,,,,47.56,,
2009-03-05,0.2,0.9,1.82,2.83,3.51,1.93,1.98,0.85,3.915,9.344999999999999,2.49,5.34,,,,50.17,,5.15
2009-03-06,0.21,0.91,1.83,2.83,3.5,1.92,2.02,0.81,3.9499999999999997,9.362499999999999,2.55,5.35,,,,49.33,2.143,
2009-03-09,0.23,0.96,1.9,2.89,3.59,1.93,2.06,0.83,3.965,9.450000000000001,2.53,5.4,,,,49.68,,
2009-03-10,0.24,1.01,1.99,2.99,3.7,1.98,2.15,0.84,4.0,9.5375,2.55,5.45,,,,44.37,,
2009-03-11,0.23,1.03,1.96,2.95,3.67,1.92,2.03,0.92,3.995,9.5375,2.54,5.45,,,,43.61,,
2009-03-12,0.22,1.03,1.92,2.89,3.63,1.86,1.88,1.01,4.05,9.66,2.58,5.52,,,,41.18,,5.03
2009-03-13,0.2,0.98,1.87,2.89,3.66,1.91,1.87,1.02,4.09,9.729999999999999,2.62,5.56,,,,42.36,2.106,
2009-03-16,0.24,1.0,1.91,2.97,3.76,1.97,1.88,1.09,4.15,9.7475,2.73,5.57,,,,43.74,,
2009-03-17,0.24,1.05,2.0,3.02,3.83,1.97,1.9,1.12,4.165,9.799999999999999,2.73,5.6,,,,40.8,,
2009-03-18,0.21,0.82,1.54,2.51,3.57,1.69,1.28,1.23,4.4399999999999995,10.29,3.0,5.88,,,,40.06,,
2009-03-19,0.2,0.87,1.64,2.61,3.62,1.74,1.31,1.3,4.39,10.219999999999999,2.94,5.84,,,,43.68,,4.98
2009-03-20,0.22,0.89,1.66,2.65,3.65,1.76,1.43,1.22,4.4,10.255,2.94,5.86,,,,45.89,2.033,
2009-03-23,0.22,0.93,1.69,2.68,3.69,1.75,1.4,1.28,4.41,10.29,2.94,5.88,,,,43.23,,
2009-03-24,0.21,0.93,1.7,2.68,3.6,1.75,1.36,1.32,4.279999999999999,10.15,2.76,5.8,,,,42.93,,
2009-03-25,0.19,0.96,1.84,2.81,3.73,1.85,1.44,1.37,4.265000000000001,10.1325,2.74,5.79,,,,42.25,,
2009-03-26,0.15,0.9,1.8,2.76,3.66,1.86,1.3,1.46,4.24,10.08,2.72,5.76,,,,40.36,,4.85
2009-03-27,0.14,0.9,1.79,2.78,3.62,1.88,1.38,1.4,4.195,10.01,2.67,5.72,,,,41.04,1.928,
2009-03-30,0.18,0.84,1.72,2.73,3.6,1.89,1.39,1.34,4.225,10.0625,2.7,5.75,,,,45.54,,
2009-03-31,0.21,0.81,1.67,2.71,3.56,1.9,1.43,1.28,4.21,10.045,2.68,5.74,,,,44.14,,
2009-04-01,0.22,0.83,1.65,2.68,3.51,1.85,1.37,1.31,4.17,9.975,2.64,5.7,218.706,85.9344,9.0,42.28,,
2009-04-02,0.22,0.88,1.74,2.77,3.57,1.89,1.44,1.33,4.16,9.957500000000001,2.63,5.69,,,,42.04,,4.78
2009-04-03,0.21,0.96,1.87,2.91,3.7,1.95,1.53,1.38,4.135,9.94,2.59,5.68,,,,39.7,1.803,
2009-04-06,0.2,0.94,1.9,2.95,3.73,2.01,1.52,1.43,4.13,9.94,2.58,5.68,,,,40.93,,
2009-04-07,0.2,0.91,1.87,2.93,3.72,2.02,1.61,1.32,4.12,9.9225,2.57,5.67,,,,40.39,,
2009-04-08,0.18,0.93,1.83,2.86,3.66,1.93,1.57,1.29,4.1049999999999995,9.87,2.57,5.64,,,,38.85,,
2009-04-09,0.18,0.96,1.9,2.96,3.76,2.0,1.62,1.34,4.04,9.8175,2.47,5.61,,,,36.53,,4.87
2009-04-10,,,,,,,,,,,,,,,,,1.663,
2009-04-13,0.18,0.89,1.81,2.88,3.69,1.99,1.55,1.33,4.025,9.799999999999999,2.45,5.6,,,,37.81,,
2009-04-14,0.17,0.86,1.71,2.8,3.64,1.94,1.52,1.28,4.05,9.799999999999999,2.5,5.6,,,,37.67,,
2009-04-15,0.15,0.86,1.71,2.82,3.66,1.96,1.55,1.27,4.0,9.6775,2.47,5.53,,,,36.17,,
2009-04-16,0.13,0.91,1.79,2.86,3.72,1.95,1.59,1.27,4.005,9.66,2.49,5.52,,,,35.79,,4.82
2009-04-17,0.14,0.99,1.91,2.98,3.79,1.99,1.7,1.28,3.8899999999999997,9.5025,2.35,5.43,,,,33.94,1.521,
2009-04-20,0.14,0.93,1.82,2.88,3.69,1.95,1.66,1.22,3.8499999999999996,9.362499999999999,2.35,5.35,,,,39.18,,
2009-04-21,0.15,0.96,1.87,2.94,3.74,1.98,1.69,1.25,3.825,9.275,2.35,5.3,,,,37.14,,
2009-04-22,0.14,1.0,1.92,2.98,3.82,1.98,1.65,1.33,3.865,9.3275,2.4,5.33,,,,38.1,,
2009-04-23,0.1,0.97,1.89,2.96,3.8,1.99,1.52,1.44,3.84,9.275,2.38,5.3,,,,37.15,,4.8
2009-04-24,0.1,0.99,1.96,3.03,3.89,2.04,1.53,1.5,3.8200000000000003,9.1875,2.39,5.25,,,,36.82,1.382,
2009-04-27,0.13,0.9,1.87,2.95,3.84,2.05,1.48,1.47,3.87,9.275,2.44,5.3,,,,38.32,,
2009-04-28,0.13,0.95,1.97,3.05,3.97,2.1,1.54,1.51,3.845,9.17,2.45,5.24,,,,37.95,,
2009-04-29,0.11,0.94,2.01,3.12,4.01,2.18,1.59,1.53,3.755,9.0475,2.34,5.17,,,,36.08,,
2009-04-30,0.14,0.91,2.02,3.16,4.05,2.25,1.69,1.47,3.685,8.89,2.29,5.08,,,,36.5,,4.78
2009-05-01,0.16,0.92,2.03,3.21,4.09,2.29,1.8,1.41,3.65,8.7675,2.29,5.01,218.904,85.0665,9.4,35.3,1.246,
2009-05-04,0.19,0.94,2.03,3.19,4.06,2.25,1.77,1.42,3.63,8.715,2.28,4.98,,,,34.53,,
2009-05-05,0.19,0.98,2.05,3.2,4.06,2.22,1.77,1.43,3.5599999999999996,8.6275,2.19,4.93,,,,33.36,,
2009-05-06,0.19,0.96,2.06,3.18,4.09,2.22,1.74,1.44,3.575,8.592500000000001,2.24,4.91,,,,32.45,,
2009-05-07,0.18,1.0,2.15,3.29,4.25,2.29,1.74,1.55,3.6050000000000004,8.575000000000001,2.31,4.9,,,,33.44,,4.84
2009-05-08,0.19,1.0,2.15,3.29,4.28,2.29,1.77,1.52,3.58,8.487499999999999,2.31,4.85,,,,32.05,1.123,
2009-05-11,0.19,0.92,2.04,3.17,4.18,2.25,1.7,1.47,3.61,8.54,2.34,4.88,,,,32.87,,
2009-05-12,0.19,0.9,2.02,3.17,4.16,2.27,1.69,1.48,3.585,8.505,2.31,4.86,,,,31.8,,
2009-05-13,0.17,0.89,1.98,3.11,4.09,2.22,1.67,1.44,3.58,8.505,2.3,4.86,,,,33.65,,
2009-05-14,0.16,0.87,1.98,3.1,4.06,2.23,1.68,1.42,3.58,8.5225,2.29,4.87,,,,31.37,,4.86
2009-05-15,0.17,0.88,2.01,3.14,4.09,2.26,1.66,1.48,3.5599999999999996,8.487499999999999,2.27,4.85,,,,33.12,1.021,
2009-05-18,0.19,0.93,2.09,3.22,4.18,2.29,1.66,1.56,3.5649999999999995,8.487499999999999,2.28,4.85,,,,30.24,,
2009-05-19,0.18,0.91,2.12,3.25,4.21,2.34,1.65,1.6,3.535,8.3825,2.28,4.79,,,,28.8,,
2009-05-20,0.18,0.87,2.05,3.19,4.14,2.32,1.56,1.63,3.515,8.295,2.29,4.74,,,,29.03,,
2009-05-21,0.19,0.89,2.16,3.35,4.3,2.46,1.67,1.68,3.49,8.225,2.28,4.7,,,,31.35,,4.82
2009-05-22,0.18,0.92,2.23,3.45,4.38,2.53,1.72,1.73,3.465,8.155000000000001,2.27,4.66,,,,32.63,0.937,
2009-05-25,,,,,,,,,,,,,,,,,,
2009-05-26,0.18,0.96,2.3,3.5,4.45,2.54,1.72,1.78,3.4450000000000003,8.085,2.27,4.62,,,,30.62,,
2009-05-27,0.17,0.96,2.43,3.71,4.59,2.75,1.83,1.88,3.325,7.840000000000001,2.17,4.48,,,,32.36,,
2009-05-28,0.15,0.97,2.46,3.67,4.54,2.7,1.87,1.8,3.23,7.665,2.08,4.38,,,,31.67,,4.91
2009-05-29,0.14,0.92,2.34,3.47,4.34,2.55,1.67,1.8,3.09,7.5075,1.89,4.29,,,,28.92,0.878,
2009-06-01,0.13,0.97,2.55,3.71,4.55,2.74,1.8,1.91,3.125,7.455,1.99,4.26,219.112,84.7459,9.5,30.04,,
2009-06-02,0.14,0.96,2.52,3.65,4.5,2.69,1.69,1.96,3.0549999999999997,7.244999999999999,1.97,4.14,,,,29.63,,
2009-06-03,0.14,0.91,2.43,3.56,4.45,2.65,1.68,1.88,3.0549999999999997,7.174999999999999,2.01,4.1,,,,31.02,,
2009-06-04,0.14,0.96,2.56,3.72,4.58,2.76,1.83,1.89,3.025,7.0874999999999995,2.0,4.05,,,,30.18,,5.29
2009-06-05,0.2,1.32,2.85,3.84,4.63,2.52,1.88,1.96,2.9450000000000003,6.9125000000000005,1.94,3.95,,,,29.62,0.831,
2009-06-08,0.19,1.42,2.95,3.91,4.65,2.49,1.94,1.97,2.83,6.6675,1.85,3.81,,,,29.77,,
2009-06-09,0.19,1.33,2.86,3.86,4.64,2.53,1.88,1.98,2.885,6.7375,1.92,3.85,,,,28.27,,
2009-06-10,0.18,1.38,2.93,3.98,4.76,2.6,1.91,2.07,2.83,6.5975,1.89,3.77,,,,28.46,,
2009-06-11,0.19,1.35,2.87,3.88,4.69,2.53,1.89,1.99,2.86,6.6325,1.93,3.79,,,,28.11,,5.59
2009-06-12,0.19,1.3,2.81,3.81,4.65,2.51,1.91,1.9,2.87,6.6325,1.95,3.79,,,,28.15,0.795,
2009-06-15,0.17,1.26,2.75,3.76,4.61,2.5,1.9,1.86,2.84,6.58,1.92,3.76,,,,30.81,,
2009-06-16,0.17,1.23,2.7,3.67,4.48,2.44,1.88,1.79,2.85,6.545,1.96,3.74,,,,32.68,,
2009-06-17,0.17,1.19,2.69,3.68,4.5,2.49,1.95,1.73,2.79,6.422499999999999,1.91,3.67,,,,31.54,,
2009-06-18,0.18,1.28,2.86,3.86,4.63,2.58,1.98,1.88,2.685,6.3175,1.76,3.61,,,,30.03,,5.38
2009-06-19,0.19,1.25,2.82,3.79,4.52,2.54,1.91,1.88,2.64,6.195,1.74,3.54,,,,27.99,0.764,
2009-06-22,0.2,1.17,2.75,3.72,4.45,2.55,1.89,1.83,2.635,6.1425,1.76,3.51,,,,31.17,,
2009-06-23,0.2,1.14,2.71,3.65,4.37,2.51,1.84,1.81,2.655,6.177499999999999,1.78,3.53,,,,30.58,,
2009-06-24,0.19,1.19,2.74,3.72,4.44,2.53,1.93,1.79,2.645,6.16,1.77,3.52,,,,29.05,,
2009-06-25,0.18,1.12,2.58,3.55,4.33,2.43,1.82,1.73,2.75,6.37,1.86,3.64,,,,26.36,,5.42
2009-06-26,0.2,1.1,2.53,3.52,4.3,2.42,1.85,1.67,2.745,6.3875,1.84,3.65,,,,25.93,0.727,
2009-06-29,0.2,1.11,2.53,3.51,4.31,2.4,1.83,1.68,2.775,6.4575,1.86,3.69,,,,25.35,,
2009-06-30,0.19,1.11,2.54,3.53,4.32,2.42,1.78,1.75,2.74,6.37,1.84,3.64,,,,26.35,,
2009-07-01,0.17,1.05,2.51,3.55,4.34,2.5,1.83,1.72,2.775,6.3875,1.9,3.65,219.263,85.7027,9.5,26.22,,
2009-07-02,0.17,0.98,2.43,3.51,4.32,2.53,1.87,1.64,2.76,6.3525,1.89,3.63,,,,27.95,,5.32
2009-07-03,,,,,,,,,,,,,,,,,0.682,
2009-07-06,0.19,0.96,2.4,3.52,4.35,2.56,2.03,1.49,2.785,6.405,1.91,3.66,,,,29.0,,
2009-07-07,0.19,0.98,2.36,3.47,4.31,2.49,1.87,1.6,2.785,6.405,1.91,3.66,,,,30.85,,
2009-07-08,0.18,0.91,2.23,3.33,4.17,2.42,1.79,1.54,2.785,6.405,1.91,3.66,,,,31.3,,
2009-07-09,0.19,0.94,2.33,3.44,4.31,2.5,1.87,1.57,2.83,6.4925,1.95,3.71,,,,29.78,,5.2
2009-07-10,0.18,0.91,2.22,3.32,4.2,2.41,1.8,1.52,2.835,6.4925,1.96,3.71,,,,29.02,0.626,
2009-07-13,0.18,0.92,2.27,3.38,4.25,2.46,1.84,1.54,2.815,6.4750000000000005,1.93,3.7,,,,26.31,,
2009-07-14,0.18,0.97,2.37,3.5,4.38,2.53,1.86,1.64,2.805,6.44,1.93,3.68,,,,25.02,,
2009-07-15,0.18,1.03,2.52,3.63,4.48,2.6,1.87,1.76,2.755,6.3525,1.88,3.63,,,,25.89,,
2009-07-16,0.19,1.0,2.46,3.59,4.45,2.59,1.82,1.77,2.73,6.3,1.86,3.6,,,,25.42,,5.14
2009-07-17,0.17,1.02,2.52,3.67,4.53,2.65,1.81,1.86,2.705,6.23,1.85,3.56,,,,24.34,0.56,
2009-07-20,0.19,0.99,2.46,3.61,4.47,2.62,1.73,1.88,2.7,6.2124999999999995,1.85,3.55,,,,24.4,,
2009-07-21,0.19,0.96,2.36,3.5,4.38,2.54,1.71,1.79,2.695,6.2124999999999995,1.84,3.55,,,,23.87,,
2009-07-22,0.19,0.98,2.43,3.58,4.45,2.6,1.75,1.83,2.69,6.177499999999999,1.85,3.53,,,,23.47,,
2009-07-23,0.19,1.08,2.6,3.72,4.58,2.64,1.8,1.92,2.6550000000000002,6.09,1.83,3.48,,,,23.43,,5.2
2009-07-24,0.18,1.05,2.57,3.7,4.55,2.65,1.81,1.89,2.605,5.9675,1.8,3.41,,,,23.09,0.488,
2009-07-27,0.19,1.08,2.63,3.75,4.62,2.67,1.85,1.9,2.61,5.95,1.82,3.4,,,,24.28,,
2009-07-28,0.19,1.12,2.63,3.72,4.56,2.6,1.86,1.86,2.55,5.81,1.78,3.32,,,,25.01,,
2009-07-29,0.19,1.17,2.69,3.69,4.5,2.52,1.84,1.85,2.475,5.6525,1.72,3.23,,,,25.61,,
2009-07-30,0.18,1.19,2.66,3.67,4.44,2.48,1.78,1.89,2.395,5.4775,1.66,3.13,,,,25.4,,5.25
2009-07-31,0.18,1.13,2.53,3.52,4.31,2.39,1.71,1.81,2.385,5.4425,1.66,3.11,,,,25.92,0.42,
2009-08-01,,,,,,,,,,,,,219.496,86.6426,9.6,,,
2009-08-03,0.19,1.18,2.66,3.66,4.42,2.48,1.78,1.88,2.335,5.32,1.63,3.04,,,,25.56,,
2009-08-04,0.18,1.2,2.68,3.7,4.45,2.5,1.81,1.89,2.285,5.2325,1.58,2.99,,,,24.89,,
2009-08-05,0.18,1.23,2.73,3.8,4.57,2.57,1.85,1.95,2.255,5.1625000000000005,1.56,2.95,,,,24.9,,
2009-08-06,0.17,1.22,2.73,3.79,4.53,2.57,1.87,1.92,2.21,5.075,1.52,2.9,,,,25.67,,5.22
2009-08-07,0.19,1.32,2.84,3.89,4.61,2.57,1.88,2.01,2.21,4.9875,1.57,2.85,,,,24.76,0.36,
2009-08-10,0.19,1.24,2.75,3.8,4.52,2.56,1.83,1.97,2.21,4.9875,1.57,2.85,,,,24.99,,
2009-08-11,0.18,1.21,2.69,3.71,4.44,2.5,1.8,1.91,2.24,5.04,1.6,2.88,,,,25.99,,
2009-08-12,0.17,1.18,2.7,3.72,4.53,2.54,1.84,1.88,2.325,5.197500000000001,1.68,2.97,,,,25.45,,
2009-08-13,0.17,1.12,2.58,3.59,4.44,2.47,1.8,1.79,2.345,5.2325,1.7,2.99,,,,24.71,,5.29
2009-08-14,0.18,1.07,2.51,3.55,4.41,2.48,1.85,1.7,2.39,5.285,1.76,3.02,,,,24.27,0.311,
2009-08-17,0.18,1.04,2.43,3.48,4.33,2.44,1.79,1.69,2.42,5.390000000000001,1.76,3.08,,,,27.89,,
2009-08-18,0.18,1.06,2.48,3.51,4.35,2.45,1.78,1.73,2.42,5.3725,1.77,3.07,,,,26.18,,
2009-08-19,0.17,1.01,2.43,3.45,4.28,2.44,1.7,1.75,2.43,5.425,1.76,3.1,,,,26.26,,
2009-08-20,0.17,1.03,2.43,3.42,4.24,2.39,1.6,1.82,2.425,5.4075,1.76,3.09,,,,25.09,,5.12
2009-08-21,0.17,1.13,2.58,3.56,4.36,2.43,1.69,1.87,2.4,5.355,1.74,3.06,,,,25.01,0.27,
2009-08-24,0.17,1.05,2.5,3.48,4.27,2.43,1.67,1.81,2.385,5.3374999999999995,1.72,3.05,,,,25.14,,
2009-08-25,0.17,1.05,2.48,3.45,4.22,2.4,1.72,1.73,2.3499999999999996,5.2675,1.69,3.01,,,,24.92,,
2009-08-26,0.15,1.06,2.46,3.44,4.2,2.38,1.72,1.72,2.325,5.215,1.67,2.98,,,,24.95,,
2009-08-27,0.15,1.04,2.48,3.47,4.23,2.43,1.75,1.72,2.315,5.18,1.67,2.96,,,,24.68,,5.14
2009-08-28,0.15,1.01,2.46,3.46,4.21,2.45,1.76,1.7,2.305,5.1625000000000005,1.66,2.95,,,,24.76,0.234,
2009-08-31,0.15,0.97,2.39,3.4,4.18,2.43,1.76,1.64,2.35,5.215,1.72,2.98,,,,26.01,,
2009-09-01,0.14,0.92,2.33,3.38,4.19,2.46,1.74,1.64,2.385,5.2675,1.76,3.01,219.92,87.4063,9.8,29.15,,
2009-09-02,0.14,0.89,2.26,3.29,4.09,2.4,1.71,1.58,2.37,5.2325,1.75,2.99,,,,28.9,,
2009-09-03,0.15,0.91,2.29,3.33,4.15,2.42,1.69,1.64,2.38,5.25,1.76,3.0,,,,27.1,,5.08
2009-09-04,0.14,0.94,2.36,3.45,4.27,2.51,1.7,1.75,2.38,5.25,1.76,3.0,,,,25.26,0.201,
2009-09-07,,,,,,,,,,,,,,,,,,
2009-09-08,0.14,0.93,2.38,3.47,4.31,2.54,1.66,1.81,2.38,5.215,1.78,2.98,,,,25.62,,
2009-09-09,0.14,0.93,2.38,3.48,4.33,2.55,1.66,1.82,2.395,5.2675,1.78,3.01,,,,24.32,,
2009-09-10,0.14,0.9,2.29,3.36,4.19,2.46,1.59,1.77,2.35,5.18,1.74,2.96,,,,23.55,,5.07
2009-09-11,0.14,0.9,2.29,3.34,4.18,2.44,1.59,1.75,2.365,5.197500000000001,1.76,2.97,,,,24.15,0.168,
2009-09-14,0.14,0.94,2.37,3.42,4.22,2.48,1.65,1.77,2.325,5.145,1.71,2.94,,,,23.86,,
2009-09-15,0.13,0.96,2.41,3.47,4.27,2.51,1.64,1.83,2.315,5.1275,1.7,2.93,,,,23.42,,
2009-09-16,0.1,1.01,2.46,3.48,4.26,2.47,1.62,1.86,2.3,5.0925,1.69,2.91,,,,23.69,,
2009-09-17,0.1,0.98,2.41,3.42,4.19,2.44,1.62,1.8,2.27,5.0225,1.67,2.87,,,,23.65,,5.04
2009-09-18,0.08,1.03,2.49,3.49,4.24,2.46,1.68,1.81,2.275,4.9875,1.7,2.85,,,,23.92,0.135,
2009-09-21,0.11,1.02,2.47,3.49,4.23,2.47,1.69,1.8,2.285,5.005,1.71,2.86,,,,24.06,,
2009-09-22,0.11,1.02,2.45,3.46,4.2,2.44,1.65,1.81,2.27,4.97,1.7,2.84,,,,23.08,,
2009-09-23,0.11,0.96,2.4,3.44,4.21,2.48,1.63,1.81,2.275,4.97,1.71,2.84,,,,23.49,,
2009-09-24,0.1,0.93,2.37,3.4,4.17,2.47,1.64,1.76,2.295,5.005,1.73,2.86,,,,24.95,,5.04
2009-09-25,0.1,0.98,2.36,3.34,4.1,2.36,1.6,1.74,2.27,4.952500000000001,1.71,2.83,,,,25.61,0.107,
2009-09-28,0.11,0.98,2.33,3.31,4.04,2.33,1.57,1.74,2.25,4.9175,1.69,2.81,,,,24.88,,
2009-09-29,0.13,1.0,2.34,3.31,4.03,2.31,1.59,1.72,2.245,4.9175,1.68,2.81,,,,25.19,,
2009-09-30,0.14,0.95,2.31,3.31,4.03,2.36,1.56,1.75,2.295,5.005,1.73,2.86,,,,25.61,,
2009-10-01,0.1,0.87,2.2,3.21,3.97,2.34,1.5,1.71,2.32,5.075,1.74,2.9,220.501,87.6419,10.0,28.27,,4.94
2009-10-02,0.1,0.88,2.22,3.24,4.01,2.36,1.54,1.7,2.3600000000000003,5.1275,1.79,2.93,,,,28.68,0.084,
2009-10-05,0.08,0.88,2.21,3.24,4.01,2.36,1.51,1.73,2.37,5.1625000000000005,1.79,2.95,,,,26.84,,
2009-10-06,0.08,0.91,2.25,3.27,4.07,2.36,1.53,1.74,2.365,5.145,1.79,2.94,,,,25.7,,
2009-10-07,0.09,0.87,2.16,3.21,3.99,2.34,1.45,1.76,2.34,5.109999999999999,1.76,2.92,,,,24.68,,
2009-10-08,0.06,0.9,2.22,3.27,4.09,2.37,1.49,1.78,2.38,5.18,1.8,2.96,,,,24.18,,4.87
2009-10-09,0.07,0.98,2.36,3.4,4.22,2.42,1.56,1.84,2.375,5.18,1.79,2.96,,,,23.12,0.064,
2009-10-12,,,,,,,,,,,,,,,,23.01,,
2009-10-13,0.07,0.91,2.28,3.34,4.16,2.43,1.46,1.88,2.365,5.1625000000000005,1.78,2.95,,,,22.99,,
2009-10-14,0.07,0.96,2.36,3.45,4.28,2.49,1.51,1.94,2.375,5.18,1.79,2.96,,,,22.86,,
2009-10-15,0.07,0.97,2.41,3.49,4.31,2.52,1.5,1.99,2.375,5.18,1.79,2.96,,,,21.72,,4.92
2009-10-16,0.07,0.97,2.37,3.43,4.24,2.46,1.45,1.98,2.35,5.1275,1.77,2.93,,,,21.43,0.046,
2009-10-19,0.08,0.99,2.36,3.41,4.21,2.42,1.38,2.03,2.33,5.0925,1.75,2.91,,,,21.49,,
2009-10-20,0.08,0.95,2.3,3.35,4.16,2.4,1.37,1.98,2.335,5.0925,1.76,2.91,,,,20.9,,
2009-10-21,0.07,1.0,2.38,3.42,4.22,2.42,1.43,1.99,2.3200000000000003,5.0575,1.75,2.89,,,,22.22,,
2009-10-22,0.06,0.97,2.39,3.44,4.24,2.47,1.49,1.95,2.315,5.04,1.75,2.88,,,,20.69,,5.0
2009-10-23,0.07,1.04,2.46,3.51,4.29,2.47,1.51,2.0,2.23,4.8999999999999995,1.66,2.8,,,,22.27,0.033,
2009-10-26,0.08,1.06,2.53,3.59,4.37,2.53,1.59,2.0,2.275,4.952500000000001,1.72,2.83,,,,24.31,,
2009-10-27,0.08,0.99,2.41,3.49,4.29,2.5,1.49,2.0,2.28,4.97,1.72,2.84,,,,24.83,,
2009-10-28,0.07,0.95,2.37,3.44,4.25,2.49,1.48,1.96,2.285,4.9875,1.72,2.85,,,,27.91,,
2009-10-29,0.06,0.98,2.44,3.53,4.35,2.55,1.5,2.03,2.3,5.005,1.74,2.86,,,,24.76,,5.03
2009-10-30,0.05,0.9,2.31,3.41,4.23,2.51,1.41,2.0,2.3049999999999997,5.005,1.75,2.86,,,,30.69,0.025,
2009-11-01,,,,,,,,,,,,,220.666,88.0221,9.9,,,
2009-11-02,0.06,0.92,2.33,3.45,4.26,2.53,1.41,2.04,2.295,4.9875,1.74,2.85,,,,29.78,,
2009-11-03,0.06,0.92,2.36,3.5,4.34,2.58,1.45,2.05,2.305,5.0225,1.74,2.87,,,,28.81,,
2009-11-04,0.05,0.91,2.39,3.57,4.41,2.66,1.45,2.12,2.3200000000000003,5.0575,1.75,2.89,,,,27.72,,
2009-11-05,0.04,0.9,2.35,3.57,4.41,2.67,1.41,2.16,2.31,5.005,1.76,2.86,,,,25.43,,4.98
2009-11-06,0.06,0.86,2.3,3.54,4.4,2.68,1.37,2.17,2.3,5.005,1.74,2.86,,,,24.19,0.016,
2009-11-09,0.07,0.87,2.31,3.52,4.4,2.65,1.3,2.22,2.33,5.0575,1.77,2.89,,,,23.15,,
2009-11-10,0.07,0.85,2.31,3.5,4.41,2.65,1.31,2.19,2.36,5.109999999999999,1.8,2.92,,,,22.84,,
2009-11-11,,,,,,,,,,,,,,,,23.04,,
2009-11-12,0.07,0.82,2.28,3.45,4.41,2.63,1.33,2.12,2.38,5.145,1.82,2.94,,,,24.24,,4.91
2009-11-13,0.06,0.82,2.28,3.43,4.36,2.61,1.31,2.12,2.37,5.1275,1.81,2.93,,,,23.36,0.005,
2009-11-16,0.07,0.78,2.19,3.33,4.26,2.55,1.21,2.12,2.365,5.109999999999999,1.81,2.92,,,,22.89,,
2009-11-17,0.06,0.78,2.19,3.33,4.26,2.55,1.2,2.13,2.36,5.109999999999999,1.8,2.92,,,,22.41,,
2009-11-18,0.04,0.77,2.21,3.36,4.29,2.59,1.21,2.15,2.38,5.145,1.82,2.94,,,,21.63,,
2009-11-19,0.02,0.73,2.18,3.35,4.29,2.62,1.21,2.14,2.37,5.109999999999999,1.82,2.92,,,,22.63,,4.83
2009-11-20,0.02,0.75,2.2,3.36,4.3,2.61,1.21,2.15,2.365,5.1275,1.8,2.93,,,,22.19,-0.009,
2009-11-23,0.05,0.77,2.2,3.37,4.29,2.6,1.2,2.17,2.33,5.109999999999999,1.74,2.92,,,,21.16,,
2009-11-24,0.05,0.73,2.15,3.32,4.25,2.59,1.21,2.11,2.345,5.1275,1.76,2.93,,,,20.47,,
2009-11-25,0.05,0.73,2.11,3.28,4.23,2.55,1.16,2.12,2.365,5.1625000000000005,1.78,2.95,,,,20.48,,4.78
2009-11-26,,,,,,,,,,,,,,,,,,
2009-11-27,0.03,0.68,2.03,3.21,4.21,2.53,1.15,2.06,2.4050000000000002,5.2325,1.82,2.99,,,,24.85,-0.028,
2009-11-30,0.06,0.67,2.01,3.21,4.2,2.54,1.13,2.08,2.395,5.2325,1.8,2.99,,,,24.51,,
2009-12-01,0.06,0.67,2.03,3.28,4.26,2.61,1.14,2.14,2.4050000000000002,5.25,1.81,3.0,220.881,88.3793,9.9,21.92,,
2009-12-02,0.05,0.72,2.09,3.32,4.26,2.6,1.18,2.14,2.3600000000000003,5.1625000000000005,1.77,2.95,,,,21.12,,
2009-12-03,0.06,0.74,2.14,3.39,4.33,2.65,1.24,2.15,2.34,5.1275,1.75,2.93,,,,22.46,,4.71
2009-12-04,0.06,0.84,2.24,3.48,4.4,2.64,1.34,2.14,2.33,5.0925,1.75,2.91,,,,21.25,-0.052,
2009-12-07,0.04,0.78,2.19,3.44,4.4,2.66,1.31,2.13,2.355,5.1275,1.78,2.93,,,,22.1,,
2009-12-08,0.03,0.73,2.12,3.4,4.39,2.67,1.31,2.09,2.355,5.109999999999999,1.79,2.92,,,,23.69,,
2009-12-09,0.03,0.76,2.15,3.45,4.41,2.69,1.36,2.09,2.33,5.0575,1.77,2.89,,,,22.66,,
2009-12-10,0.02,0.78,2.19,3.49,4.5,2.71,1.4,2.09,2.375,5.1275,1.82,2.93,,,,22.32,,4.81
2009-12-11,0.03,0.83,2.26,3.55,4.49,2.72,1.41,2.14,2.31,5.005,1.76,2.86,,,,21.59,-0.083,
2009-12-14,0.04,0.87,2.3,3.56,4.49,2.69,1.37,2.19,2.25,4.8825,1.71,2.79,,,,21.15,,
2009-12-15,0.05,0.88,2.35,3.6,4.52,2.72,1.37,2.23,2.2649999999999997,4.8999999999999995,1.73,2.8,,,,21.49,,
2009-12-16,0.04,0.85,2.35,3.61,4.52,2.76,1.34,2.27,2.23,4.8475,1.69,2.77,,,,20.54,,
2009-12-17,0.04,0.77,2.24,3.5,4.42,2.73,1.28,2.22,2.215,4.8125,1.68,2.75,,,,22.51,,4.94
2009-12-18,0.05,0.82,2.3,3.55,4.46,2.73,1.31,2.24,2.2,4.7775,1.67,2.73,,,,21.68,-0.115,
2009-12-21,0.08,0.89,2.43,3.69,4.56,2.8,1.39,2.3,2.15,4.7075,1.61,2.69,,,,20.49,,
2009-12-22,0.08,0.95,2.49,3.76,4.6,2.81,1.43,2.33,2.1,4.6375,1.55,2.65,,,,19.54,,
2009-12-23,0.07,0.96,2.51,3.77,4.61,2.81,1.46,2.31,2.08,4.6025,1.53,2.63,,,,19.71,,
2009-12-24,0.05,1.0,2.57,3.82,4.68,2.82,1.5,2.32,2.105,4.6375,1.56,2.65,,,,19.47,,5.05
2009-12-25,,,,,,,,,,,,,,,,,-0.145,
2009-12-28,0.11,1.09,2.62,3.85,4.69,2.76,1.5,2.35,2.095,4.62,1.55,2.64,,,,19.93,,
2009-12-29,0.1,1.09,2.62,3.82,4.64,2.73,1.46,2.36,2.0549999999999997,4.5325,1.52,2.59,,,,20.01,,
2009-12-30,0.05,1.08,2.61,3.8,4.61,2.72,1.44,2.36,2.0300000000000002,4.48,1.5,2.56,,,,19.96,,
2009-12-31,0.06,1.14,2.69,3.85,4.63,2.71,1.48,2.37,2.01,4.445,1.48,2.54,,,,21.68,,5.14
2010-01-01,,,,,,,,,,,,,220.633,89.3426,9.8,,-0.17,
2010-01-04,0.08,1.09,2.65,3.85,4.65,2.76,1.47,2.38,2.02,4.445,1.5,2.54,,,,20.04,,
2010-01-05,0.07,1.01,2.56,3.77,4.59,2.76,1.43,2.34,2.0,4.427499999999999,1.47,2.53,,,,19.35,,
2010-01-06,0.06,1.01,2.6,3.85,4.7,2.84,1.48,2.37,1.9700000000000002,4.3575,1.45,2.49,,,,19.16,,
2010-01-07,0.05,1.03,2.62,3.85,4.69,2.82,1.44,2.41,1.97,4.34,1.46,2.48,,,,19.06,,5.09
2010-01-08,0.05,0.96,2.57,3.83,4.7,2.87,1.41,2.42,1.9900000000000002,4.3575,1.49,2.49,,,,18.13,-0.191,
2010-01-11,0.04,0.95,2.58,3.85,4.74,2.9,1.47,2.38,1.985,4.322500000000001,1.5,2.47,,,,17.55,,
2010-01-12,0.05,0.92,2.49,3.74,4.62,2.82,1.35,2.39,1.995,4.34,1.51,2.48,,,,18.25,,
2010-01-13,0.06,0.97,2.55,3.8,4.71,2.83,1.43,2.37,2.01,4.375,1.52,2.5,,,,17.85,,
2010-01-14,0.05,0.94,2.51,3.76,4.63,2.82,1.4,2.36,1.935,4.305,1.41,2.46,,,,17.63,,5.06
2010-01-15,0.06,0.89,2.44,3.7,4.58,2.81,1.34,2.36,1.95,4.34,1.42,2.48,,,,17.91,-0.2,
2010-01-18,,,,,,,,,,,,,,,,,,
2010-01-19,0.06,0.93,2.48,3.73,4.6,2.8,1.35,2.38,1.9849999999999999,4.34,1.49,2.48,,,,17.58,,
2010-01-20,0.05,0.92,2.45,3.68,4.54,2.76,1.31,2.37,2.02,4.34,1.56,2.48,,,,18.68,,
2010-01-21,0.06,0.87,2.38,3.62,4.5,2.75,1.29,2.33,2.05,4.3925,1.59,2.51,,,,22.27,,4.99
2010-01-22,0.06,0.84,2.37,3.62,4.5,2.78,1.31,2.31,2.06,4.427499999999999,1.59,2.53,,,,27.31,-0.199,
2010-01-25,0.06,0.86,2.39,3.66,4.55,2.8,1.33,2.33,2.0949999999999998,4.48,1.63,2.56,,,,25.41,,
2010-01-26,0.07,0.87,2.38,3.65,4.56,2.78,1.31,2.34,2.12,4.5325,1.65,2.59,,,,24.55,,
2010-01-27,0.08,0.9,2.43,3.66,4.55,2.76,1.35,2.31,2.0949999999999998,4.4975,1.62,2.57,,,,23.14,,
2010-01-28,0.08,0.87,2.41,3.68,4.57,2.81,1.35,2.33,2.0949999999999998,4.4975,1.62,2.57,,,,23.73,,4.98
2010-01-29,0.08,0.82,2.34,3.63,4.51,2.81,1.3,2.33,2.09,4.4975,1.61,2.57,,,,24.62,-0.195,
2010-02-01,0.1,0.86,2.38,3.68,4.56,2.82,1.29,2.39,2.0949999999999998,4.4975,1.62,2.57,220.731,89.6779,9.8,22.59,,
2010-02-02,0.1,0.86,2.37,3.67,4.55,2.81,1.26,2.41,2.085,4.48,1.61,2.56,,,,21.48,,
2010-02-03,0.1,0.88,2.4,3.73,4.62,2.85,1.3,2.43,2.105,4.515000000000001,1.63,2.58,,,,21.6,,
2010-02-04,0.09,0.8,2.29,3.62,4.53,2.82,1.27,2.35,2.135,4.585,1.65,2.62,,,,26.08,,5.01
2010-02-05,0.1,0.77,2.23,3.59,4.51,2.82,1.32,2.27,2.135,4.585,1.65,2.62,,,,26.11,-0.192,
2010-02-08,0.12,0.79,2.26,3.62,4.52,2.83,1.35,2.27,2.145,4.62,1.65,2.64,,,,26.51,,
2010-02-09,0.12,0.84,2.32,3.67,4.58,2.83,1.37,2.3,2.15,4.6375,1.65,2.65,,,,26.0,,
2010-02-10,0.11,0.91,2.39,3.72,4.65,2.81,1.44,2.28,2.165,4.655,1.67,2.66,,,,25.4,,
2010-02-11,0.11,0.91,2.39,3.73,4.69,2.82,1.47,2.26,2.2,4.7250000000000005,1.7,2.7,,,,23.96,,4.97
2010-02-12,0.1,0.84,2.35,3.69,4.66,2.85,1.46,2.23,2.22,4.760000000000001,1.72,2.72,,,,22.73,-0.195,
2010-02-15,,,,,,,,,,,,,,,,,,
2010-02-16,0.1,0.82,2.32,3.66,4.63,2.84,1.42,2.24,2.23,4.7775,1.73,2.73,,,,22.25,,
2010-02-17,0.1,0.87,2.4,3.74,4.7,2.87,1.46,2.28,2.225,4.7775,1.72,2.73,,,,21.72,,
2010-02-18,0.1,0.9,2.46,3.79,4.74,2.89,1.48,2.31,2.21,4.760000000000001,1.7,2.72,,,,20.63,,4.93
2010-02-19,0.11,0.95,2.48,3.78,4.71,2.83,1.52,2.26,2.15,4.6375,1.65,2.65,,,,20.02,-0.212,
2010-02-22,0.11,0.91,2.47,3.8,4.73,2.89,1.55,2.25,2.15,4.6375,1.65,2.65,,,,19.94,,
2010-02-23,0.12,0.87,2.37,3.69,4.63,2.82,1.5,2.19,2.145,4.6375,1.64,2.65,,,,21.37,,
2010-02-24,0.12,0.87,2.4,3.7,4.63,2.83,1.51,2.19,2.135,4.6375,1.62,2.65,,,,20.27,,
2010-02-25,0.13,0.82,2.33,3.64,4.58,2.82,1.51,2.13,2.13,4.62,1.62,2.64,,,,20.1,,5.05
2010-02-26,0.13,0.81,2.3,3.61,4.55,2.8,1.48,2.13,2.1100000000000003,4.585,1.6,2.62,,,,19.5,-0.241,
2010-03-01,0.13,0.8,2.28,3.61,4.56,2.81,1.46,2.15,2.13,4.6375,1.61,2.65,220.783,90.2928,9.9,19.26,,
2010-03-02,0.14,0.8,2.27,3.62,4.57,2.82,1.46,2.16,2.125,4.62,1.61,2.64,,,,19.06,,
2010-03-03,0.14,0.82,2.27,3.63,4.58,2.81,1.46,2.17,2.125,4.6025,1.62,2.63,,,,18.83,,
2010-03-04,0.14,0.86,2.28,3.61,4.56,2.75,1.44,2.17,2.115,4.585,1.61,2.62,,,,18.72,,4.97
2010-03-05,0.15,0.91,2.35,3.69,4.64,2.78,1.48,2.21,2.105,4.5675,1.6,2.61,,,,17.42,-0.28,
2010-03-08,0.16,0.9,2.36,3.72,4.68,2.82,1.49,2.23,2.08,4.5325,1.57,2.59,,,,17.79,,
2010-03-09,0.16,0.89,2.34,3.71,4.68,2.82,1.48,2.23,2.0949999999999998,4.5675,1.58,2.61,,,,17.92,,
2010-03-10,0.15,0.92,2.39,3.73,4.69,2.81,1.49,2.24,2.08,4.5325,1.57,2.59,,,,18.57,,
2010-03-11,0.16,0.97,2.43,3.73,4.66,2.76,1.49,2.24,2.055,4.48,1.55,2.56,,,,18.06,,4.95
2010-03-12,0.15,0.97,2.42,3.71,4.62,2.74,1.45,2.26,2.04,4.4624999999999995,1.53,2.55,,,,17.58,-0.326,
2010-03-15,0.17,0.96,2.42,3.71,4.63,2.75,1.46,2.25,2.05,4.48,1.54,2.56,,,,18.0,,
2010-03-16,0.16,0.93,2.37,3.66,4.59,2.73,1.42,2.24,2.045,4.4624999999999995,1.54,2.55,,,,17.69,,
2010-03-17,0.15,0.95,2.38,3.65,4.56,2.7,1.4,2.25,2.03,4.427499999999999,1.53,2.53,,,,16.91,,
2010-03-18,0.16,0.98,2.44,3.68,4.59,2.7,1.45,2.23,2.025,4.41,1.53,2.52,,,,16.62,,4.96
2010-03-19,0.16,1.02,2.48,3.7,4.58,2.68,1.5,2.2,1.995,4.3575,1.5,2.49,,,,16.97,-0.371,
2010-03-22,0.15,1.01,2.43,3.67,4.57,2.66,1.48,2.19,2.01,4.375,1.52,2.5,,,,16.87,,
2010-03-23,0.14,1.02,2.44,3.69,4.6,2.67,1.49,2.2,2.02,4.3925,1.53,2.51,,,,16.35,,
2010-03-24,0.14,1.08,2.62,3.84,4.72,2.76,1.6,2.24,1.99,4.34,1.5,2.48,,,,17.55,,
2010-03-25,0.14,1.1,2.65,3.91,4.77,2.81,1.65,2.26,1.98,4.322500000000001,1.49,2.47,,,,18.4,,4.99
2010-03-26,0.14,1.04,2.59,3.86,4.75,2.82,1.62,2.24,1.9900000000000002,4.3575,1.49,2.49,,,,17.77,-0.412,
2010-03-29,0.15,1.04,2.6,3.88,4.76,2.84,1.66,2.22,1.9900000000000002,4.3575,1.49,2.49,,,,17.59,,
2010-03-30,0.16,1.06,2.6,3.88,4.75,2.82,1.66,2.22,1.9849999999999999,4.34,1.49,2.48,,,,17.13,,
2010-03-31,0.16,1.02,2.55,3.84,4.72,2.82,1.6,2.24,1.975,4.322500000000001,1.48,2.47,,,,17.59,,
2010-04-01,0.16,1.05,2.59,3.89,4.74,2.84,1.61,2.28,1.94,4.27,1.44,2.44,220.822,90.5991,9.9,17.47,,5.08
2010-04-02,0.16,1.11,2.67,3.96,4.81,2.85,1.69,2.27,1.94,4.27,1.44,2.44,,,,,-0.44,
2010-04-05,0.18,1.18,2.75,4.01,4.85,2.83,1.7,2.31,1.9300000000000002,4.2525,1.43,2.43,,,,17.02,,
2010-04-06,0.17,1.14,2.71,3.98,4.84,2.84,1.68,2.3,1.9649999999999999,4.305,1.47,2.46,,,,16.23,,
2010-04-07,0.17,1.06,2.62,3.89,4.74,2.83,1.55,2.34,1.9449999999999998,4.27,1.45,2.44,,,,16.62,,
2010-04-08,0.17,1.09,2.64,3.91,4.75,2.82,1.58,2.33,1.935,4.2525,1.44,2.43,,,,16.48,,5.21
2010-04-09,0.16,1.08,2.65,3.9,4.74,2.82,1.56,2.34,1.935,4.2525,1.44,2.43,,,,16.14,-0.452,
2010-04-12,0.16,1.07,2.6,3.87,4.7,2.8,1.52,2.35,1.91,4.2,1.42,2.4,,,,15.58,,
2010-04-13,0.16,1.07,2.58,3.84,4.68,2.77,1.5,2.34,1.91,4.2,1.42,2.4,,,,16.2,,
2010-04-14,0.16,1.07,2.61,3.88,4.72,2.81,1.54,2.34,1.915,4.2,1.43,2.4,,,,15.59,,
2010-04-15,0.16,1.04,2.57,3.86,4.72,2.82,1.49,2.37,1.935,4.234999999999999,1.45,2.42,,,,15.89,,5.07
2010-04-16,0.16,0.98,2.49,3.79,4.67,2.81,1.46,2.33,1.945,4.2525,1.46,2.43,,,,18.36,-0.44,
2010-04-19,0.16,1.01,2.54,3.83,4.7,2.82,1.49,2.34,1.935,4.234999999999999,1.45,2.42,,,,17.34,,
2010-04-20,0.16,1.05,2.56,3.82,4.67,2.77,1.47,2.35,1.9249999999999998,4.2,1.45,2.4,,,,15.73,,
2010-04-21,0.15,1.03,2.52,3.77,4.61,2.74,1.42,2.35,1.9049999999999998,4.165,1.43,2.38,,,,16.32,,
2010-04-22,0.16,1.07,2.57,3.8,4.65,2.73,1.46,2.34,1.9049999999999998,4.165,1.43,2.38,,,,16.47,,5.07
2010-04-23,0.16,1.1,2.61,3.84,4.67,2.74,1.47,2.37,1.895,4.1475,1.42,2.37,,,,16.62,-0.405,
2010-04-26,0.16,1.09,2.6,3.83,4.67,2.74,1.46,2.37,1.91,4.165,1.44,2.38,,,,17.47,,
2010-04-27,0.16,1.03,2.46,3.71,4.56,2.68,1.37,2.34,1.915,4.1825,1.44,2.39,,,,22.81,,
2010-04-28,0.16,1.03,2.53,3.8,4.63,2.77,1.4,2.4,1.91,4.165,1.44,2.38,,,,21.08,,
2010-04-29,0.17,1.01,2.49,3.76,4.6,2.75,1.31,2.45,1.9,4.1475,1.43,2.37,,,,18.44,,5.06
2010-04-30,0.16,0.97,2.43,3.69,4.53,2.72,1.29,2.4,1.91,4.165,1.44,2.38,,,,22.05,-0.346,
2010-05-01,,,,,,,,,,,,,220.962,91.823,9.6,,,
2010-05-03,0.17,1.0,2.47,3.72,4.53,2.72,1.32,2.4,1.9,4.1475,1.43,2.37,,,,20.19,,
2010-05-04,0.16,0.96,2.38,3.63,4.43,2.67,1.31,2.32,1.9049999999999998,4.165,1.43,2.38,,,,23.84,,
2010-05-05,0.15,0.88,2.31,3.58,4.39,2.7,1.3,2.28,1.9249999999999998,4.2,1.45,2.4,,,,24.91,,
2010-05-06,0.11,0.75,2.13,3.41,4.19,2.66,1.25,2.16,1.9,4.2175,1.39,2.41,,,,32.8,,5.0
2010-05-07,0.13,0.83,2.17,3.45,4.28,2.62,1.3,2.15,2.025,4.4624999999999995,1.5,2.55,,,,40.95,-0.27,
2010-05-10,0.16,0.87,2.27,3.57,4.41,2.7,1.33,2.24,2.0149999999999997,4.427499999999999,1.5,2.53,,,,28.84,,
2010-05-11,0.16,0.85,2.26,3.56,4.42,2.71,1.31,2.25,2.055,4.515000000000001,1.53,2.58,,,,28.32,,
2010-05-12,0.16,0.89,2.29,3.56,4.47,2.67,1.28,2.28,2.09,4.5675,1.57,2.61,,,,25.52,,
2010-05-13,0.16,0.87,2.27,3.55,4.47,2.68,1.28,2.27,2.08,4.55,1.56,2.6,,,,26.68,,4.93
2010-05-14,0.16,0.79,2.16,3.44,4.32,2.65,1.26,2.18,2.06,4.5325,1.53,2.59,,,,31.24,-0.194,
2010-05-17,0.16,0.81,2.2,3.47,4.35,2.66,1.31,2.16,2.0549999999999997,4.5325,1.52,2.59,,,,30.84,,
2010-05-18,0.17,0.76,2.11,3.38,4.26,2.62,1.25,2.13,2.06,4.5675,1.51,2.61,,,,33.55,,
2010-05-19,0.17,0.8,2.13,3.36,4.24,2.56,1.32,2.04,2.085,4.6375,1.52,2.65,,,,35.32,,
2010-05-20,0.17,0.76,2.04,3.25,4.13,2.49,1.36,1.89,2.16,4.795,1.58,2.74,,,,45.79,,4.84
2010-05-21,0.17,0.76,2.02,3.2,4.07,2.44,1.33,1.87,2.17,4.83,1.58,2.76,,,,40.1,-0.121,
2010-05-24,0.17,0.77,2.04,3.23,4.12,2.46,1.35,1.88,2.1950000000000003,4.8825,1.6,2.79,,,,38.32,,
2010-05-25,0.17,0.81,2.01,3.18,4.07,2.37,1.33,1.85,2.2,4.9175,1.59,2.81,,,,34.61,,
2010-05-26,0.17,0.82,2.06,3.21,4.11,2.39,1.3,1.91,2.275,5.0225,1.68,2.87,,,,35.02,,
2010-05-27,0.17,0.87,2.18,3.34,4.24,2.47,1.33,2.01,2.295,5.0575,1.7,2.89,,,,29.68,,4.78
2010-05-28,0.16,0.76,2.1,3.31,4.22,2.55,1.32,1.99,2.295,5.0575,1.7,2.89,,,,32.07,-0.067,
2010-05-31,,,,,,,,,,,,,,,,,,
2010-06-01,0.16,0.78,2.09,3.29,4.19,2.51,1.32,1.97,2.29,5.109999999999999,1.66,2.92,221.194,91.9928,9.4,35.54,,
2010-06-02,0.16,0.82,2.14,3.35,4.24,2.53,1.36,1.99,2.29,5.0925,1.67,2.91,,,,30.17,,
2010-06-03,0.14,0.82,2.17,3.39,4.29,2.57,1.34,2.05,2.29,5.109999999999999,1.66,2.92,,,,29.46,,4.79
2010-06-04,0.14,0.72,1.98,3.2,4.13,2.48,1.26,1.94,2.315,5.1625000000000005,1.68,2.95,,,,35.48,-0.036,
2010-06-07,0.12,0.74,1.95,3.17,4.11,2.43,1.25,1.92,2.36,5.25,1.72,3.0,,,,36.57,,
2010-06-08,0.12,0.74,1.98,3.18,4.1,2.44,1.29,1.89,2.335,5.2325,1.68,2.99,,,,33.7,,
2010-06-09,0.1,0.74,1.99,3.2,4.12,2.46,1.28,1.92,2.34,5.25,1.68,3.0,,,,33.73,,
2010-06-10,0.1,0.79,2.12,3.33,4.25,2.54,1.35,1.98,2.34,5.2675,1.67,3.01,,,,30.57,,4.72
2010-06-11,0.08,0.75,2.03,3.24,4.15,2.49,1.29,1.95,2.3449999999999998,5.32,1.65,3.04,,,,28.79,-0.026,
2010-06-14,0.07,0.77,2.07,3.28,4.2,2.51,1.31,1.97,2.37,5.355,1.68,3.06,,,,28.58,,
2010-06-15,0.09,0.79,2.1,3.32,4.23,2.53,1.32,2.0,2.36,5.3374999999999995,1.67,3.05,,,,25.87,,
2010-06-16,0.1,0.75,2.06,3.27,4.18,2.52,1.28,1.99,2.38,5.3725,1.69,3.07,,,,25.92,,
2010-06-17,0.09,0.72,2.01,3.21,4.13,2.49,1.22,1.99,2.3449999999999998,5.32,1.65,3.04,,,,25.05,,4.75
2010-06-18,0.11,0.74,2.04,3.24,4.15,2.5,1.25,1.99,2.335,5.32,1.63,3.04,,,,23.95,-0.041,
2010-06-21,0.12,0.74,2.05,3.26,4.17,2.52,1.24,2.02,2.325,5.285,1.63,3.02,,,,24.88,,
2010-06-22,0.13,0.71,1.98,3.18,4.1,2.47,1.2,1.98,2.34,5.32,1.64,3.04,,,,27.05,,
2010-06-23,0.13,0.66,1.93,3.13,4.05,2.47,1.19,1.94,2.37,5.3374999999999995,1.69,3.05,,,,26.91,,
2010-06-24,0.13,0.67,1.93,3.14,4.09,2.47,1.23,1.91,2.395,5.390000000000001,1.71,3.08,,,,29.74,,4.69
2010-06-25,0.13,0.65,1.9,3.12,4.07,2.47,1.21,1.91,2.4,5.4075,1.71,3.09,,,,28.53,-0.068,
2010-06-28,0.17,0.62,1.83,3.05,4.01,2.43,1.17,1.88,2.415,5.425,1.73,3.1,,,,29.0,,
2010-06-29,0.15,0.61,1.78,2.97,3.94,2.36,1.14,1.83,2.43,5.46,1.74,3.12,,,,34.13,,
2010-06-30,0.18,0.61,1.79,2.97,3.91,2.36,1.15,1.82,2.385,5.390000000000001,1.69,3.08,,,,34.54,,
2010-07-01,0.17,0.63,1.8,2.96,3.88,2.33,1.21,1.75,2.34,5.285,1.66,3.02,221.363,92.3421,9.4,32.86,,4.58
2010-07-02,0.17,0.63,1.82,3.0,3.94,2.37,1.27,1.73,2.365,5.32,1.69,3.04,,,,30.12,-0.102,
2010-07-05,,,,,,,,,,,,,,,,,,
2010-07-06,0.17,0.62,1.76,2.95,3.89,2.33,1.26,1.69,2.37,5.3374999999999995,1.69,3.05,,,,29.65,,
2010-07-07,0.16,0.63,1.79,3.0,3.96,2.37,1.3,1.7,2.395,5.390000000000001,1.71,3.08,,,,26.84,,
2010-07-08,0.15,0.63,1.8,3.04,4.0,2.41,1.25,1.79,2.3899999999999997,5.3725,1.71,3.07,,,,25.71,,4.57
2010-07-09,0.16,0.63,1.85,3.07,4.04,2.44,1.26,1.81,2.395,5.3725,1.72,3.07,,,,24.98,-0.143,
2010-07-12,0.16,0.65,1.85,3.08,4.05,2.43,1.26,1.82,2.38,5.3374999999999995,1.71,3.05,,,,24.43,,
2010-07-13,0.15,0.67,1.9,3.15,4.1,2.48,1.28,1.87,2.37,5.302499999999999,1.71,3.03,,,,24.56,,
2010-07-14,0.15,0.62,1.82,3.07,4.03,2.45,1.23,1.84,2.355,5.285,1.69,3.02,,,,24.89,,
2010-07-15,0.15,0.61,1.76,3.0,3.97,2.39,1.21,1.79,2.35,5.285,1.68,3.02,,,,25.14,,4.57
2010-07-16,0.15,0.61,1.7,2.96,3.95,2.35,1.25,1.71,2.375,5.32,1.71,3.04,,,,26.25,-0.184,
2010-07-19,0.17,0.61,1.73,2.99,3.99,2.38,1.29,1.7,2.375,5.32,1.71,3.04,,,,25.97,,
2010-07-20,0.16,0.61,1.71,2.98,3.99,2.37,1.28,1.7,2.345,5.2325,1.7,2.99,,,,23.93,,
2010-07-21,0.16,0.58,1.66,2.9,3.89,2.32,1.19,1.71,2.3449999999999998,5.215,1.71,2.98,,,,25.64,,
2010-07-22,0.16,0.6,1.69,2.96,3.95,2.36,1.21,1.75,2.355,5.197500000000001,1.74,2.97,,,,24.63,,4.56
2010-07-23,0.16,0.6,1.75,3.02,4.01,2.42,1.24,1.78,2.335,5.1625000000000005,1.72,2.95,,,,23.47,-0.217,
2010-07-26,0.16,0.62,1.76,3.03,4.03,2.41,1.24,1.79,2.315,5.109999999999999,1.71,2.92,,,,22.73,,
2010-07-27,0.15,0.65,1.82,3.08,4.08,2.43,1.26,1.82,2.315,5.075,1.73,2.9,,,,23.19,,
2010-07-28,0.15,0.61,1.75,3.03,4.07,2.42,1.22,1.81,2.325,5.109999999999999,1.73,2.92,,,,24.25,,
2010-07-29,0.15,0.59,1.7,3.03,4.08,2.44,1.21,1.82,2.3449999999999998,5.109999999999999,1.77,2.92,,,,24.13,,4.54
2010-07-30,0.15,0.55,1.6,2.94,3.98,2.39,1.14,1.8,2.335,5.0925,1.76,2.91,,,,23.5,-0.241,
2010-08-01,,,,,,,,,,,,,221.509,92.6805,9.5,,,
2010-08-02,0.16,0.56,1.64,2.99,4.06,2.43,1.13,1.86,2.3449999999999998,5.075,1.79,2.9,,,,22.01,,
2010-08-03,0.16,0.53,1.55,2.94,4.04,2.41,1.07,1.87,2.355,5.109999999999999,1.79,2.92,,,,22.63,,
2010-08-04,0.16,0.56,1.62,2.98,4.07,2.42,1.12,1.86,2.335,5.075,1.77,2.9,,,,22.21,,
2010-08-05,0.15,0.53,1.57,2.94,4.05,2.41,1.07,1.87,2.355,5.1275,1.78,2.93,,,,22.1,,4.49
2010-08-06,0.15,0.5,1.51,2.86,4.0,2.36,1.04,1.82,2.365,5.145,1.79,2.94,,,,21.74,-0.256,
2010-08-09,0.15,0.54,1.54,2.86,4.01,2.32,1.04,1.82,2.375,5.1625000000000005,1.8,2.95,,,,22.14,,
2010-08-10,0.15,0.52,1.46,2.79,4.0,2.27,0.95,1.84,2.4699999999999998,5.3374999999999995,1.89,3.05,,,,22.37,,
2010-08-11,0.15,0.54,1.44,2.72,3.93,2.18,0.95,1.77,2.44,5.302499999999999,1.85,3.03,,,,25.39,,
2010-08-12,0.16,0.55,1.48,2.74,3.94,2.19,1.05,1.69,2.44,5.32,1.84,3.04,,,,25.73,,4.44
2010-08-13,0.15,0.54,1.47,2.68,3.87,2.14,1.0,1.68,2.445,5.3374999999999995,1.84,3.05,,,,26.24,-0.261,
2010-08-16,0.16,0.51,1.4,2.58,3.72,2.07,0.95,1.63,2.39,5.25,1.78,3.0,,,,26.1,,
2010-08-17,0.17,0.52,1.44,2.64,3.77,2.12,1.01,1.63,2.41,5.2325,1.83,2.99,,,,24.33,,
2010-08-18,0.16,0.51,1.46,2.64,3.73,2.13,1.02,1.62,2.365,5.145,1.79,2.94,,,,24.59,,
2010-08-19,0.16,0.49,1.41,2.58,3.66,2.09,1.02,1.56,2.355,5.1275,1.78,2.93,,,,26.44,,4.42
2010-08-20,0.15,0.49,1.47,2.62,3.67,2.13,1.05,1.57,2.32,5.075,1.74,2.9,,,,25.49,-0.263,
2010-08-23,0.16,0.49,1.43,2.6,3.65,2.11,1.05,1.55,2.355,5.145,1.77,2.94,,,,25.66,,
2010-08-24,0.16,0.5,1.36,2.5,3.57,2.0,1.01,1.49,2.3600000000000003,5.1625000000000005,1.77,2.95,,,,27.46,,
2010-08-25,0.16,0.53,1.4,2.54,3.59,2.01,1.01,1.53,2.34,5.145,1.74,2.94,,,,26.7,,
2010-08-26,0.16,0.51,1.38,2.5,3.53,1.99,0.95,1.55,2.345,5.1625000000000005,1.74,2.95,,,,27.37,,4.36
2010-08-27,0.15,0.56,1.49,2.66,3.69,2.1,1.05,1.61,2.355,5.18,1.75,2.96,,,,24.45,-0.265,
2010-08-30,0.14,0.5,1.39,2.54,3.6,2.04,0.99,1.55,2.395,5.2325,1.8,2.99,,,,27.21,,
2010-08-31,0.14,0.47,1.33,2.47,3.52,2.0,0.95,1.52,2.4,5.2675,1.79,3.01,,,,26.05,,
2010-09-01,0.13,0.5,1.41,2.58,3.65,2.08,1.02,1.56,2.405,5.2675,1.8,3.01,221.711,92.9537,9.5,23.89,,
2010-09-02,0.14,0.5,1.43,2.63,3.72,2.13,1.05,1.58,2.42,5.285,1.82,3.02,,,,23.19,,4.32
2010-09-03,0.14,0.52,1.49,2.72,3.79,2.2,1.1,1.62,2.375,5.197500000000001,1.78,2.97,,,,21.31,-0.272,
2010-09-06,,,,,,,,,,,,,,,,,,
2010-09-07,0.14,0.49,1.41,2.61,3.67,2.12,0.98,1.63,2.37,5.18,1.78,2.96,,,,23.8,,
2010-09-08,0.14,0.52,1.46,2.66,3.72,2.14,1.02,1.64,2.37,5.1625000000000005,1.79,2.95,,,,23.25,,
2010-09-09,0.14,0.57,1.57,2.77,3.84,2.2,1.05,1.72,2.375,5.18,1.79,2.96,,,,22.81,,4.35
2010-09-10,0.14,0.58,1.59,2.81,3.88,2.23,1.02,1.79,2.36,5.145,1.78,2.94,,,,21.99,-0.287,
2010-09-13,0.15,0.53,1.51,2.74,3.83,2.21,0.94,1.8,2.4000000000000004,5.197500000000001,1.83,2.97,,,,21.21,,
2010-09-14,0.15,0.5,1.43,2.68,3.79,2.18,0.93,1.75,2.4000000000000004,5.197500000000001,1.83,2.97,,,,21.56,,
2010-09-15,0.15,0.5,1.46,2.74,3.87,2.24,0.97,1.77,2.425,5.25,1.85,3.0,,,,22.1,,
2010-09-16,0.16,0.48,1.48,2.77,3.92,2.29,1.0,1.77,2.4450000000000003,5.285,1.87,3.02,,,,21.72,,4.37
2010-09-17,0.16,0.48,1.46,2.75,3.9,2.27,1.0,1.75,2.455,5.302499999999999,1.88,3.03,,,,22.01,-0.306,
2010-09-20,0.17,0.47,1.43,2.72,3.87,2.25,0.94,1.78,2.4450000000000003,5.285,1.87,3.02,,,,21.5,,
2010-09-21,0.17,0.43,1.34,2.61,3.79,2.18,0.78,1.83,2.505,5.3374999999999995,1.96,3.05,,,,22.35,,
2010-09-22,0.16,0.44,1.33,2.56,3.74,2.12,0.74,1.82,2.4899999999999998,5.3374999999999995,1.93,3.05,,,,22.51,,
2010-09-23,0.16,0.45,1.34,2.56,3.73,2.11,0.77,1.79,2.5,5.32,1.96,3.04,,,,23.87,,4.37
2010-09-24,0.15,0.45,1.37,2.62,3.79,2.17,0.81,1.81,2.5149999999999997,5.3374999999999995,1.98,3.05,,,,21.71,-0.328,
2010-09-27,0.16,0.44,1.31,2.54,3.7,2.1,0.79,1.75,2.505,5.32,1.97,3.04,,,,22.54,,
2010-09-28,0.16,0.37,1.25,2.48,3.66,2.11,0.69,1.79,2.525,5.355,1.99,3.06,,,,22.6,,
2010-09-29,0.16,0.44,1.28,2.52,3.69,2.08,0.74,1.78,2.525,5.355,1.99,3.06,,,,23.25,,
2010-09-30,0.16,0.42,1.27,2.53,3.69,2.11,0.75,1.78,2.53,5.3374999999999995,2.01,3.05,,,,23.7,,4.32
2010-10-01,0.16,0.42,1.26,2.54,3.71,2.12,0.75,1.79,2.55,5.3725,2.03,3.07,221.83,92.6903,9.4,22.5,-0.352,
2010-10-04,0.13,0.41,1.23,2.5,3.71,2.09,0.72,1.78,2.585,5.425,2.07,3.1,,,,23.53,,
2010-10-05,0.12,0.41,1.21,2.5,3.74,2.09,0.65,1.85,2.5949999999999998,5.4425,2.08,3.11,,,,21.76,,
2010-10-06,0.13,0.38,1.16,2.41,3.67,2.03,0.52,1.89,2.615,5.4775,2.1,3.13,,,,21.49,,
2010-10-07,0.13,0.36,1.14,2.41,3.72,2.05,0.53,1.88,2.665,5.565,2.15,3.18,,,,21.56,,4.27
2010-10-08,0.12,0.35,1.11,2.41,3.75,2.06,0.45,1.96,2.69,5.6175,2.17,3.21,,,,20.71,-0.375,
2010-10-11,,,,,,,,,,,,,,,,18.96,,
2010-10-12,0.13,0.37,1.14,2.44,3.8,2.07,0.49,1.95,2.705,5.635000000000001,2.19,3.22,,,,18.93,,
2010-10-13,0.13,0.37,1.13,2.46,3.84,2.09,0.44,2.02,2.71,5.635000000000001,2.2,3.22,,,,19.07,,
2010-10-14,0.14,0.38,1.18,2.52,3.91,2.14,0.41,2.11,2.715,5.6525,2.2,3.23,,,,19.88,,4.19
2010-10-15,0.14,0.37,1.2,2.59,3.98,2.22,0.5,2.09,2.74,5.705,2.22,3.26,,,,19.03,-0.397,
2010-10-18,0.15,0.38,1.14,2.52,3.93,2.14,0.47,2.05,2.74,5.705,2.22,3.26,,,,19.09,,
2010-10-19,0.14,0.37,1.11,2.5,3.9,2.13,0.44,2.06,2.725,5.6875,2.2,3.25,,,,20.63,,
2010-10-20,0.14,0.35,1.11,2.51,3.89,2.16,0.47,2.04,2.705,5.6525,2.18,3.23,,,,19.79,,
2010-10-21,0.13,0.37,1.15,2.57,3.95,2.2,0.5,2.07,2.67,5.6000000000000005,2.14,3.2,,,,19.27,,4.21
2010-10-22,0.13,0.35,1.17,2.59,3.94,2.24,0.5,2.09,2.645,5.565,2.11,3.18,,,,18.78,-0.414,
2010-10-25,0.14,0.37,1.2,2.59,3.91,2.22,0.45,2.14,2.615,5.4775,2.1,3.13,,,,19.85,,
2010-10-26,0.14,0.4,1.27,2.67,4.0,2.27,0.52,2.15,2.62,5.4775,2.11,3.13,,,,20.22,,
2010-10-27,0.14,0.4,1.34,2.75,4.06,2.35,0.62,2.13,2.57,5.4075,2.05,3.09,,,,20.71,,
2010-10-28,0.13,0.37,1.23,2.69,4.05,2.32,0.57,2.12,2.64,5.53,2.12,3.16,,,,20.88,,4.23
2010-10-29,0.12,0.34,1.17,2.63,3.99,2.29,0.5,2.13,2.635,5.5125,2.12,3.15,,,,21.2,-0.428,
2010-11-01,0.13,0.34,1.17,2.66,4.01,2.32,0.49,2.17,2.615,5.4775,2.1,3.13,222.149,92.7709,9.8,21.83,,
2010-11-02,0.13,0.34,1.15,2.63,3.93,2.29,0.49,2.14,2.5549999999999997,5.390000000000001,2.03,3.08,,,,21.57,,
2010-11-03,0.13,0.34,1.11,2.67,4.09,2.33,0.5,2.17,2.635,5.53,2.11,3.16,,,,19.56,,
2010-11-04,0.13,0.33,1.04,2.53,4.04,2.2,0.44,2.09,2.7300000000000004,5.67,2.22,3.24,,,,18.52,,4.24
2010-11-05,0.13,0.38,1.1,2.58,4.12,2.2,0.48,2.1,2.7350000000000003,5.7225,2.2,3.27,,,,18.26,-0.437,
2010-11-08,0.13,0.41,1.13,2.6,4.12,2.19,0.48,2.12,2.7199999999999998,5.6875,2.19,3.25,,,,18.29,,
2010-11-09,0.13,0.46,1.27,2.72,4.25,2.26,0.58,2.14,2.73,5.6875,2.21,3.25,,,,19.08,,
2010-11-10,0.13,0.44,1.23,2.65,4.25,2.21,0.56,2.09,2.79,5.7925,2.27,3.31,,,,18.47,,
2010-11-11,,,,,,,,,,,,,,,,18.64,,4.17
2010-11-12,0.13,0.51,1.35,2.76,4.26,2.25,0.71,2.05,2.715,5.67,2.19,3.24,,,,20.61,-0.441,
2010-11-15,0.14,0.53,1.51,2.92,4.38,2.39,0.87,2.05,2.675,5.6000000000000005,2.15,3.2,,,,20.2,,
2010-11-16,0.15,0.51,1.49,2.85,4.26,2.34,0.87,1.98,2.625,5.5125,2.1,3.15,,,,22.58,,
2010-11-17,0.14,0.5,1.49,2.89,4.31,2.39,0.84,2.05,2.605,5.4775,2.08,3.13,,,,21.76,,
2010-11-18,0.15,0.52,1.51,2.9,4.29,2.38,0.83,2.07,2.6,5.46,2.08,3.12,,,,18.75,,4.39
2010-11-19,0.14,0.52,1.54,2.88,4.25,2.36,0.77,2.11,2.58,5.4425,2.05,3.11,,,,18.04,-0.443,
2010-11-22,0.15,0.49,1.44,2.8,4.2,2.31,0.7,2.1,2.615,5.495,2.09,3.14,,,,18.37,,
2010-11-23,0.15,0.45,1.4,2.77,4.18,2.32,0.69,2.08,2.605,5.4775,2.08,3.13,,,,20.63,,
2010-11-24,0.16,0.53,1.56,2.93,4.29,2.4,0.8,2.13,2.575,5.425,2.05,3.1,,,,19.56,,4.4
2010-11-25,,,,,,,,,,,,,,,,,,
2010-11-26,0.16,0.51,1.53,2.87,4.21,2.36,0.75,2.12,2.54,5.3725,2.01,3.07,,,,22.22,-0.446,
2010-11-29,0.18,0.52,1.51,2.84,4.16,2.32,0.73,2.11,2.52,5.32,2.0,3.04,,,,21.53,,
2010-11-30,0.17,0.45,1.47,2.81,4.12,2.36,0.74,2.07,2.505,5.302499999999999,1.98,3.03,,,,23.54,,
2010-12-01,0.16,0.53,1.64,2.97,4.24,2.44,0.83,2.14,2.48,5.2675,1.95,3.01,222.343,93.6787,9.3,21.36,,
2010-12-02,0.16,0.55,1.68,3.01,4.27,2.46,0.84,2.17,2.465,5.2325,1.94,2.99,,,,19.39,,4.46
2010-12-03,0.14,0.49,1.64,3.03,4.32,2.54,0.86,2.17,2.495,5.285,1.97,3.02,,,,18.01,-0.451,
2010-12-06,0.15,0.42,1.53,2.95,4.25,2.53,0.79,2.16,2.5,5.285,1.98,3.02,,,,18.02,,
2010-12-07,0.14,0.54,1.74,3.15,4.39,2.61,0.92,2.23,2.465,5.2325,1.94,2.99,,,,17.99,,
2010-12-08,0.15,0.63,1.87,3.26,4.45,2.63,1.07,2.19,2.355,5.075,1.81,2.9,,,,17.74,,
2010-12-09,0.14,0.64,1.9,3.23,4.41,2.59,1.09,2.14,2.32,5.005,1.78,2.86,,,,17.25,,4.61
2010-12-10,0.13,0.64,1.98,3.32,4.43,2.68,1.16,2.16,2.25,4.8825,1.71,2.79,,,,17.61,-0.463,
2010-12-13,0.15,0.61,1.91,3.29,4.39,2.68,1.11,2.18,2.25,4.8999999999999995,1.7,2.8,,,,17.55,,
2010-12-14,0.15,0.66,2.08,3.49,4.54,2.83,1.27,2.22,2.205,4.8125,1.66,2.75,,,,17.61,,
2010-12-15,0.14,0.68,2.11,3.53,4.59,2.85,1.22,2.31,2.19,4.795,1.64,2.74,,,,17.94,,
2010-12-16,0.13,0.66,2.06,3.47,4.57,2.81,1.15,2.32,2.2199999999999998,4.8475,1.67,2.77,,,,17.39,,4.83
2010-12-17,0.11,0.61,1.97,3.33,4.41,2.72,1.05,2.28,2.185,4.7775,1.64,2.73,,,,16.11,-0.478,
2010-12-20,0.14,0.62,1.99,3.36,4.44,2.74,1.07,2.29,2.2,4.8125,1.65,2.75,,,,16.41,,
2010-12-21,0.14,0.63,1.99,3.35,4.44,2.72,1.06,2.29,2.175,4.760000000000001,1.63,2.72,,,,16.49,,
2010-12-22,0.14,0.65,2.02,3.36,4.45,2.71,1.03,2.33,2.185,4.7775,1.64,2.73,,,,15.45,,
2010-12-23,0.14,0.67,2.09,3.41,4.47,2.74,1.08,2.33,2.16,4.7250000000000005,1.62,2.7,,,,16.47,,4.81
2010-12-24,,,,,,,,,,,,,,,,,-0.497,
2010-12-27,0.17,0.71,2.08,3.36,4.42,2.65,1.06,2.3,2.1550000000000002,4.7250000000000005,1.61,2.7,,,,17.67,,
2010-12-28,0.15,0.75,2.18,3.5,4.53,2.75,1.17,2.33,2.14,4.69,1.6,2.68,,,,17.52,,
2010-12-29,0.13,0.64,2.03,3.35,4.41,2.71,1.06,2.29,2.1550000000000002,4.7250000000000005,1.61,2.7,,,,17.28,,
2010-12-30,0.12,0.66,2.06,3.38,4.43,2.72,1.08,2.3,2.145,4.7075,1.6,2.69,,,,17.52,,4.86
2010-12-31,0.12,0.61,2.01,3.3,4.34,2.69,1.0,2.3,2.13,4.69,1.58,2.68,,,,17.75,-0.518,
2011-01-01,,,,,,,,,,,,,222.803,93.4814,9.1,,,
2011-01-03,0.15,0.61,2.02,3.36,4.39,2.75,1.05,2.31,2.125,4.69,1.57,2.68,,,,17.61,,
2011-01-04,0.14,0.63,2.01,3.36,4.44,2.73,1.01,2.35,2.16,4.7425,1.61,2.71,,,,17.38,,
2011-01-05,0.14,0.71,2.14,3.5,4.55,2.79,1.08,2.42,2.13,4.672499999999999,1.59,2.67,,,,17.02,,
2011-01-06,0.15,0.68,2.09,3.44,4.53,2.76,1.03,2.41,2.145,4.672499999999999,1.62,2.67,,,,17.4,,4.77
2011-01-07,0.14,0.6,1.96,3.34,4.48,2.74,0.98,2.36,2.205,4.7775,1.68,2.73,,,,17.14,-0.54,
2011-01-10,0.15,0.59,1.93,3.32,4.47,2.73,0.96,2.36,2.21,4.8125,1.67,2.75,,,,17.54,,
2011-01-11,0.15,0.6,1.98,3.37,4.49,2.77,0.97,2.4,2.1500000000000004,4.69,1.62,2.68,,,,16.89,,
2011-01-12,0.15,0.61,1.99,3.4,4.52,2.79,0.98,2.42,2.1500000000000004,4.69,1.62,2.68,,,,16.24,,
2011-01-13,0.15,0.59,1.93,3.34,4.5,2.75,0.97,2.37,2.185,4.7425,1.66,2.71,,,,16.39,,4.71
2011-01-14,0.15,0.59,1.95,3.35,4.53,2.76,1.0,2.35,2.21,4.795,1.68,2.74,,,,15.46,-0.56,
2011-01-17,,,,,,,,,,,,,,,,,,
2011-01-18,0.16,0.6,1.97,3.39,4.56,2.79,0.99,2.4,2.1950000000000003,4.760000000000001,1.67,2.72,,,,15.87,,
2011-01-19,0.16,0.6,1.95,3.37,4.53,2.77,0.99,2.38,2.175,4.7250000000000005,1.65,2.7,,,,17.31,,
2011-01-20,0.16,0.65,2.06,3.47,4.6,2.82,1.22,2.25,2.175,4.7250000000000005,1.65,2.7,,,,17.99,,4.74
2011-01-21,0.16,0.63,2.04,3.44,4.57,2.81,1.2,2.24,2.1550000000000002,4.69,1.63,2.68,,,,18.47,-0.578,
2011-01-24,0.16,0.65,2.03,3.43,4.55,2.78,1.18,2.25,2.15,4.672499999999999,1.63,2.67,,,,17.65,,
2011-01-25,0.16,0.62,1.96,3.35,4.48,2.73,1.11,2.24,2.145,4.655,1.63,2.66,,,,17.59,,
2011-01-26,0.16,0.62,2.03,3.45,4.59,2.83,1.16,2.29,2.175,4.69,1.67,2.68,,,,16.64,,
2011-01-27,0.15,0.59,1.98,3.42,4.57,2.83,1.16,2.26,2.17,4.672499999999999,1.67,2.67,,,,16.15,,4.8
2011-01-28,0.15,0.54,1.92,3.36,4.53,2.82,1.09,2.27,2.205,4.7250000000000005,1.71,2.7,,,,20.04,-0.59,
2011-01-31,0.15,0.58,1.95,3.42,4.58,2.84,1.08,2.34,2.19,4.69,1.7,2.68,,,,19.53,,
2011-02-01,0.15,0.61,2.02,3.48,4.62,2.87,1.11,2.37,2.17,4.655,1.68,2.66,223.213,93.1102,9.0,17.63,,
2011-02-02,0.16,0.67,2.1,3.52,4.64,2.85,1.16,2.36,2.15,4.62,1.66,2.64,,,,17.3,,
2011-02-03,0.14,0.71,2.18,3.58,4.67,2.87,1.23,2.35,2.12,4.5675,1.63,2.61,,,,16.69,,4.81
2011-02-04,0.15,0.77,2.27,3.68,4.73,2.91,1.3,2.38,2.085,4.4975,1.6,2.57,,,,15.93,-0.595,
2011-02-07,0.16,0.78,2.29,3.68,4.71,2.9,1.32,2.36,2.0549999999999997,4.427499999999999,1.58,2.53,,,,16.28,,
2011-02-08,0.15,0.86,2.39,3.75,4.76,2.89,1.39,2.36,2.0300000000000002,4.375,1.56,2.5,,,,15.81,,
2011-02-09,0.14,0.81,2.33,3.65,4.71,2.84,1.34,2.31,2.06,4.427499999999999,1.59,2.53,,,,15.87,,
2011-02-10,0.12,0.85,2.4,3.7,4.75,2.85,1.39,2.31,2.08,4.4624999999999995,1.61,2.55,,,,16.09,,5.05
2011-02-11,0.12,0.85,2.38,3.64,4.71,2.79,1.36,2.28,2.09,4.48,1.62,2.56,,,,15.69,-0.593,
2011-02-14,0.13,0.87,2.37,3.62,4.67,2.75,1.34,2.28,2.06,4.427499999999999,1.59,2.53,,,,15.95,,
2011-02-15,0.13,0.84,2.35,3.61,4.66,2.77,1.33,2.28,2.09,4.427499999999999,1.65,2.53,,,,16.37,,
2011-02-16,0.12,0.86,2.37,3.62,4.67,2.76,1.37,2.25,2.09,4.427499999999999,1.65,2.53,,,,16.72,,
2011-02-17,0.09,0.8,2.3,3.58,4.66,2.78,1.31,2.27,2.12,4.48,1.68,2.56,,,,16.59,,5.0
2011-02-18,0.1,0.78,2.3,3.59,4.7,2.81,1.25,2.34,2.14,4.515000000000001,1.7,2.58,,,,16.43,-0.584,
2011-02-21,,,,,,,,,,,,,,,,,,
2011-02-22,0.12,0.74,2.16,3.46,4.6,2.72,1.12,2.34,2.18,4.585,1.74,2.62,,,,20.8,,
2011-02-23,0.12,0.74,2.21,3.49,4.59,2.75,1.1,2.39,2.1550000000000002,4.55,1.71,2.6,,,,22.13,,
2011-02-24,0.13,0.73,2.19,3.46,4.54,2.73,1.05,2.41,2.135,4.5325,1.68,2.59,,,,21.32,,4.95
2011-02-25,0.13,0.72,2.16,3.42,4.51,2.7,1.02,2.4,2.15,4.55,1.7,2.6,,,,19.22,-0.57,
2011-02-28,0.15,0.69,2.13,3.42,4.49,2.73,1.03,2.39,2.12,4.4975,1.67,2.57,,,,18.35,,
2011-03-01,0.14,0.66,2.11,3.41,4.48,2.75,1.0,2.41,2.135,4.5325,1.68,2.59,223.454,94.0788,9.0,21.01,,
2011-03-02,0.13,0.69,2.16,3.46,4.54,2.77,1.01,2.45,2.15,4.55,1.7,2.6,,,,20.7,,
2011-03-03,0.13,0.79,2.3,3.58,4.64,2.79,1.09,2.49,2.09,4.4624999999999995,1.63,2.55,,,,18.6,,4.87
2011-03-04,0.12,0.68,2.17,3.49,4.6,2.81,1.0,2.49,2.14,4.55,1.68,2.6,,,,19.06,-0.556,
2011-03-07,0.11,0.7,2.19,3.51,4.61,2.81,1.0,2.51,2.135,4.5325,1.68,2.59,,,,20.66,,
2011-03-08,0.11,0.73,2.22,3.56,4.66,2.83,1.01,2.55,2.135,4.5325,1.68,2.59,,,,19.82,,
2011-03-09,0.1,0.7,2.16,3.48,4.6,2.78,0.98,2.5,2.155,4.5675,1.7,2.61,,,,20.22,,
2011-03-10,0.08,0.65,2.05,3.37,4.53,2.72,0.91,2.46,2.21,4.655,1.76,2.66,,,,21.88,,4.88
2011-03-11,0.08,0.64,2.06,3.4,4.54,2.76,0.96,2.44,2.1799999999999997,4.6025,1.73,2.63,,,,20.08,-0.546,
2011-03-14,0.09,0.61,2.0,3.36,4.52,2.75,0.93,2.43,2.205,4.6375,1.76,2.65,,,,21.13,,
2011-03-15,0.1,0.63,2.0,3.33,4.47,2.7,0.93,2.4,2.225,4.69,1.77,2.68,,,,24.32,,
2011-03-16,0.1,0.58,1.87,3.22,4.38,2.64,0.85,2.37,2.255,4.7425,1.8,2.71,,,,29.4,,
2011-03-17,0.08,0.6,1.91,3.25,4.42,2.65,0.82,2.43,2.2600000000000002,4.760000000000001,1.8,2.72,,,,26.37,,4.76
2011-03-18,0.07,0.61,1.96,3.28,4.43,2.67,0.85,2.43,2.24,4.7075,1.79,2.69,,,,24.44,-0.54,
2011-03-21,0.1,0.67,2.04,3.34,4.45,2.67,0.9,2.44,2.1950000000000003,4.62,1.75,2.64,,,,20.61,,
2011-03-22,0.1,0.68,2.07,3.34,4.44,2.66,0.95,2.39,2.19,4.62,1.74,2.64,,,,20.21,,
2011-03-23,0.09,0.69,2.07,3.36,4.44,2.67,0.98,2.38,2.1799999999999997,4.6025,1.73,2.63,,,,19.17,,
2011-03-24,0.09,0.72,2.14,3.42,4.48,2.7,0.95,2.47,2.1399999999999997,4.5325,1.69,2.59,,,,18.0,,4.81
2011-03-25,0.09,0.79,2.2,3.46,4.51,2.67,1.02,2.44,2.13,4.515000000000001,1.68,2.58,,,,17.91,-0.545,
2011-03-28,0.11,0.81,2.23,3.47,4.51,2.66,1.01,2.46,2.105,4.48,1.65,2.56,,,,19.44,,
2011-03-29,0.1,0.81,2.25,3.5,4.54,2.69,1.03,2.47,2.135,4.5325,1.68,2.59,,,,18.16,,
2011-03-30,0.1,0.8,2.21,3.47,4.52,2.67,1.0,2.47,2.1399999999999997,4.5325,1.69,2.59,,,,17.71,,
2011-03-31,0.09,0.8,2.24,3.47,4.51,2.67,0.99,2.48,2.13,4.515000000000001,1.68,2.58,,,,17.74,,4.86
2011-04-01,0.07,0.8,2.24,3.46,4.48,2.66,0.94,2.52,2.125,4.515000000000001,1.67,2.58,223.727,93.7749,9.1,17.4,-0.556,
2011-04-04,0.06,0.77,2.2,3.45,4.49,2.68,0.91,2.54,2.13,4.515000000000001,1.68,2.58,,,,17.5,,
2011-04-05,0.07,0.84,2.28,3.5,4.51,2.66,0.94,2.56,2.0999999999999996,4.4624999999999995,1.65,2.55,,,,17.25,,
2011-04-06,0.06,0.85,2.32,3.56,4.58,2.71,0.99,2.57,2.105,4.4624999999999995,1.66,2.55,,,,16.9,,
2011-04-07,0.04,0.81,2.29,3.58,4.63,2.77,0.99,2.59,2.105,4.4975,1.64,2.57,,,,17.11,,4.87
2011-04-08,0.04,0.83,2.31,3.59,4.63,2.76,0.95,2.64,2.1,4.48,1.64,2.56,,,,17.87,-0.57,
2011-04-11,0.05,0.85,2.31,3.59,4.64,2.74,0.96,2.63,2.0949999999999998,4.4624999999999995,1.64,2.55,,,,16.59,,
2011-04-12,0.05,0.77,2.22,3.52,4.58,2.75,0.9,2.62,2.125,4.515000000000001,1.67,2.58,,,,17.09,,
2011-04-13,0.06,0.75,2.19,3.49,4.55,2.74,0.88,2.61,2.125,4.515000000000001,1.67,2.58,,,,16.92,,
2011-04-14,0.07,0.77,2.23,3.51,4.53,2.74,0.89,2.62,2.0949999999999998,4.4624999999999995,1.64,2.55,,,,16.27,,4.91
2011-04-15,0.07,0.71,2.14,3.43,4.47,2.72,0.82,2.61,2.105,4.48,1.65,2.56,,,,15.32,-0.583,
2011-04-18,0.07,0.69,2.09,3.4,4.45,2.71,0.8,2.6,2.17,4.515000000000001,1.76,2.58,,,,16.96,,
2011-04-19,0.06,0.68,2.09,3.39,4.43,2.71,0.76,2.63,2.15,4.48,1.74,2.56,,,,15.83,,
2011-04-20,0.06,0.69,2.15,3.43,4.47,2.74,0.82,2.61,2.1399999999999997,4.4624999999999995,1.73,2.55,,,,15.07,,
2011-04-21,0.06,0.68,2.14,3.42,4.47,2.74,0.83,2.59,2.165,4.4975,1.76,2.57,,,,14.69,,4.8
2011-04-22,,,,,,,,,,,,,,,,,-0.593,
2011-04-25,0.07,0.67,2.1,3.39,4.46,2.72,0.79,2.6,2.175,4.515000000000001,1.77,2.58,,,,15.77,,
2011-04-26,0.07,0.65,2.05,3.34,4.39,2.69,0.76,2.58,2.165,4.4975,1.76,2.57,,,,15.62,,
2011-04-27,0.06,0.65,2.06,3.39,4.45,2.74,0.81,2.58,2.175,4.4975,1.78,2.57,,,,15.35,,
2011-04-28,0.04,0.62,2.0,3.34,4.42,2.72,0.78,2.56,2.1799999999999997,4.5325,1.77,2.59,,,,14.62,,4.78
2011-04-29,0.04,0.61,1.97,3.32,4.4,2.71,0.75,2.57,2.175,4.515000000000001,1.77,2.58,,,,14.75,-0.596,
2011-05-01,,,,,,,,,,,,,224.175,93.888,9.0,,,
2011-05-02,0.05,0.61,1.96,3.31,4.38,2.7,0.75,2.56,2.17,4.4975,1.77,2.57,,,,15.99,,
2011-05-03,0.03,0.61,1.96,3.28,4.36,2.67,0.73,2.55,2.16,4.4975,1.75,2.57,,,,16.7,,
2011-05-04,0.03,0.6,1.95,3.25,4.33,2.65,0.7,2.55,2.1550000000000002,4.48,1.75,2.56,,,,17.08,,
2011-05-05,0.02,0.58,1.88,3.18,4.26,2.6,0.7,2.48,2.175,4.5325,1.76,2.59,,,,18.2,,4.71
2011-05-06,0.02,0.57,1.87,3.19,4.29,2.62,0.71,2.48,2.185,4.55,1.77,2.6,,,,18.4,-0.593,
2011-05-09,0.03,0.57,1.84,3.17,4.3,2.6,0.69,2.48,2.22,4.62,1.8,2.64,,,,17.16,,
2011-05-10,0.03,0.59,1.91,3.23,4.34,2.64,0.74,2.49,2.19,4.5675,1.77,2.61,,,,15.91,,
2011-05-11,0.03,0.56,1.87,3.19,4.31,2.63,0.76,2.43,2.19,4.5675,1.77,2.61,,,,16.95,,
2011-05-12,0.02,0.57,1.89,3.22,4.37,2.65,0.79,2.43,2.22,4.62,1.8,2.64,,,,16.03,,4.63
2011-05-13,0.03,0.57,1.86,3.18,4.32,2.61,0.79,2.39,2.215,4.62,1.79,2.64,,,,17.07,-0.584,
2011-05-16,0.04,0.54,1.83,3.15,4.28,2.61,0.81,2.34,2.18,4.55,1.76,2.6,,,,18.24,,
2011-05-17,0.04,0.55,1.8,3.12,4.23,2.57,0.82,2.3,2.165,4.5325,1.74,2.59,,,,17.55,,
2011-05-18,0.05,0.58,1.87,3.18,4.29,2.6,0.82,2.36,2.165,4.5325,1.74,2.59,,,,16.23,,
2011-05-19,0.05,0.55,1.85,3.17,4.3,2.62,0.91,2.26,2.2,4.5675,1.79,2.61,,,,15.52,,4.61
2011-05-20,0.05,0.55,1.82,3.15,4.3,2.6,0.85,2.3,2.23,4.6025,1.83,2.63,,,,17.43,-0.572,
2011-05-23,0.06,0.55,1.8,3.13,4.27,2.58,0.84,2.29,2.22,4.585,1.82,2.62,,,,18.27,,
2011-05-24,0.06,0.56,1.81,3.12,4.26,2.56,0.79,2.33,2.225,4.585,1.83,2.62,,,,17.82,,
2011-05-25,0.06,0.54,1.81,3.13,4.28,2.59,0.8,2.33,2.24,4.62,1.84,2.64,,,,17.07,,
2011-05-26,0.05,0.48,1.72,3.07,4.23,2.59,0.76,2.31,2.245,4.62,1.85,2.64,,,,16.09,,4.6
2011-05-27,0.05,0.48,1.71,3.07,4.24,2.59,0.79,2.28,2.2649999999999997,4.6375,1.88,2.65,,,,15.98,-0.558,
2011-05-30,,,,,,,,,,,,,,,,,,
2011-05-31,0.06,0.45,1.68,3.05,4.22,2.6,0.8,2.25,2.27,4.6375,1.89,2.65,,,,15.45,,
2011-06-01,0.05,0.44,1.6,2.96,4.15,2.52,0.74,2.22,2.3,4.69,1.92,2.68,224.697,94.172,9.1,18.3,,
2011-06-02,0.04,0.45,1.65,3.04,4.25,2.59,0.78,2.26,2.325,4.7250000000000005,1.95,2.7,,,,18.09,,4.55
2011-06-03,0.04,0.42,1.6,2.99,4.22,2.57,0.75,2.24,2.355,4.7775,1.98,2.73,,,,17.95,-0.545,
2011-06-06,0.05,0.43,1.6,3.01,4.25,2.58,0.76,2.25,2.375,4.8125,2.0,2.75,,,,18.49,,
2011-06-07,0.05,0.39,1.59,3.01,4.27,2.62,0.76,2.25,2.375,4.8125,2.0,2.75,,,,18.07,,
2011-06-08,0.04,0.39,1.52,2.98,4.2,2.59,0.76,2.22,2.35,4.7775,1.97,2.73,,,,18.79,,
2011-06-09,0.05,0.43,1.6,3.01,4.22,2.58,0.8,2.21,2.3449999999999998,4.7775,1.96,2.73,,,,17.77,,4.49
2011-06-10,0.05,0.41,1.58,2.99,4.18,2.58,0.79,2.2,2.325,4.7425,1.94,2.71,,,,18.86,-0.533,
2011-06-13,0.05,0.4,1.59,3.0,4.2,2.6,0.8,2.2,2.35,4.760000000000001,1.98,2.72,,,,19.61,,
2011-06-14,0.05,0.45,1.7,3.11,4.3,2.66,0.83,2.28,2.33,4.7425,1.95,2.71,,,,18.26,,
2011-06-15,0.05,0.38,1.55,2.98,4.19,2.6,0.74,2.24,2.3600000000000003,4.795,1.98,2.74,,,,21.32,,
2011-06-16,0.05,0.38,1.52,2.93,4.16,2.55,0.73,2.2,2.37,4.8125,1.99,2.75,,,,22.73,,4.5
2011-06-17,0.04,0.38,1.53,2.94,4.19,2.56,0.75,2.19,2.4050000000000002,4.8825,2.02,2.79,,,,21.85,-0.524,
2011-06-20,0.03,0.38,1.55,2.97,4.19,2.59,0.79,2.18,2.375,4.83,1.99,2.76,,,,19.99,,
2011-06-21,0.03,0.4,1.57,2.99,4.21,2.59,0.78,2.21,2.37,4.8125,1.99,2.75,,,,18.86,,
2011-06-22,0.02,0.39,1.58,3.01,4.22,2.62,0.82,2.19,2.355,4.795,1.97,2.74,,,,18.52,,
2011-06-23,0.01,0.35,1.48,2.93,4.17,2.58,0.71,2.22,2.375,4.83,1.99,2.76,,,,19.29,,4.5
2011-06-24,0.02,0.35,1.4,2.88,4.17,2.53,0.64,2.24,2.44,4.952500000000001,2.05,2.83,,,,21.1,-0.517,
2011-06-27,0.02,0.41,1.47,2.95,4.28,2.54,0.67,2.28,2.48,5.0225,2.09,2.87,,,,20.56,,
2011-06-28,0.03,0.48,1.62,3.05,4.33,2.57,0.73,2.32,2.425,4.9175,2.04,2.81,,,,19.17,,
2011-06-29,0.02,0.47,1.7,3.14,4.39,2.67,0.74,2.4,2.37,4.8125,1.99,2.75,,,,17.27,,
2011-06-30,0.03,0.45,1.76,3.18,4.38,2.73,0.75,2.43,2.34,4.760000000000001,1.96,2.72,,,,16.52,,4.51
2011-07-01,0.02,0.5,1.8,3.22,4.4,2.72,0.77,2.45,2.315,4.7075,1.94,2.69,225.218,94.636,9.0,15.87,-0.509,
2011-07-04,,,,,,,,,,,,,,,,,,
2011-07-05,0.02,0.44,1.7,3.16,4.39,2.72,0.77,2.39,2.355,4.795,1.97,2.74,,,,16.06,,
2011-07-06,0.01,0.43,1.66,3.12,4.35,2.69,0.74,2.38,2.3449999999999998,4.7775,1.96,2.73,,,,16.34,,
2011-07-07,0.03,0.49,1.74,3.17,4.37,2.68,0.75,2.42,2.295,4.7075,1.9,2.69,,,,15.95,,4.6
2011-07-08,0.03,0.4,1.57,3.03,4.27,2.63,0.69,2.34,2.34,4.7775,1.95,2.73,,,,15.95,-0.497,
2011-07-11,0.03,0.37,1.49,2.94,4.2,2.57,0.63,2.31,2.355,4.83,1.95,2.76,,,,18.39,,
2011-07-12,0.03,0.37,1.47,2.92,4.19,2.55,0.6,2.32,2.36,4.8475,1.95,2.77,,,,19.87,,
2011-07-13,0.01,0.37,1.45,2.92,4.17,2.55,0.59,2.33,2.3499999999999996,4.83,1.94,2.76,,,,19.91,,
2011-07-14,0.01,0.38,1.51,2.98,4.25,2.6,0.68,2.3,2.3499999999999996,4.83,1.94,2.76,,,,20.8,,4.51
2011-07-15,0.02,0.37,1.46,2.94,4.26,2.57,0.61,2.33,2.385,4.8999999999999995,1.97,2.8,,,,19.53,-0.474,
2011-07-18,0.02,0.37,1.45,2.94,4.29,2.57,0.58,2.36,2.425,4.97,2.01,2.84,,,,20.95,,
2011-07-19,0.03,0.39,1.45,2.91,4.19,2.52,0.54,2.37,2.355,4.864999999999999,1.93,2.78,,,,19.21,,
2011-07-20,0.02,0.4,1.49,2.96,4.25,2.56,0.62,2.34,2.375,4.8999999999999995,1.95,2.8,,,,19.09,,
2011-07-21,0.05,0.4,1.56,3.03,4.31,2.63,0.68,2.35,2.35,4.8475,1.93,2.77,,,,17.56,,4.52
2011-07-22,0.05,0.4,1.53,2.99,4.26,2.59,0.61,2.38,2.32,4.8125,1.89,2.75,,,,17.52,-0.44,
2011-07-25,0.05,0.42,1.55,3.03,4.31,2.61,0.58,2.45,2.34,4.8475,1.91,2.77,,,,19.35,,
2011-07-26,0.07,0.41,1.51,2.99,4.28,2.58,0.57,2.42,2.3249999999999997,4.83,1.89,2.76,,,,20.23,,
2011-07-27,0.08,0.44,1.56,3.01,4.29,2.57,0.56,2.45,2.3,4.7775,1.87,2.73,,,,22.98,,
2011-07-28,0.07,0.42,1.52,2.98,4.26,2.56,0.52,2.46,2.295,4.7775,1.86,2.73,,,,23.74,,4.55
2011-07-29,0.1,0.36,1.35,2.82,4.12,2.46,0.38,2.44,2.31,4.8475,1.85,2.77,,,,25.25,-0.392,
2011-08-01,0.1,0.38,1.32,2.77,4.07,2.39,0.33,2.44,2.295,4.8475,1.82,2.77,225.862,95.2749,9.0,23.66,,
2011-08-02,0.06,0.33,1.23,2.66,3.93,2.33,0.29,2.37,2.2600000000000002,4.795,1.78,2.74,,,,24.79,,
2011-08-03,0.02,0.33,1.25,2.64,3.89,2.31,0.36,2.28,2.25,4.760000000000001,1.78,2.72,,,,23.38,,
2011-08-04,0.02,0.27,1.12,2.47,3.7,2.2,0.24,2.23,2.305,4.8475,1.84,2.77,,,,31.66,,4.39
2011-08-05,0.01,0.28,1.23,2.58,3.82,2.3,0.32,2.26,2.3,4.8475,1.83,2.77,,,,32.0,-0.328,
2011-08-08,0.05,0.27,1.11,2.4,3.68,2.13,0.2,2.2,2.405,5.04,1.93,2.88,,,,48.0,,
2011-08-09,0.03,0.19,0.91,2.2,3.56,2.01,0.0,2.2,2.525,5.2675,2.04,3.01,,,,35.06,,
2011-08-10,0.02,0.19,0.93,2.17,3.54,1.98,-0.13,2.3,2.535,5.302499999999999,2.04,3.03,,,,42.99,,
2011-08-11,0.03,0.19,1.02,2.34,3.82,2.15,0.06,2.28,2.635,5.5125,2.12,3.15,,,,39.0,,4.32
2011-08-12,0.02,0.2,0.96,2.24,3.72,2.04,-0.02,2.26,2.62,5.495,2.1,3.14,,,,36.36,-0.257,
2011-08-15,0.02,0.19,0.99,2.29,3.75,2.1,0.06,2.23,2.63,5.5125,2.11,3.15,,,,31.87,,
2011-08-16,0.03,0.2,0.95,2.23,3.67,2.03,0.05,2.18,2.6,5.46,2.08,3.12,,,,32.85,,
2011-08-17,0.01,0.19,0.92,2.17,3.57,1.98,0.01,2.16,2.6550000000000002,5.4425,2.2,3.11,,,,31.58,,
2011-08-18,0.01,0.2,0.9,2.08,3.45,1.88,0.09,1.99,2.6550000000000002,5.46,2.19,3.12,,,,42.67,,4.15
2011-08-19,0.02,0.2,0.9,2.07,3.39,1.87,0.02,2.05,2.635,5.46,2.15,3.12,,,,43.05,-0.194,
2011-08-22,0.01,0.22,0.94,2.1,3.42,1.88,0.03,2.07,2.63,5.4775,2.13,3.13,,,,42.44,,
2011-08-23,0.01,0.22,0.95,2.15,3.47,1.93,0.13,2.02,2.685,5.5825,2.18,3.19,,,,36.27,,
2011-08-24,0.02,0.23,1.05,2.29,3.63,2.06,0.25,2.04,2.6950000000000003,5.6175,2.18,3.21,,,,35.9,,
2011-08-25,0.01,0.22,0.98,2.23,3.6,2.01,0.13,2.1,2.7350000000000003,5.6875,2.22,3.25,,,,39.76,,4.22
2011-08-26,0.01,0.2,0.94,2.19,3.54,1.99,0.15,2.04,2.725,5.6875,2.2,3.25,,,,35.59,-0.136,
2011-08-29,0.02,0.2,0.99,2.28,3.63,2.08,0.22,2.06,2.725,5.6875,2.2,3.25,,,,32.28,,
2011-08-30,0.01,0.2,0.94,2.19,3.53,1.99,0.14,2.05,2.68,5.635000000000001,2.14,3.22,,,,32.89,,
2011-08-31,0.02,0.2,0.96,2.23,3.6,2.03,0.18,2.05,2.715,5.6875,2.18,3.25,,,,31.62,,
2011-09-01,0.02,0.19,0.9,2.15,3.51,1.96,0.07,2.08,2.705,5.6525,2.18,3.23,226.118,95.1961,9.0,31.82,,4.22
2011-09-02,0.02,0.2,0.88,2.02,3.32,1.82,0.0,2.02,2.645,5.565,2.11,3.18,,,,33.92,-0.094,
2011-09-05,,,,,,,,,,,,,,,,,,
2011-09-06,0.02,0.21,0.88,1.98,3.26,1.77,0.05,1.93,2.6550000000000002,5.6175,2.1,3.21,,,,37.0,,
2011-09-07,0.02,0.21,0.92,2.05,3.36,1.84,0.09,1.96,2.685,5.6875,2.12,3.25,,,,33.38,,
2011-09-08,0.02,0.19,0.88,2.0,3.32,1.81,0.0,2.0,2.695,5.705,2.13,3.26,,,,34.32,,4.12
2011-09-09,0.01,0.17,0.81,1.93,3.26,1.76,-0.03,1.96,2.71,5.739999999999999,2.14,3.28,,,,38.52,-0.062,
2011-09-12,0.01,0.21,0.87,1.94,3.24,1.73,0.0,1.94,2.705,5.7575,2.12,3.29,,,,38.59,,
2011-09-13,0.01,0.21,0.89,2.0,3.32,1.79,0.07,1.93,2.735,5.81,2.15,3.32,,,,36.91,,
2011-09-14,0.01,0.19,0.91,2.03,3.32,1.84,0.12,1.91,2.705,5.7749999999999995,2.11,3.3,,,,34.6,,
2011-09-15,0.01,0.21,0.95,2.09,3.36,1.88,0.13,1.96,2.705,5.7925,2.1,3.31,,,,31.97,,4.09
2011-09-16,0.01,0.18,0.94,2.08,3.34,1.9,0.13,1.95,2.705,5.7925,2.1,3.31,,,,30.98,-0.044,
2011-09-19,0.01,0.16,0.85,1.97,3.22,1.81,0.09,1.88,2.69,5.7925,2.07,3.31,,,,32.73,,
2011-09-20,0.01,0.18,0.85,1.95,3.2,1.77,0.04,1.91,2.725,5.8625,2.1,3.35,,,,32.86,,
2011-09-21,0.01,0.21,0.88,1.88,3.03,1.67,0.02,1.86,2.71,5.705,2.16,3.26,,,,37.32,,
2011-09-22,0.0,0.2,0.79,1.72,2.78,1.52,0.01,1.71,2.7199999999999998,5.81,2.12,3.32,,,,41.35,,4.09
2011-09-23,0.01,0.23,0.89,1.84,2.89,1.61,0.1,1.74,2.7,5.7925,2.09,3.31,,,,41.25,-0.035,
2011-09-26,0.02,0.25,0.92,1.91,2.99,1.66,0.12,1.79,2.76,5.8975,2.15,3.37,,,,39.02,,
2011-09-27,0.01,0.25,0.97,2.0,3.08,1.75,0.12,1.88,2.77,5.9325,2.15,3.39,,,,37.71,,
2011-09-28,0.02,0.27,0.99,2.03,3.1,1.76,0.16,1.87,2.71,5.8625,2.07,3.35,,,,41.08,,
2011-09-29,0.02,0.27,0.98,1.99,3.03,1.72,0.17,1.82,2.66,5.7749999999999995,2.02,3.3,,,,38.84,,4.01
2011-09-30,0.02,0.25,0.96,1.92,2.9,1.67,0.17,1.75,2.67,5.7749999999999995,2.04,3.3,,,,42.96,-0.038,
2011-10-01,,,,,,,,,,,,,226.506,95.8568,8.8,,,
2011-10-03,0.02,0.24,0.87,1.8,2.76,1.56,0.07,1.73,2.6550000000000002,5.7925,2.0,3.31,,,,45.45,,
2011-10-04,0.01,0.25,0.9,1.81,2.77,1.56,0.05,1.76,2.6550000000000002,5.827500000000001,1.98,3.33,,,,40.82,,
2011-10-05,0.0,0.25,0.96,1.92,2.87,1.67,0.12,1.8,2.6799999999999997,5.88,2.0,3.36,,,,37.81,,
2011-10-06,0.01,0.29,1.01,2.01,2.96,1.72,0.13,1.88,2.66,5.845,1.98,3.34,,,,36.27,,3.94
2011-10-07,0.01,0.3,1.08,2.1,3.02,1.8,0.16,1.94,2.635,5.81,1.95,3.32,,,,36.2,-0.049,
2011-10-10,,,,,,,,,,,,,,,,33.02,,
2011-10-11,0.02,0.32,1.14,2.18,3.11,1.86,0.23,1.95,2.5999999999999996,5.81,1.88,3.32,,,,32.86,,
2011-10-12,0.02,0.29,1.17,2.24,3.19,1.95,0.26,1.98,2.61,5.827500000000001,1.89,3.33,,,,31.26,,
2011-10-13,0.02,0.29,1.11,2.19,3.15,1.9,0.27,1.92,2.58,5.7575,1.87,3.29,,,,30.7,,4.12
2011-10-14,0.02,0.28,1.12,2.26,3.22,1.98,0.28,1.98,2.565,5.705,1.87,3.26,,,,28.24,-0.07,
2011-10-17,0.04,0.28,1.08,2.18,3.13,1.9,0.24,1.94,2.54,5.705,1.82,3.26,,,,33.39,,
2011-10-18,0.04,0.28,1.07,2.19,3.17,1.91,0.22,1.97,2.5,5.6525,1.77,3.23,,,,31.56,,
2011-10-19,0.03,0.28,1.05,2.18,3.17,1.9,0.23,1.95,2.5,5.6175,1.79,3.21,,,,34.44,,
2011-10-20,0.03,0.28,1.07,2.2,3.19,1.92,0.22,1.98,2.49,5.6000000000000005,1.78,3.2,,,,34.78,,4.11
2011-10-21,0.02,0.3,1.08,2.23,3.26,1.93,0.23,2.0,2.47,5.565,1.76,3.18,,,,31.32,-0.088,
2011-10-24,0.02,0.3,1.1,2.25,3.27,1.95,0.23,2.02,2.46,5.53,1.76,3.16,,,,29.26,,
2011-10-25,0.01,0.26,1.01,2.14,3.13,1.88,0.12,2.02,2.435,5.495,1.73,3.14,,,,32.22,,
2011-10-26,0.02,0.28,1.09,2.23,3.22,1.95,0.15,2.08,2.41,5.425,1.72,3.1,,,,29.86,,
2011-10-27,0.02,0.31,1.2,2.42,3.45,2.11,0.24,2.18,2.3449999999999998,5.32,1.65,3.04,,,,25.46,,4.1
2011-10-28,0.01,0.28,1.13,2.34,3.36,2.06,0.19,2.15,2.31,5.2325,1.63,2.99,,,,24.53,-0.102,
2011-10-31,0.01,0.25,0.99,2.17,3.16,1.92,0.08,2.09,2.365,5.285,1.71,3.02,,,,29.96,,
2011-11-01,0.01,0.23,0.9,2.01,2.99,1.78,-0.04,2.05,2.375,5.302499999999999,1.72,3.03,226.899,95.8485,8.6,34.77,,
2011-11-02,0.01,0.23,0.89,2.03,3.03,1.8,-0.07,2.1,2.41,5.302499999999999,1.79,3.03,,,,32.74,,
2011-11-03,0.01,0.24,0.91,2.09,3.1,1.85,0.0,2.09,2.425,5.32,1.81,3.04,,,,30.5,,4.0
2011-11-04,0.01,0.22,0.88,2.06,3.09,1.84,-0.06,2.12,2.44,5.355,1.82,3.06,,,,30.16,-0.104,
2011-11-07,0.01,0.25,0.88,2.04,3.05,1.79,-0.1,2.14,2.4,5.285,1.78,3.02,,,,29.85,,
2011-11-08,0.01,0.25,0.92,2.1,3.13,1.85,-0.03,2.13,2.44,5.3374999999999995,1.83,3.05,,,,27.48,,
2011-11-09,0.01,0.24,0.88,2.0,3.03,1.76,-0.04,2.04,2.46,5.390000000000001,1.84,3.08,,,,36.16,,
2011-11-10,0.01,0.24,0.9,2.04,3.12,1.8,-0.04,2.08,2.515,5.495,1.89,3.14,,,,32.81,,3.99
2011-11-11,,,,,,,,,,,,,,,,30.04,-0.096,
2011-11-14,0.01,0.24,0.91,2.04,3.09,1.8,-0.01,2.05,2.49,5.4775,1.85,3.13,,,,31.13,,
2011-11-15,0.01,0.26,0.93,2.06,3.1,1.8,0.04,2.02,2.505,5.495,1.87,3.14,,,,31.22,,
2011-11-16,0.01,0.26,0.9,2.01,3.05,1.75,0.05,1.96,2.535,5.547499999999999,1.9,3.17,,,,33.51,,
2011-11-17,0.02,0.27,0.88,1.96,2.98,1.69,0.06,1.9,2.515,5.53,1.87,3.16,,,,34.51,,4.0
2011-11-18,0.01,0.29,0.94,2.01,2.99,1.72,0.05,1.96,2.515,5.495,1.89,3.14,,,,32.0,-0.084,
2011-11-21,0.02,0.27,0.92,1.97,2.96,1.7,0.07,1.9,2.51,5.5125,1.87,3.15,,,,32.91,,
2011-11-22,0.02,0.26,0.91,1.94,2.91,1.68,0.05,1.89,2.52,5.547499999999999,1.87,3.17,,,,31.97,,
2011-11-23,0.02,0.26,0.88,1.89,2.82,1.63,-0.01,1.9,2.49,5.5125,1.83,3.15,,,,33.98,,3.98
2011-11-24,,,,,,,,,,,,,,,,,,
2011-11-25,0.02,0.28,0.93,1.97,2.92,1.69,0.05,1.92,2.5300000000000002,5.565,1.88,3.18,,,,34.47,-0.071,
2011-11-28,0.03,0.26,0.91,1.97,2.93,1.71,0.02,1.95,2.5549999999999997,5.5825,1.92,3.19,,,,32.13,,
2011-11-29,0.02,0.27,0.93,2.0,2.96,1.73,0.01,1.99,2.59,5.635000000000001,1.96,3.22,,,,30.64,,
2011-11-30,0.01,0.25,0.96,2.08,3.06,1.83,0.03,2.05,2.615,5.67,1.99,3.24,,,,27.8,,
2011-12-01,0.01,0.27,0.97,2.11,3.12,1.84,0.06,2.05,2.645,5.7749999999999995,1.99,3.3,227.405,96.3571,8.5,27.41,,4.0
2011-12-02,0.02,0.25,0.92,2.05,3.03,1.8,0.0,2.05,2.585,5.67,1.93,3.24,,,,27.52,-0.07,
2011-12-05,0.01,0.27,0.93,2.04,3.02,1.77,-0.01,2.05,2.62,5.6875,1.99,3.25,,,,27.84,,
2011-12-06,0.01,0.25,0.94,2.08,3.09,1.83,0.01,2.07,2.625,5.705,1.99,3.26,,,,28.13,,
2011-12-07,0.02,0.24,0.89,2.02,3.04,1.78,-0.01,2.03,2.62,5.705,1.98,3.26,,,,28.67,,
2011-12-08,0.01,0.22,0.86,1.99,3.0,1.77,0.01,1.98,2.61,5.705,1.96,3.26,,,,30.59,,3.99
2011-12-09,0.01,0.22,0.89,2.07,3.1,1.85,0.05,2.02,2.63,5.739999999999999,1.98,3.28,,,,26.38,-0.076,
2011-12-12,0.01,0.24,0.87,2.03,3.06,1.79,-0.01,2.04,2.63,5.7225,1.99,3.27,,,,25.67,,
2011-12-13,0.01,0.24,0.85,1.96,2.98,1.72,-0.05,2.01,2.6550000000000002,5.7575,2.02,3.29,,,,25.41,,
2011-12-14,0.01,0.25,0.86,1.92,2.91,1.67,-0.04,1.96,2.6,5.67,1.96,3.24,,,,26.04,,
2011-12-15,0.0,0.26,0.86,1.92,2.92,1.66,-0.01,1.93,2.625,5.7225,1.98,3.27,,,,25.11,,3.94
2011-12-16,0.0,0.24,0.81,1.86,2.86,1.62,-0.05,1.91,2.61,5.705,1.96,3.26,,,,24.29,-0.09,
2011-12-19,0.01,0.24,0.82,1.82,2.79,1.58,-0.12,1.94,2.5999999999999996,5.705,1.94,3.26,,,,24.92,,
2011-12-20,0.01,0.26,0.88,1.94,2.93,1.68,-0.1,2.04,2.6,5.7225,1.93,3.27,,,,23.22,,
2011-12-21,0.01,0.28,0.91,1.98,3.0,1.7,-0.07,2.05,2.61,5.7749999999999995,1.92,3.3,,,,21.43,,
2011-12-22,0.01,0.28,0.91,1.97,2.99,1.69,-0.07,2.04,2.6,5.7575,1.91,3.29,,,,21.16,,3.91
2011-12-23,0.01,0.28,0.97,2.03,3.05,1.75,-0.04,2.07,2.635,5.81,1.95,3.32,,,,20.73,-0.114,
2011-12-26,,,,,,,,,,,,,,,,,,
2011-12-27,0.02,0.3,0.96,2.02,3.04,1.72,-0.02,2.04,2.61,5.7749999999999995,1.92,3.3,,,,21.91,,
2011-12-28,0.01,0.28,0.91,1.93,2.91,1.65,-0.07,2.0,2.555,5.6875,1.86,3.25,,,,23.52,,
2011-12-29,0.02,0.28,0.88,1.91,2.9,1.63,-0.05,1.96,2.585,5.739999999999999,1.89,3.28,,,,22.65,,3.95
2011-12-30,0.02,0.25,0.83,1.89,2.89,1.64,-0.07,1.96,2.575,5.7225,1.88,3.27,,,,23.4,-0.148,
2012-01-01,,,,,,,,,,,,,227.877,96.9318,8.3,,,
2012-01-02,,,,,,,,,,,,,,,,,,
2012-01-03,0.02,0.27,0.89,1.97,2.98,1.7,-0.04,2.01,2.58,5.7575,1.87,3.29,,,,22.97,,
2012-01-04,0.02,0.25,0.89,2.0,3.03,1.75,-0.08,2.08,2.5949999999999998,5.7749999999999995,1.89,3.3,,,,22.22,,
2012-01-05,0.02,0.27,0.88,2.02,3.06,1.75,-0.1,2.12,2.58,5.7225,1.89,3.27,,,,21.48,,3.91
2012-01-06,0.02,0.25,0.86,1.98,3.02,1.73,-0.11,2.09,2.5700000000000003,5.7225,1.87,3.27,,,,20.63,-0.189,
2012-01-09,0.01,0.26,0.85,1.98,3.02,1.72,-0.13,2.11,2.58,5.739999999999999,1.88,3.28,,,,21.07,,
2012-01-10,0.02,0.24,0.86,2.0,3.04,1.76,-0.08,2.08,2.555,5.6875,1.86,3.25,,,,20.69,,
2012-01-11,0.02,0.24,0.82,1.93,2.96,1.69,-0.1,2.03,2.5700000000000003,5.7225,1.87,3.27,,,,21.05,,
2012-01-12,0.03,0.22,0.84,1.94,2.97,1.72,-0.1,2.04,2.615,5.7225,1.96,3.27,,,,20.47,,3.89
2012-01-13,0.03,0.24,0.8,1.89,2.91,1.65,-0.14,2.03,2.58,5.67,1.92,3.24,,,,20.91,-0.235,
2012-01-16,,,,,,,,,,,,,,,,,,
2012-01-17,0.03,0.21,0.79,1.87,2.89,1.66,-0.17,2.04,2.58,5.67,1.92,3.24,,,,22.2,,
2012-01-18,0.03,0.24,0.82,1.92,2.96,1.68,-0.15,2.07,2.555,5.6875,1.86,3.25,,,,20.89,,
2012-01-19,0.05,0.26,0.87,2.01,3.05,1.75,0.0,2.01,2.54,5.635000000000001,1.86,3.22,,,,19.87,,3.88
2012-01-20,0.05,0.26,0.91,2.05,3.1,1.79,0.01,2.04,2.5250000000000004,5.67,1.81,3.24,,,,18.28,-0.281,
2012-01-23,0.04,0.26,0.93,2.09,3.15,1.83,0.02,2.07,2.5300000000000002,5.67,1.82,3.24,,,,18.67,,
2012-01-24,0.04,0.24,0.92,2.08,3.15,1.84,-0.01,2.09,2.545,5.6875,1.84,3.25,,,,18.91,,
2012-01-25,0.04,0.22,0.81,2.01,3.13,1.79,-0.12,2.13,2.615,5.7925,1.92,3.31,,,,18.31,,
2012-01-26,0.05,0.22,0.77,1.96,3.1,1.74,-0.16,2.12,2.5999999999999996,5.739999999999999,1.92,3.28,,,,18.57,,3.98
2012-01-27,0.06,0.22,0.75,1.93,3.07,1.71,-0.18,2.11,2.5999999999999996,5.739999999999999,1.92,3.28,,,,18.53,-0.322,
2012-01-30,0.05,0.22,0.73,1.87,2.99,1.65,-0.24,2.11,2.575,5.6875,1.9,3.25,,,,19.4,,
2012-01-31,0.06,0.22,0.71,1.83,2.94,1.61,-0.28,2.11,2.565,5.67,1.89,3.24,,,,19.44,,
2012-02-01,0.06,0.23,0.72,1.87,3.01,1.64,-0.28,2.15,2.59,5.6875,1.93,3.25,228.034,97.2435,8.3,18.55,,
2012-02-02,0.08,0.23,0.71,1.86,3.01,1.63,-0.3,2.16,2.59,5.6875,1.93,3.25,,,,17.98,,3.87
2012-02-03,0.08,0.23,0.78,1.97,3.13,1.74,-0.21,2.18,2.61,5.705,1.96,3.26,,,,17.1,-0.354,
2012-02-06,0.08,0.24,0.76,1.93,3.08,1.69,-0.26,2.19,2.58,5.635000000000001,1.94,3.22,,,,17.76,,
2012-02-07,0.08,0.25,0.82,2.0,3.14,1.75,-0.21,2.21,2.5549999999999997,5.5825,1.92,3.19,,,,17.65,,
2012-02-08,0.09,0.27,0.82,2.01,3.14,1.74,-0.21,2.22,2.535,5.547499999999999,1.9,3.17,,,,18.16,,
2012-02-09,0.09,0.27,0.86,2.04,3.2,1.77,-0.17,2.21,2.5250000000000004,5.565,1.87,3.18,,,,18.63,,3.87
2012-02-10,0.09,0.27,0.81,1.96,3.11,1.69,-0.24,2.2,2.515,5.547499999999999,1.86,3.17,,,,20.79,-0.378,
2012-02-13,0.11,0.29,0.85,1.99,3.14,1.7,-0.22,2.21,2.5300000000000002,5.5825,1.87,3.19,,,,19.04,,
2012-02-14,0.12,0.29,0.81,1.92,3.06,1.63,-0.27,2.19,2.52,5.565,1.86,3.18,,,,19.54,,
2012-02-15,0.11,0.29,0.81,1.93,3.09,1.64,-0.26,2.19,2.535,5.5825,1.88,3.19,,,,21.14,,
2012-02-16,0.1,0.29,0.87,1.99,3.14,1.7,-0.24,2.23,2.525,5.547499999999999,1.88,3.17,,,,19.22,,3.87
2012-02-17,0.09,0.29,0.88,2.01,3.16,1.72,-0.23,2.24,2.515,5.547499999999999,1.86,3.17,,,,17.78,-0.394,
2012-02-20,,,,,,,,,,,,,,,,,,
2012-02-21,0.08,0.31,0.92,2.05,3.2,1.74,-0.22,2.27,2.5,5.5125,1.85,3.15,,,,18.19,,
2012-02-22,0.09,0.29,0.88,2.01,3.15,1.72,-0.27,2.28,2.5,5.5125,1.85,3.15,,,,18.19,,
2012-02-23,0.09,0.31,0.88,1.99,3.13,1.68,-0.3,2.29,2.495,5.495,1.85,3.14,,,,16.8,,3.95
2012-02-24,0.1,0.31,0.89,1.98,3.1,1.67,-0.29,2.27,2.475,5.46,1.83,3.12,,,,17.31,-0.406,
2012-02-27,0.12,0.3,0.84,1.92,3.04,1.62,-0.32,2.24,2.49,5.46,1.86,3.12,,,,18.19,,
2012-02-28,0.1,0.3,0.84,1.94,3.07,1.64,-0.31,2.25,2.49,5.46,1.86,3.12,,,,17.96,,
2012-02-29,0.08,0.3,0.87,1.98,3.08,1.68,-0.28,2.26,2.46,5.425,1.82,3.1,,,,18.43,,
2012-03-01,0.08,0.3,0.89,2.03,3.15,1.73,-0.23,2.26,2.47,5.425,1.84,3.1,228.478,96.74,8.2,17.26,,3.9
2012-03-02,0.07,0.28,0.84,1.99,3.11,1.71,-0.24,2.23,2.465,5.4075,1.84,3.09,,,,17.29,-0.417,
2012-03-05,0.08,0.31,0.87,2.0,3.13,1.69,-0.2,2.2,2.485,5.4425,1.86,3.11,,,,18.05,,
2012-03-06,0.08,0.3,0.83,1.96,3.08,1.66,-0.21,2.17,2.48,5.425,1.86,3.1,,,,20.87,,
2012-03-07,0.08,0.3,0.85,1.98,3.12,1.68,-0.22,2.2,2.495,5.4425,1.88,3.11,,,,19.07,,
2012-03-08,0.08,0.32,0.89,2.03,3.18,1.71,-0.21,2.24,2.495,5.4425,1.88,3.11,,,,17.95,,3.88
2012-03-09,0.09,0.33,0.9,2.04,3.19,1.71,-0.24,2.28,2.5,5.4425,1.89,3.11,,,,17.11,-0.425,
2012-03-12,0.09,0.33,0.92,2.04,3.17,1.71,-0.24,2.28,2.475,5.4075,1.86,3.09,,,,15.64,,
2012-03-13,0.08,0.35,0.99,2.14,3.26,1.79,-0.2,2.34,2.455,5.390000000000001,1.83,3.08,,,,14.8,,
2012-03-14,0.09,0.4,1.13,2.29,3.43,1.89,-0.07,2.36,2.46,5.3725,1.85,3.07,,,,15.31,,
2012-03-15,0.08,0.37,1.11,2.29,3.41,1.92,-0.08,2.37,2.445,5.3725,1.82,3.07,,,,15.42,,3.92
2012-03-16,0.09,0.37,1.13,2.31,3.41,1.94,-0.09,2.4,2.42,5.32,1.8,3.04,,,,14.47,-0.433,
2012-03-19,0.1,0.39,1.2,2.39,3.48,2.0,-0.03,2.42,2.41,5.302499999999999,1.79,3.03,,,,15.04,,
2012-03-20,0.1,0.41,1.22,2.38,3.46,1.97,-0.04,2.42,2.4,5.285,1.78,3.02,,,,15.58,,
2012-03-21,0.09,0.39,1.15,2.31,3.38,1.92,-0.08,2.39,2.375,5.25,1.75,3.0,,,,15.13,,
2012-03-22,0.08,0.37,1.13,2.29,3.37,1.92,-0.08,2.37,2.38,5.2675,1.75,3.01,,,,15.57,,4.08
2012-03-23,0.08,0.37,1.1,2.25,3.31,1.88,-0.11,2.36,2.375,5.2675,1.74,3.01,,,,14.82,-0.436,
2012-03-26,0.09,0.36,1.09,2.26,3.33,1.9,-0.08,2.34,2.38,5.2675,1.75,3.01,,,,14.26,,
2012-03-27,0.09,0.33,1.04,2.2,3.29,1.87,-0.13,2.33,2.41,5.32,1.78,3.04,,,,15.59,,
2012-03-28,0.09,0.34,1.05,2.21,3.31,1.87,-0.11,2.32,2.405,5.302499999999999,1.78,3.03,,,,15.47,,
2012-03-29,0.07,0.33,1.01,2.18,3.27,1.85,-0.13,2.31,2.405,5.302499999999999,1.78,3.03,,,,15.48,,3.99
2012-03-30,0.07,0.33,1.04,2.23,3.35,1.9,-0.09,2.32,2.44,5.3725,1.81,3.07,,,,15.5,-0.434,
2012-04-01,,,,,,,,,,,,,228.905,97.4359,8.2,,,
2012-04-02,0.08,0.33,1.03,2.22,3.35,1.89,-0.14,2.36,2.4450000000000003,5.390000000000001,1.81,3.08,,,,15.64,,
2012-04-03,0.08,0.36,1.1,2.3,3.41,1.94,-0.06,2.36,2.43,5.355,1.8,3.06,,,,15.66,,
2012-04-04,0.08,0.35,1.05,2.25,3.37,1.9,-0.05,2.3,2.45,5.390000000000001,1.82,3.08,,,,16.44,,
2012-04-05,0.08,0.35,1.01,2.19,3.32,1.84,-0.08,2.27,2.46,5.4075,1.83,3.09,,,,16.7,,3.98
2012-04-06,0.07,0.32,0.89,2.07,3.21,1.75,-0.16,2.23,2.5,5.4775,1.87,3.13,,,,,-0.427,
2012-04-09,0.09,0.32,0.9,2.06,3.18,1.74,-0.17,2.23,2.48,5.4425,1.85,3.11,,,,18.81,,
2012-04-10,0.09,0.28,0.85,2.01,3.13,1.73,-0.24,2.25,2.5,5.495,1.86,3.14,,,,20.39,,
2012-04-11,0.09,0.3,0.89,2.05,3.18,1.75,-0.25,2.3,2.545,5.53,1.93,3.16,,,,20.02,,
2012-04-12,0.09,0.29,0.9,2.08,3.22,1.79,-0.22,2.3,2.53,5.5125,1.91,3.15,,,,17.2,,3.88
2012-04-13,0.09,0.27,0.86,2.02,3.14,1.75,-0.25,2.27,2.53,5.5125,1.91,3.15,,,,19.55,-0.414,
2012-04-16,0.08,0.27,0.85,2.0,3.12,1.73,-0.26,2.26,2.52,5.495,1.9,3.14,,,,19.55,,
2012-04-17,0.08,0.27,0.88,2.03,3.15,1.76,-0.26,2.29,2.525,5.495,1.91,3.14,,,,18.46,,
2012-04-18,0.07,0.27,0.86,2.0,3.13,1.73,-0.26,2.26,2.53,5.5125,1.91,3.15,,,,18.64,,
2012-04-19,0.07,0.27,0.84,1.98,3.12,1.71,-0.21,2.19,2.55,5.5125,1.95,3.15,,,,18.36,,3.9
2012-04-20,0.08,0.29,0.86,1.99,3.12,1.7,-0.24,2.23,2.565,5.547499999999999,1.96,3.17,,,,17.44,-0.398,
2012-04-23,0.08,0.27,0.83,1.96,3.08,1.69,-0.26,2.22,2.56,5.53,1.96,3.16,,,,18.97,,
2012-04-24,0.09,0.27,0.86,2.0,3.12,1.73,-0.25,2.25,2.55,5.5125,1.95,3.15,,,,18.1,,
2012-04-25,0.09,0.26,0.86,2.01,3.15,1.75,-0.24,2.25,2.57,5.547499999999999,1.97,3.17,,,,16.82,,
2012-04-26,0.09,0.26,0.83,1.98,3.13,1.72,-0.29,2.27,2.59,5.5825,1.99,3.19,,,,16.24,,3.88
2012-04-27,0.09,0.26,0.82,1.96,3.12,1.7,-0.3,2.26,2.59,5.5825,1.99,3.19,,,,16.32,-0.377,
2012-04-30,0.1,0.27,0.82,1.95,3.12,1.68,-0.3,2.25,2.6,5.6000000000000005,2.0,3.2,,,,17.15,,
2012-05-01,0.09,0.27,0.84,1.98,3.16,1.71,-0.28,2.26,2.62,5.635000000000001,2.02,3.22,229.224,97.6609,8.2,16.6,,
2012-05-02,0.08,0.27,0.82,1.96,3.11,1.69,-0.28,2.24,2.59,5.5825,1.99,3.19,,,,16.88,,
2012-05-03,0.09,0.28,0.82,1.96,3.12,1.68,-0.27,2.23,2.585,5.565,1.99,3.18,,,,17.56,,3.84
2012-05-04,0.07,0.27,0.78,1.91,3.07,1.64,-0.3,2.21,2.5949999999999998,5.5825,2.0,3.19,,,,19.16,-0.351,
2012-05-07,0.1,0.27,0.79,1.92,3.07,1.65,-0.27,2.19,2.58,5.565,1.98,3.18,,,,18.94,,
2012-05-08,0.09,0.27,0.77,1.88,3.03,1.61,-0.28,2.16,2.585,5.5825,1.98,3.19,,,,19.05,,
2012-05-09,0.09,0.27,0.77,1.87,3.03,1.6,-0.27,2.14,2.6100000000000003,5.635000000000001,2.0,3.22,,,,20.08,,
2012-05-10,0.1,0.27,0.79,1.89,3.07,1.62,-0.25,2.14,2.605,5.6175,2.0,3.21,,,,18.83,,3.83
2012-05-11,0.1,0.27,0.75,1.84,3.02,1.57,-0.28,2.12,2.6100000000000003,5.635000000000001,2.0,3.22,,,,19.89,-0.32,
2012-05-14,0.1,0.29,0.73,1.78,2.95,1.49,-0.33,2.11,2.6100000000000003,5.635000000000001,2.0,3.22,,,,21.87,,
2012-05-15,0.09,0.29,0.74,1.76,2.91,1.47,-0.36,2.12,2.62,5.67,2.0,3.24,,,,21.97,,
2012-05-16,0.1,0.3,0.75,1.76,2.9,1.46,-0.33,2.09,2.61,5.6875,1.97,3.25,,,,22.27,,
2012-05-17,0.1,0.32,0.74,1.7,2.8,1.38,-0.35,2.05,2.58,5.6525,1.93,3.23,,,,24.49,,3.79
2012-05-18,0.08,0.32,0.75,1.71,2.8,1.39,-0.39,2.1,2.6399999999999997,5.7225,2.01,3.27,,,,25.1,-0.287,
2012-05-21,0.09,0.3,0.75,1.75,2.8,1.45,-0.41,2.16,2.615,5.6875,1.98,3.25,,,,22.01,,
2012-05-22,0.09,0.3,0.78,1.79,2.88,1.49,-0.38,2.17,2.6849999999999996,5.845,2.03,3.34,,,,22.48,,
2012-05-23,0.09,0.28,0.74,1.73,2.81,1.45,-0.41,2.14,2.6550000000000002,5.827500000000001,1.98,3.33,,,,22.33,,
2012-05-24,0.1,0.29,0.77,1.77,2.86,1.48,-0.37,2.14,2.675,5.88,1.99,3.36,,,,21.54,,3.78
2012-05-25,0.09,0.3,0.76,1.75,2.85,1.45,-0.38,2.13,2.69,5.8975,2.01,3.37,,,,21.76,-0.261,
2012-05-28,,,,,,,,,,,,,,,,,,
2012-05-29,0.09,0.3,0.76,1.74,2.85,1.44,-0.37,2.11,2.695,5.915,2.01,3.38,,,,21.03,,
2012-05-30,0.07,0.27,0.69,1.63,2.72,1.36,-0.45,2.08,2.7249999999999996,5.95,2.05,3.4,,,,24.14,,
2012-05-31,0.07,0.27,0.67,1.59,2.67,1.32,-0.5,2.09,2.7199999999999998,5.95,2.04,3.4,,,,24.06,,3.75
2012-06-01,0.07,0.25,0.62,1.47,2.53,1.22,-0.59,2.06,2.74,5.9675,2.07,3.41,229.623,97.6663,8.2,26.66,-0.242,
2012-06-04,0.08,0.25,0.68,1.53,2.56,1.28,-0.56,2.09,2.7249999999999996,5.95,2.05,3.4,,,,26.12,,
2012-06-05,0.08,0.25,0.68,1.57,2.63,1.32,-0.56,2.13,2.7249999999999996,5.95,2.05,3.4,,,,24.68,,
2012-06-06,0.09,0.26,0.73,1.66,2.73,1.4,-0.5,2.16,2.73,5.9675,2.05,3.41,,,,22.16,,
2012-06-07,0.09,0.27,0.72,1.66,2.75,1.39,-0.49,2.15,2.74,6.0025,2.05,3.43,,,,21.72,,3.67
2012-06-08,0.09,0.28,0.71,1.65,2.77,1.37,-0.5,2.15,2.75,6.02,2.06,3.44,,,,21.23,-0.235,
2012-06-11,0.09,0.27,0.69,1.6,2.71,1.33,-0.53,2.13,2.7649999999999997,6.055,2.07,3.46,,,,23.56,,
2012-06-12,0.1,0.3,0.75,1.67,2.77,1.37,-0.48,2.15,2.74,6.0025,2.05,3.43,,,,22.09,,
2012-06-13,0.1,0.3,0.71,1.61,2.7,1.31,-0.51,2.12,2.74,6.0025,2.05,3.43,,,,24.27,,
2012-06-14,0.11,0.3,0.73,1.64,2.73,1.34,-0.47,2.11,2.71,5.95,2.02,3.4,,,,21.68,,3.71
2012-06-15,0.09,0.29,0.68,1.6,2.7,1.31,-0.54,2.14,2.73,5.984999999999999,2.04,3.42,,,,21.11,-0.24,
2012-06-18,0.1,0.29,0.69,1.59,2.67,1.3,-0.54,2.13,2.73,5.984999999999999,2.04,3.42,,,,18.32,,
2012-06-19,0.09,0.3,0.71,1.64,2.73,1.34,-0.53,2.17,2.7199999999999998,5.9675,2.03,3.41,,,,18.38,,
2012-06-20,0.09,0.32,0.74,1.65,2.72,1.33,-0.51,2.16,2.685,5.915,1.99,3.38,,,,17.24,,
2012-06-21,0.09,0.32,0.73,1.63,2.68,1.31,-0.47,2.1,2.665,5.8625,1.98,3.35,,,,20.08,,3.66
2012-06-22,0.09,0.31,0.76,1.69,2.75,1.38,-0.42,2.11,2.67,5.88,1.98,3.36,,,,18.11,-0.255,
2012-06-25,0.1,0.31,0.72,1.63,2.69,1.32,-0.47,2.1,2.665,5.88,1.97,3.36,,,,20.38,,
2012-06-26,0.1,0.31,0.75,1.66,2.71,1.35,-0.45,2.11,2.635,5.845,1.93,3.34,,,,19.72,,
2012-06-27,0.09,0.31,0.73,1.65,2.7,1.34,-0.45,2.1,2.645,5.8625,1.94,3.35,,,,19.45,,
2012-06-28,0.09,0.31,0.69,1.6,2.67,1.29,-0.48,2.08,2.665,5.8975,1.96,3.37,,,,19.71,,3.66
2012-06-29,0.09,0.33,0.72,1.67,2.76,1.34,-0.46,2.13,2.69,5.9325,1.99,3.39,,,,17.08,-0.275,
2012-07-01,,,,,,,,,,,,,229.97,97.8713,8.2,,,
2012-07-02,0.1,0.3,0.67,1.61,2.69,1.31,-0.5,2.11,2.685,5.95,1.97,3.4,,,,16.8,,
2012-07-03,0.09,0.3,0.69,1.65,2.74,1.35,-0.48,2.13,2.6950000000000003,5.9675,1.98,3.41,,,,16.66,,
2012-07-04,,,,,,,,,,,,,,,,,,
2012-07-05,0.08,0.28,0.68,1.62,2.72,1.34,-0.51,2.13,2.71,6.0025,1.99,3.43,,,,17.5,,3.62
2012-07-06,0.08,0.27,0.64,1.57,2.66,1.3,-0.53,2.1,2.7,5.9675,1.99,3.41,,,,17.1,-0.298,
2012-07-09,0.09,0.27,0.63,1.53,2.62,1.26,-0.57,2.1,2.675,5.9675,1.94,3.41,,,,17.98,,
2012-07-10,0.09,0.27,0.63,1.53,2.6,1.26,-0.59,2.12,2.65,5.9325,1.91,3.39,,,,18.72,,
2012-07-11,0.1,0.27,0.64,1.54,2.6,1.27,-0.57,2.11,2.63,5.88,1.9,3.36,,,,17.95,,
2012-07-12,0.1,0.25,0.63,1.5,2.57,1.25,-0.58,2.08,2.64,5.8975,1.91,3.37,,,,18.33,,3.56
2012-07-13,0.1,0.25,0.63,1.52,2.58,1.27,-0.59,2.11,2.64,5.8975,1.91,3.37,,,,16.74,-0.321,
2012-07-16,0.1,0.24,0.6,1.5,2.56,1.26,-0.61,2.11,2.62,5.8625,1.89,3.35,,,,17.11,,
2012-07-17,0.1,0.25,0.62,1.53,2.59,1.28,-0.59,2.12,2.62,5.8625,1.89,3.35,,,,16.48,,
2012-07-18,0.09,0.22,0.6,1.52,2.59,1.3,-0.6,2.12,2.58,5.827500000000001,1.83,3.33,,,,16.16,,
2012-07-19,0.09,0.22,0.62,1.54,2.61,1.32,-0.62,2.16,2.585,5.845,1.83,3.34,,,,15.45,,3.53
2012-07-20,0.09,0.22,0.59,1.49,2.55,1.27,-0.67,2.16,2.56,5.7925,1.81,3.31,,,,16.27,-0.345,
2012-07-23,0.1,0.22,0.57,1.47,2.52,1.25,-0.68,2.15,2.555,5.7925,1.8,3.31,,,,18.62,,
2012-07-24,0.1,0.22,0.57,1.44,2.47,1.22,-0.68,2.12,2.54,5.7575,1.79,3.29,,,,20.47,,
2012-07-25,0.1,0.22,0.56,1.43,2.46,1.21,-0.67,2.1,2.545,5.7749999999999995,1.79,3.3,,,,19.34,,
2012-07-26,0.11,0.23,0.58,1.45,2.49,1.22,-0.66,2.11,2.55,5.7749999999999995,1.8,3.3,,,,17.53,,3.49
2012-07-27,0.11,0.25,0.65,1.58,2.63,1.33,-0.61,2.19,2.5300000000000002,5.7575,1.77,3.29,,,,16.7,-0.367,
2012-07-30,0.11,0.23,0.61,1.53,2.58,1.3,-0.64,2.17,2.51,5.705,1.76,3.26,,,,18.03,,
2012-07-31,0.11,0.23,0.6,1.51,2.56,1.28,-0.69,2.2,2.525,5.7225,1.78,3.27,,,,18.93,,
2012-08-01,0.1,0.24,0.63,1.56,2.6,1.32,-0.67,2.23,2.51,5.705,1.76,3.26,230.233,97.4525,8.1,18.96,,
2012-08-02,0.09,0.24,0.61,1.51,2.55,1.27,-0.69,2.2,2.505,5.67,1.77,3.24,,,,17.57,,3.55
2012-08-03,0.09,0.24,0.67,1.6,2.65,1.36,-0.66,2.26,2.525,5.705,1.79,3.26,,,,15.64,-0.388,
2012-08-06,0.1,0.24,0.65,1.59,2.65,1.35,-0.68,2.27,2.515,5.67,1.79,3.24,,,,15.95,,
2012-08-07,0.11,0.27,0.71,1.66,2.72,1.39,-0.65,2.31,2.515,5.67,1.79,3.24,,,,15.99,,
2012-08-08,0.11,0.29,0.73,1.68,2.75,1.39,-0.61,2.29,2.51,5.6525,1.79,3.23,,,,15.32,,
2012-08-09,0.11,0.29,0.74,1.69,2.78,1.4,-0.58,2.27,2.51,5.6525,1.79,3.23,,,,15.28,,3.59
2012-08-10,0.1,0.27,0.71,1.65,2.74,1.38,-0.6,2.25,2.515,5.6525,1.8,3.23,,,,14.74,-0.407,
2012-08-13,0.11,0.27,0.71,1.65,2.74,1.38,-0.58,2.23,2.5250000000000004,5.67,1.81,3.24,,,,13.7,,
2012-08-14,0.11,0.27,0.75,1.73,2.82,1.46,-0.53,2.26,2.535,5.6875,1.82,3.25,,,,14.85,,
2012-08-15,0.09,0.27,0.8,1.8,2.9,1.53,-0.45,2.25,2.555,5.7225,1.84,3.27,,,,14.63,,
2012-08-16,0.09,0.29,0.83,1.83,2.96,1.54,-0.42,2.25,2.55,5.705,1.84,3.26,,,,14.29,,3.62
2012-08-17,0.09,0.29,0.81,1.81,2.93,1.52,-0.43,2.24,2.545,5.6875,1.84,3.25,,,,13.45,-0.425,
2012-08-20,0.11,0.29,0.8,1.82,2.93,1.53,-0.43,2.25,2.52,5.6525,1.81,3.23,,,,14.02,,
2012-08-21,0.11,0.31,0.8,1.8,2.9,1.49,-0.45,2.25,2.52,5.6525,1.81,3.23,,,,15.02,,
2012-08-22,0.11,0.26,0.71,1.71,2.82,1.45,-0.55,2.26,2.5100000000000002,5.635000000000001,1.8,3.22,,,,15.11,,
2012-08-23,0.11,0.26,0.71,1.68,2.79,1.42,-0.62,2.3,2.495,5.6000000000000005,1.79,3.2,,,,15.96,,3.66
2012-08-24,0.1,0.28,0.72,1.68,2.79,1.4,-0.6,2.28,2.505,5.6175,1.8,3.21,,,,15.18,-0.443,
2012-08-27,0.11,0.28,0.7,1.65,2.76,1.37,-0.64,2.29,2.485,5.5825,1.78,3.19,,,,16.35,,
2012-08-28,0.1,0.27,0.69,1.64,2.75,1.37,-0.68,2.32,2.48,5.5825,1.77,3.19,,,,16.49,,
2012-08-29,0.12,0.27,0.69,1.66,2.77,1.39,-0.64,2.3,2.4699999999999998,5.5825,1.75,3.19,,,,17.06,,
2012-08-30,0.1,0.27,0.66,1.63,2.75,1.36,-0.63,2.26,2.5,5.6000000000000005,1.8,3.2,,,,17.83,,3.59
2012-08-31,0.09,0.22,0.59,1.57,2.68,1.35,-0.68,2.25,2.5,5.6175,1.79,3.21,,,,17.47,-0.461,
2012-09-01,,,,,,,,,,,,,230.659,97.381,7.8,,,
2012-09-03,,,,,,,,,,,,,,,,,,
2012-09-04,0.1,0.23,0.62,1.59,2.69,1.36,-0.68,2.27,2.49,5.565,1.8,3.18,,,,17.98,,
2012-09-05,0.11,0.25,0.62,1.6,2.7,1.35,-0.69,2.29,2.49,5.565,1.8,3.18,,,,17.74,,
2012-09-06,0.11,0.27,0.68,1.68,2.8,1.41,-0.63,2.31,2.485,5.5825,1.78,3.19,,,,15.6,,3.55
2012-09-07,0.11,0.25,0.64,1.67,2.81,1.42,-0.68,2.35,2.5,5.6000000000000005,1.8,3.2,,,,14.38,-0.479,
2012-09-10,0.1,0.25,0.66,1.68,2.83,1.43,-0.68,2.36,2.5,5.6000000000000005,1.8,3.2,,,,16.28,,
2012-09-11,0.1,0.25,0.67,1.7,2.84,1.45,-0.68,2.38,2.475,5.565,1.77,3.18,,,,16.41,,
2012-09-12,0.1,0.25,0.7,1.77,2.92,1.52,-0.61,2.38,2.4850000000000003,5.565,1.79,3.18,,,,15.8,,
2012-09-13,0.1,0.24,0.65,1.75,2.95,1.51,-0.72,2.47,2.525,5.6175,1.84,3.21,,,,14.05,,3.55
2012-09-14,0.11,0.27,0.72,1.88,3.09,1.61,-0.76,2.64,2.4699999999999998,5.5125,1.79,3.15,,,,14.51,-0.499,
2012-09-17,0.11,0.25,0.73,1.85,3.03,1.6,-0.74,2.59,2.44,5.46,1.76,3.12,,,,14.59,,
2012-09-18,0.1,0.25,0.71,1.82,3.0,1.57,-0.73,2.55,2.4299999999999997,5.4075,1.77,3.09,,,,14.18,,
2012-09-19,0.11,0.27,0.7,1.79,2.97,1.52,-0.75,2.54,2.415,5.3725,1.76,3.07,,,,13.88,,
2012-09-20,0.11,0.27,0.7,1.8,2.96,1.53,-0.7,2.5,2.37,5.32,1.7,3.04,,,,14.07,,3.49
2012-09-21,0.11,0.27,0.68,1.77,2.95,1.5,-0.71,2.48,2.395,5.355,1.73,3.06,,,,13.98,-0.515,
2012-09-24,0.11,0.27,0.68,1.74,2.91,1.47,-0.73,2.47,2.365,5.285,1.71,3.02,,,,14.15,,
2012-09-25,0.11,0.27,0.66,1.7,2.86,1.43,-0.74,2.44,2.37,5.302499999999999,1.71,3.03,,,,15.43,,
2012-09-26,0.11,0.26,0.63,1.64,2.79,1.38,-0.77,2.41,2.36,5.302499999999999,1.69,3.03,,,,16.81,,
2012-09-27,0.09,0.25,0.64,1.66,2.83,1.41,-0.78,2.44,2.38,5.3374999999999995,1.71,3.05,,,,14.84,,3.4
2012-09-28,0.1,0.23,0.62,1.65,2.82,1.42,-0.77,2.42,2.42,5.3725,1.77,3.07,,,,15.73,-0.528,
2012-10-01,0.09,0.25,0.62,1.64,2.81,1.39,-0.78,2.42,2.415,5.355,1.77,3.06,231.024,97.7193,7.8,16.32,,
2012-10-02,0.09,0.23,0.61,1.64,2.81,1.41,-0.83,2.47,2.395,5.32,1.75,3.04,,,,15.71,,
2012-10-03,0.09,0.23,0.61,1.64,2.82,1.41,-0.83,2.47,2.4,5.302499999999999,1.77,3.03,,,,15.43,,
2012-10-04,0.1,0.23,0.63,1.7,2.89,1.47,-0.86,2.56,2.38,5.2325,1.77,2.99,,,,14.55,,3.36
2012-10-05,0.11,0.27,0.67,1.75,2.96,1.48,-0.82,2.57,2.375,5.215,1.77,2.98,,,,14.33,-0.539,
2012-10-08,,,,,,,,,,,,,,,,15.11,,
2012-10-09,0.1,0.25,0.67,1.74,2.93,1.49,-0.81,2.55,2.34,5.1275,1.75,2.93,,,,16.37,,
2012-10-10,0.1,0.27,0.66,1.72,2.89,1.45,-0.8,2.52,2.31,5.075,1.72,2.9,,,,16.29,,
2012-10-11,0.1,0.28,0.67,1.7,2.86,1.42,-0.77,2.47,2.295,5.0225,1.72,2.87,,,,15.59,,3.39
2012-10-12,0.11,0.27,0.67,1.69,2.83,1.42,-0.78,2.47,2.2800000000000002,4.9875,1.71,2.85,,,,16.14,-0.546,
2012-10-15,0.11,0.27,0.67,1.7,2.85,1.43,-0.78,2.48,2.27,4.952500000000001,1.71,2.83,,,,15.27,,
2012-10-16,0.09,0.27,0.7,1.75,2.91,1.48,-0.71,2.46,2.2649999999999997,4.8999999999999995,1.73,2.8,,,,15.22,,
2012-10-17,0.11,0.3,0.78,1.83,2.98,1.53,-0.65,2.48,2.25,4.8475,1.73,2.77,,,,15.07,,
2012-10-18,0.1,0.29,0.79,1.86,3.02,1.57,-0.66,2.52,2.21,4.760000000000001,1.7,2.72,,,,15.03,,3.37
2012-10-19,0.1,0.3,0.77,1.79,2.94,1.49,-0.71,2.5,2.205,4.7425,1.7,2.71,,,,17.06,-0.55,
2012-10-22,0.1,0.32,0.79,1.83,2.95,1.51,-0.7,2.53,2.175,4.69,1.67,2.68,,,,16.62,,
2012-10-23,0.11,0.29,0.77,1.79,2.91,1.5,-0.71,2.5,2.205,4.7775,1.68,2.73,,,,18.83,,
2012-10-24,0.11,0.29,0.76,1.8,2.93,1.51,-0.69,2.49,2.215,4.795,1.69,2.74,,,,18.33,,
2012-10-25,0.11,0.31,0.82,1.86,2.98,1.55,-0.63,2.49,2.205,4.7775,1.68,2.73,,,,18.12,,3.41
2012-10-26,0.12,0.3,0.76,1.78,2.92,1.48,-0.69,2.47,2.23,4.83,1.7,2.76,,,,17.81,-0.55,
2012-10-29,0.14,0.3,0.74,1.74,2.87,1.44,-0.73,2.47,2.225,4.8125,1.7,2.75,,,,,,
2012-10-30,,,,,,,,,,,,,,,,,,
2012-10-31,0.11,0.3,0.72,1.72,2.85,1.42,-0.78,2.5,2.205,4.7775,1.68,2.73,,,,18.6,,
2012-11-01,0.09,0.3,0.73,1.75,2.89,1.45,-0.77,2.52,2.225,4.8125,1.7,2.75,231.33,98.0777,7.7,16.69,,3.39
2012-11-02,0.09,0.28,0.73,1.75,2.91,1.47,-0.73,2.48,2.245,4.8475,1.72,2.77,,,,17.59,-0.548,
2012-11-05,0.11,0.28,0.7,1.72,2.88,1.44,-0.75,2.47,2.22,4.795,1.7,2.74,,,,18.42,,
2012-11-06,0.1,0.3,0.75,1.78,2.92,1.48,-0.72,2.5,2.22,4.795,1.7,2.74,,,,17.58,,
2012-11-07,0.1,0.27,0.67,1.68,2.83,1.41,-0.8,2.48,2.25,4.864999999999999,1.72,2.78,,,,19.08,,
2012-11-08,0.1,0.27,0.65,1.62,2.77,1.35,-0.85,2.47,2.3,4.8999999999999995,1.8,2.8,,,,18.49,,3.4
2012-11-09,0.09,0.27,0.65,1.61,2.75,1.34,-0.83,2.44,2.3049999999999997,4.935,1.79,2.82,,,,18.61,-0.547,
2012-11-12,,,,,,,,,,,,,,,,16.68,,
2012-11-13,0.11,0.27,0.63,1.59,2.72,1.32,-0.84,2.43,2.335,4.9875,1.82,2.85,,,,16.65,,
2012-11-14,0.1,0.25,0.63,1.59,2.73,1.34,-0.81,2.4,2.3600000000000003,5.0225,1.85,2.87,,,,17.92,,
2012-11-15,0.08,0.24,0.62,1.58,2.72,1.34,-0.8,2.38,2.405,5.075,1.91,2.9,,,,17.99,,3.34
2012-11-16,0.06,0.24,0.62,1.58,2.73,1.34,-0.81,2.39,2.405,5.075,1.91,2.9,,,,16.41,-0.546,
2012-11-19,0.09,0.25,0.64,1.61,2.76,1.36,-0.78,2.39,2.415,5.0925,1.92,2.91,,,,15.24,,
2012-11-20,0.08,0.27,0.67,1.66,2.82,1.39,-0.74,2.4,2.405,5.075,1.91,2.9,,,,15.08,,
2012-11-21,0.1,0.27,0.69,1.69,2.83,1.42,-0.71,2.4,2.4,5.0575,1.91,2.89,,,,15.31,,3.31
2012-11-22,,,,,,,,,,,,,,,,,,
2012-11-23,0.1,0.29,0.7,1.7,2.83,1.41,-0.72,2.42,2.395,5.0575,1.9,2.89,,,,15.14,-0.55,
2012-11-26,0.1,0.27,0.68,1.66,2.8,1.39,-0.73,2.39,2.405,5.075,1.91,2.9,,,,15.5,,
2012-11-27,0.1,0.27,0.66,1.64,2.79,1.37,-0.74,2.38,2.415,5.0925,1.92,2.91,,,,15.92,,
2012-11-28,0.1,0.27,0.64,1.63,2.79,1.36,-0.75,2.38,2.41,5.0925,1.91,2.91,,,,15.51,,
2012-11-29,0.09,0.25,0.63,1.62,2.79,1.37,-0.78,2.4,2.4450000000000003,5.1625000000000005,1.94,2.95,,,,15.06,,3.32
2012-11-30,0.08,0.25,0.61,1.62,2.81,1.37,-0.79,2.41,2.455,5.1625000000000005,1.96,2.95,,,,15.87,-0.555,
2012-12-01,,,,,,,,,,,,,231.725,98.3101,7.9,,,
2012-12-03,0.1,0.25,0.63,1.63,2.8,1.38,-0.81,2.44,2.455,5.1625000000000005,1.96,2.95,,,,16.64,,
2012-12-04,0.1,0.25,0.63,1.62,2.78,1.37,-0.83,2.45,2.44,5.145,1.94,2.94,,,,17.12,,
2012-12-05,0.1,0.25,0.61,1.6,2.78,1.35,-0.85,2.45,2.465,5.197500000000001,1.96,2.97,,,,16.46,,
2012-12-06,0.1,0.25,0.6,1.59,2.76,1.34,-0.87,2.46,2.46,5.18,1.96,2.96,,,,16.58,,3.34
2012-12-07,0.09,0.25,0.63,1.64,2.81,1.39,-0.86,2.5,2.46,5.18,1.96,2.96,,,,15.9,-0.564,
2012-12-10,0.09,0.24,0.62,1.63,2.8,1.39,-0.87,2.5,2.455,5.1625000000000005,1.96,2.95,,,,16.05,,
2012-12-11,0.08,0.24,0.64,1.66,2.83,1.42,-0.84,2.5,2.455,5.1625000000000005,1.96,2.95,,,,15.57,,
2012-12-12,0.07,0.25,0.66,1.72,2.9,1.47,-0.79,2.51,2.45,5.145,1.96,2.94,,,,15.95,,
2012-12-13,0.06,0.27,0.7,1.74,2.9,1.47,-0.73,2.47,2.435,5.109999999999999,1.95,2.92,,,,16.56,,3.32
2012-12-14,0.04,0.24,0.7,1.72,2.87,1.48,-0.74,2.46,2.42,5.075,1.94,2.9,,,,17.0,-0.575,
2012-12-17,0.05,0.25,0.74,1.78,2.94,1.53,-0.7,2.48,2.415,5.075,1.93,2.9,,,,16.34,,
2012-12-18,0.06,0.28,0.78,1.84,3.0,1.56,-0.67,2.51,2.44,5.109999999999999,1.96,2.92,,,,15.57,,
2012-12-19,0.05,0.28,0.77,1.82,2.99,1.54,-0.66,2.48,2.4050000000000002,5.0575,1.92,2.89,,,,17.36,,
2012-12-20,0.06,0.28,0.77,1.81,2.98,1.53,-0.69,2.5,2.4050000000000002,5.0575,1.92,2.89,,,,17.67,,3.37
2012-12-21,0.06,0.26,0.75,1.77,2.93,1.51,-0.71,2.48,2.375,5.005,1.89,2.86,,,,17.84,-0.587,
2012-12-24,0.06,0.26,0.77,1.79,2.94,1.53,-0.69,2.48,2.375,5.005,1.89,2.86,,,,17.84,,
2012-12-25,,,,,,,,,,,,,,,,,,
2012-12-26,0.09,0.26,0.76,1.77,2.94,1.51,-0.71,2.48,2.39,5.0225,1.91,2.87,,,,19.48,,
2012-12-27,0.08,0.26,0.72,1.74,2.89,1.48,-0.73,2.47,2.36,4.97,1.88,2.84,,,,19.47,,3.35
2012-12-28,0.01,0.27,0.72,1.73,2.88,1.46,-0.73,2.46,2.37,4.9875,1.89,2.85,,,,22.72,-0.599,
2012-12-31,0.05,0.25,0.72,1.78,2.95,1.53,-0.67,2.45,2.37,4.9875,1.89,2.85,,,,18.02,,
2013-01-01,,,,,,,,,,,,,232.229,98.3342,8.0,,,
2013-01-02,0.08,0.27,0.76,1.86,3.04,1.59,-0.62,2.48,2.38,4.9875,1.91,2.85,,,,14.68,,
2013-01-03,0.08,0.27,0.81,1.92,3.12,1.65,-0.54,2.46,2.3649999999999998,4.97,1.89,2.84,,,,14.56,,3.34
2013-01-04,0.07,0.27,0.82,1.93,3.1,1.66,-0.55,2.48,2.3449999999999998,4.9175,1.88,2.81,,,,13.83,-0.614,
2013-01-07,0.07,0.27,0.82,1.92,3.1,1.65,-0.6,2.52,2.34,4.8999999999999995,1.88,2.8,,,,13.79,,
2013-01-08,0.07,0.25,0.79,1.89,3.06,1.64,-0.6,2.49,2.3449999999999998,4.9175,1.88,2.81,,,,13.62,,
2013-01-09,0.06,0.24,0.77,1.88,3.06,1.64,-0.64,2.52,2.34,4.9175,1.87,2.81,,,,13.81,,
2013-01-10,0.06,0.26,0.8,1.91,3.08,1.65,-0.62,2.53,2.335,4.8999999999999995,1.87,2.8,,,,13.49,,3.4
2013-01-11,0.07,0.26,0.78,1.89,3.05,1.63,-0.63,2.52,2.34,4.8999999999999995,1.88,2.8,,,,13.36,-0.627,
2013-01-14,0.08,0.26,0.78,1.89,3.05,1.63,-0.66,2.55,2.335,4.8999999999999995,1.87,2.8,,,,13.52,,
2013-01-15,0.09,0.26,0.75,1.86,3.02,1.6,-0.66,2.52,2.3449999999999998,4.9175,1.88,2.81,,,,13.55,,
2013-01-16,0.08,0.26,0.75,1.84,3.01,1.58,-0.65,2.49,2.37,4.97,1.9,2.84,,,,13.42,,
2013-01-17,0.07,0.28,0.79,1.89,3.06,1.61,-0.64,2.53,2.37,4.97,1.9,2.84,,,,13.57,,3.38
2013-01-18,0.08,0.26,0.77,1.87,3.03,1.61,-0.66,2.53,2.3499999999999996,4.935,1.88,2.82,,,,12.46,-0.636,
2013-01-21,,,,,,,,,,,,,,,,,,
2013-01-22,0.08,0.26,0.76,1.86,3.02,1.6,-0.68,2.54,2.3499999999999996,4.935,1.88,2.82,,,,12.43,,
2013-01-23,0.08,0.26,0.76,1.86,3.02,1.6,-0.66,2.52,2.36,4.952500000000001,1.89,2.83,,,,12.46,,
2013-01-24,0.08,0.23,0.78,1.88,3.04,1.65,-0.62,2.5,2.3499999999999996,4.935,1.88,2.82,,,,12.69,,3.42
2013-01-25,0.08,0.28,0.87,1.98,3.14,1.7,-0.56,2.54,2.3449999999999998,4.935,1.87,2.82,,,,12.89,-0.643,
2013-01-28,0.07,0.29,0.89,2.0,3.15,1.71,-0.55,2.55,2.3449999999999998,4.935,1.87,2.82,,,,13.57,,
2013-01-29,0.07,0.3,0.9,2.03,3.18,1.73,-0.53,2.56,2.3449999999999998,4.9175,1.88,2.81,,,,13.31,,
2013-01-30,0.07,0.27,0.88,2.03,3.19,1.76,-0.54,2.57,2.37,4.97,1.9,2.84,,,,14.32,,
2013-01-31,0.07,0.27,0.88,2.02,3.17,1.75,-0.57,2.59,2.3499999999999996,4.935,1.88,2.82,,,,14.28,,3.53
2013-02-01,0.06,0.27,0.88,2.04,3.21,1.77,-0.55,2.59,2.3649999999999998,4.97,1.89,2.84,232.569,98.7941,7.7,12.9,-0.646,
2013-02-04,0.07,0.25,0.85,2.0,3.17,1.75,-0.59,2.59,2.375,4.9875,1.9,2.85,,,,14.67,,
2013-02-05,0.07,0.27,0.88,2.04,3.21,1.77,-0.55,2.59,2.375,4.9875,1.9,2.85,,,,13.72,,
2013-02-06,0.07,0.27,0.84,2.0,3.18,1.73,-0.58,2.58,2.38,5.005,1.9,2.86,,,,13.41,,
2013-02-07,0.07,0.25,0.83,1.99,3.17,1.74,-0.58,2.57,2.37,4.9875,1.89,2.85,,,,13.5,,3.53
2013-02-08,0.07,0.25,0.84,1.99,3.17,1.74,-0.57,2.56,2.38,5.005,1.9,2.86,,,,13.02,-0.648,
2013-02-11,0.09,0.27,0.85,1.99,3.16,1.72,-0.58,2.57,2.36,4.97,1.88,2.84,,,,12.94,,
2013-02-12,0.09,0.29,0.88,2.02,3.19,1.73,-0.57,2.59,2.37,4.9875,1.89,2.85,,,,12.64,,
2013-02-13,0.1,0.29,0.92,2.05,3.23,1.76,-0.54,2.59,2.3649999999999998,4.97,1.89,2.84,,,,12.98,,
2013-02-14,0.11,0.27,0.86,2.0,3.17,1.73,-0.56,2.56,2.375,4.9875,1.9,2.85,,,,12.66,,3.53
2013-02-15,0.1,0.29,0.87,2.01,3.18,1.72,-0.53,2.54,2.375,4.9875,1.9,2.85,,,,12.46,-0.649,
2013-02-18,,,,,,,,,,,,,,,,,,
2013-02-19,0.12,0.29,0.89,2.03,3.21,1.74,-0.52,2.55,2.3899999999999997,5.005,1.92,2.86,,,,12.31,,
2013-02-20,0.12,0.27,0.88,2.02,3.2,1.75,-0.52,2.54,2.4050000000000002,5.0225,1.94,2.87,,,,14.68,,
2013-02-21,0.13,0.26,0.86,1.99,3.17,1.73,-0.54,2.53,2.395,5.0225,1.92,2.87,,,,15.22,,3.56
2013-02-22,0.13,0.27,0.84,1.97,3.15,1.7,-0.57,2.54,2.4,5.0225,1.93,2.87,,,,14.17,-0.65,
2013-02-25,0.12,0.25,0.78,1.88,3.08,1.63,-0.62,2.5,2.425,5.0575,1.96,2.89,,,,18.99,,
2013-02-26,0.14,0.25,0.78,1.88,3.08,1.63,-0.62,2.5,2.42,5.075,1.94,2.9,,,,16.87,,
2013-02-27,0.11,0.27,0.78,1.91,3.11,1.64,-0.61,2.52,2.42,5.075,1.94,2.9,,,,14.73,,
2013-02-28,0.11,0.25,0.77,1.89,3.1,1.64,-0.64,2.53,2.42,5.0575,1.95,2.89,,,,15.51,,3.51
2013-03-01,0.11,0.25,0.75,1.86,3.06,1.61,-0.67,2.53,2.435,5.075,1.97,2.9,232.794,99.1921,7.5,15.36,-0.65,
2013-03-04,0.11,0.24,0.76,1.88,3.08,1.64,-0.65,2.53,2.435,5.075,1.97,2.9,,,,14.01,,
2013-03-05,0.08,0.25,0.77,1.9,3.1,1.65,-0.65,2.55,2.435,5.075,1.97,2.9,,,,13.48,,
2013-03-06,0.1,0.25,0.81,1.95,3.15,1.7,-0.61,2.56,2.425,5.0575,1.96,2.89,,,,13.53,,
2013-03-07,0.1,0.25,0.85,2.0,3.2,1.75,-0.56,2.56,2.425,5.0575,1.96,2.89,,,,13.06,,3.52
2013-03-08,0.1,0.27,0.9,2.06,3.25,1.79,-0.5,2.56,2.42,5.04,1.96,2.88,,,,12.59,-0.652,
2013-03-11,0.1,0.27,0.9,2.07,3.26,1.8,-0.5,2.57,2.41,5.0225,1.95,2.87,,,,11.56,,
2013-03-12,0.1,0.27,0.88,2.03,3.22,1.76,-0.52,2.55,2.41,5.0225,1.95,2.87,,,,12.27,,
2013-03-13,0.09,0.27,0.89,2.04,3.22,1.77,-0.52,2.56,2.395,4.9875,1.94,2.85,,,,11.83,,
2013-03-14,0.1,0.27,0.88,2.04,3.25,1.77,-0.53,2.57,2.425,5.04,1.97,2.88,,,,11.3,,3.63
2013-03-15,0.09,0.25,0.84,2.01,3.22,1.76,-0.55,2.56,2.435,5.0575,1.98,2.89,,,,11.3,-0.655,
2013-03-18,0.07,0.26,0.81,1.96,3.18,1.7,-0.6,2.56,2.45,5.0925,1.99,2.91,,,,13.36,,
2013-03-19,0.07,0.24,0.79,1.92,3.13,1.68,-0.61,2.53,2.44,5.075,1.98,2.9,,,,14.39,,
2013-03-20,0.07,0.26,0.81,1.96,3.19,1.7,-0.57,2.53,2.44,5.075,1.98,2.9,,,,12.67,,
2013-03-21,0.07,0.27,0.81,1.95,3.15,1.68,-0.57,2.52,2.44,5.075,1.98,2.9,,,,13.99,,3.54
2013-03-22,0.07,0.26,0.8,1.93,3.13,1.67,-0.6,2.53,2.44,5.075,1.98,2.9,,,,13.57,-0.658,
2013-03-25,0.08,0.24,0.8,1.93,3.14,1.69,-0.6,2.53,2.45,5.0925,1.99,2.91,,,,13.74,,
2013-03-26,0.07,0.25,0.79,1.92,3.13,1.67,-0.61,2.53,2.45,5.0925,1.99,2.91,,,,12.77,,
2013-03-27,0.09,0.25,0.76,1.87,3.09,1.62,-0.64,2.51,2.465,5.1275,2.0,2.93,,,,13.15,,
2013-03-28,0.07,0.25,0.77,1.87,3.1,1.62,-0.64,2.51,2.495,5.18,2.03,2.96,,,,12.7,,3.57
2013-03-29,,,,,,,,,,,,,,,,,-0.663,
2013-04-01,0.08,0.23,0.76,1.86,3.08,1.63,-0.65,2.51,2.4699999999999998,5.0925,2.03,2.91,232.832,99.1065,7.6,13.58,,
2013-04-02,0.07,0.25,0.78,1.88,3.1,1.63,-0.63,2.51,2.465,5.0925,2.02,2.91,,,,12.78,,
2013-04-03,0.06,0.24,0.73,1.83,3.05,1.59,-0.65,2.48,2.4699999999999998,5.0925,2.03,2.91,,,,14.21,,
2013-04-04,0.07,0.22,0.69,1.78,2.99,1.56,-0.7,2.48,2.445,5.04,2.01,2.88,,,,13.89,,3.54
2013-04-05,0.07,0.24,0.68,1.72,2.87,1.48,-0.74,2.46,2.3899999999999997,4.935,1.96,2.82,,,,13.92,-0.67,
2013-04-08,0.07,0.24,0.71,1.76,2.91,1.52,-0.69,2.45,2.3899999999999997,4.935,1.96,2.82,,,,13.19,,
2013-04-09,0.06,0.24,0.7,1.78,2.94,1.54,-0.67,2.45,2.3899999999999997,4.935,1.96,2.82,,,,12.84,,
2013-04-10,0.07,0.24,0.74,1.84,3.01,1.6,-0.6,2.44,2.39,4.952500000000001,1.95,2.83,,,,12.36,,
2013-04-11,0.07,0.24,0.74,1.82,3.01,1.58,-0.65,2.47,2.4,4.97,1.96,2.84,,,,12.24,,3.43
2013-04-12,0.06,0.22,0.7,1.75,2.92,1.53,-0.68,2.43,2.385,4.935,1.95,2.82,,,,12.06,-0.681,
2013-04-15,0.06,0.22,0.69,1.72,2.88,1.5,-0.69,2.41,2.385,4.935,1.95,2.82,,,,17.27,,
2013-04-16,0.06,0.24,0.71,1.75,2.91,1.51,-0.65,2.4,2.38,4.9175,1.95,2.81,,,,13.96,,
2013-04-17,0.06,0.24,0.71,1.73,2.89,1.49,-0.64,2.37,2.38,4.9175,1.95,2.81,,,,16.51,,
2013-04-18,0.05,0.24,0.71,1.72,2.87,1.48,-0.55,2.27,2.3649999999999998,4.8999999999999995,1.93,2.8,,,,17.56,,3.41
2013-04-19,0.05,0.24,0.72,1.73,2.88,1.49,-0.59,2.32,2.39,4.9175,1.97,2.81,,,,14.97,-0.691,
2013-04-22,0.05,0.24,0.7,1.72,2.88,1.48,-0.63,2.35,2.4,4.935,1.98,2.82,,,,14.39,,
2013-04-23,0.05,0.23,0.71,1.74,2.9,1.51,-0.64,2.38,2.38,4.8999999999999995,1.96,2.8,,,,13.48,,
2013-04-24,0.06,0.23,0.7,1.73,2.89,1.5,-0.65,2.38,2.385,4.8999999999999995,1.97,2.8,,,,13.61,,
2013-04-25,0.05,0.23,0.71,1.74,2.91,1.51,-0.66,2.4,2.395,4.9175,1.98,2.81,,,,13.62,,3.4
2013-04-26,0.05,0.22,0.68,1.7,2.87,1.48,-0.68,2.38,2.39,4.9175,1.97,2.81,,,,13.61,-0.703,
2013-04-29,0.05,0.2,0.68,1.7,2.88,1.5,-0.67,2.37,2.405,4.935,1.99,2.82,,,,13.71,,
2013-04-30,0.05,0.22,0.68,1.7,2.88,1.48,-0.64,2.34,2.415,4.952500000000001,2.0,2.83,,,,13.52,,
2013-05-01,0.06,0.2,0.65,1.66,2.83,1.46,-0.64,2.3,2.405,4.935,1.99,2.82,232.996,99.1839,7.5,14.49,,
2013-05-02,0.05,0.2,0.65,1.66,2.82,1.46,-0.62,2.28,2.395,4.9175,1.98,2.81,,,,13.59,,3.35
2013-05-03,0.05,0.22,0.73,1.78,2.96,1.56,-0.53,2.31,2.405,4.935,1.99,2.82,,,,12.85,-0.713,
2013-05-06,0.04,0.22,0.74,1.8,2.98,1.58,-0.51,2.31,2.4050000000000002,4.952500000000001,1.98,2.83,,,,12.66,,
2013-05-07,0.04,0.22,0.75,1.82,3.0,1.6,-0.5,2.32,2.395,4.935,1.97,2.82,,,,12.83,,
2013-05-08,0.04,0.22,0.75,1.81,2.99,1.59,-0.48,2.29,2.385,4.8999999999999995,1.97,2.8,,,,12.66,,
2013-05-09,0.04,0.22,0.75,1.81,3.01,1.59,-0.5,2.31,2.405,4.935,1.99,2.82,,,,13.13,,3.42
2013-05-10,0.04,0.26,0.82,1.9,3.1,1.64,-0.45,2.35,2.405,4.935,1.99,2.82,,,,12.59,-0.718,
2013-05-13,0.05,0.24,0.83,1.92,3.13,1.68,-0.41,2.33,2.395,4.9175,1.98,2.81,,,,12.55,,
2013-05-14,0.05,0.26,0.85,1.96,3.17,1.7,-0.37,2.33,2.39,4.9175,1.97,2.81,,,,12.77,,
2013-05-15,0.04,0.26,0.84,1.94,3.16,1.68,-0.36,2.3,2.405,4.935,1.99,2.82,,,,12.81,,
2013-05-16,0.03,0.23,0.79,1.87,3.09,1.64,-0.4,2.27,2.395,4.9175,1.98,2.81,,,,13.07,,3.51
2013-05-17,0.04,0.26,0.84,1.95,3.17,1.69,-0.31,2.26,2.4,4.9175,1.99,2.81,,,,12.45,-0.716,
2013-05-20,0.05,0.26,0.85,1.97,3.18,1.71,-0.31,2.28,2.385,4.8999999999999995,1.97,2.8,,,,13.02,,
2013-05-21,0.04,0.26,0.84,1.94,3.14,1.68,-0.34,2.28,2.395,4.9175,1.98,2.81,,,,13.37,,
2013-05-22,0.04,0.26,0.91,2.03,3.21,1.77,-0.24,2.27,2.3649999999999998,4.864999999999999,1.95,2.78,,,,13.82,,
2013-05-23,0.05,0.26,0.91,2.02,3.2,1.76,-0.24,2.26,2.36,4.8475,1.95,2.77,,,,14.07,,3.59
2013-05-24,0.04,0.26,0.9,2.01,3.18,1.75,-0.26,2.27,2.34,4.8125,1.93,2.75,,,,13.99,-0.706,
2013-05-27,,,,,,,,,,,,,,,,,,
2013-05-28,0.05,0.29,1.02,2.15,3.31,1.86,-0.14,2.29,2.32,4.7775,1.91,2.73,,,,14.48,,
2013-05-29,0.05,0.3,1.02,2.13,3.27,1.83,-0.1,2.23,2.33,4.8125,1.91,2.75,,,,14.83,,
2013-05-30,0.04,0.31,1.01,2.13,3.28,1.82,-0.05,2.18,2.35,4.8475,1.93,2.77,,,,14.53,,3.81
2013-05-31,0.04,0.3,1.05,2.16,3.3,1.86,-0.05,2.21,2.36,4.8825,1.93,2.79,,,,16.3,-0.69,
2013-06-01,,,,,,,,,,,,,233.35,99.3897,7.5,,,
2013-06-03,0.05,0.3,1.03,2.13,3.27,1.83,-0.07,2.2,2.375,4.935,1.93,2.82,,,,16.28,,
2013-06-04,0.04,0.32,1.05,2.14,3.3,1.82,-0.05,2.19,2.41,5.005,1.96,2.86,,,,16.27,,
2013-06-05,0.05,0.3,1.02,2.1,3.25,1.8,-0.06,2.16,2.43,5.0575,1.97,2.89,,,,17.5,,
2013-06-06,0.05,0.3,1.01,2.08,3.23,1.78,-0.05,2.13,2.45,5.04,2.02,2.88,,,,16.63,,3.91
2013-06-07,0.04,0.32,1.1,2.17,3.33,1.85,0.03,2.14,2.455,5.0575,2.02,2.89,,,,15.14,-0.671,
2013-06-10,0.05,0.32,1.13,2.22,3.36,1.9,0.11,2.11,2.455,5.0575,2.02,2.89,,,,15.44,,
2013-06-11,0.05,0.34,1.12,2.2,3.33,1.86,0.13,2.07,2.475,5.0925,2.04,2.91,,,,17.07,,
2013-06-12,0.05,0.34,1.15,2.25,3.37,1.91,0.21,2.04,2.4699999999999998,5.0925,2.03,2.91,,,,18.59,,
2013-06-13,0.05,0.32,1.11,2.19,3.33,1.87,0.15,2.04,2.48,5.109999999999999,2.04,2.92,,,,16.41,,3.98
2013-06-14,0.05,0.29,1.04,2.14,3.28,1.85,0.09,2.05,2.49,5.1275,2.05,2.93,,,,17.15,-0.652,
2013-06-17,0.05,0.27,1.06,2.19,3.35,1.92,0.15,2.04,2.49,5.1275,2.05,2.93,,,,16.8,,
2013-06-18,0.05,0.27,1.07,2.2,3.34,1.93,0.14,2.06,2.4749999999999996,5.109999999999999,2.03,2.92,,,,16.61,,
2013-06-19,0.05,0.31,1.24,2.33,3.41,2.02,0.29,2.04,2.42,5.0225,1.97,2.87,,,,16.64,,
2013-06-20,0.05,0.33,1.31,2.41,3.49,2.08,0.46,1.95,2.48,5.1275,2.03,2.93,,,,20.49,,3.93
2013-06-21,0.05,0.38,1.42,2.52,3.56,2.14,0.59,1.93,2.39,5.0225,1.91,2.87,,,,18.9,-0.636,
2013-06-24,0.06,0.42,1.48,2.57,3.56,2.15,0.64,1.93,2.375,5.005,1.89,2.86,,,,20.11,,
2013-06-25,0.06,0.43,1.49,2.6,3.6,2.17,0.64,1.96,2.37,5.04,1.86,2.88,,,,18.47,,
2013-06-26,0.06,0.39,1.45,2.55,3.58,2.16,0.6,1.95,2.385,5.0575,1.88,2.89,,,,17.21,,
2013-06-27,0.06,0.36,1.38,2.49,3.54,2.13,0.5,1.99,2.405,5.109999999999999,1.89,2.92,,,,16.86,,4.46
2013-06-28,0.04,0.36,1.41,2.52,3.52,2.16,0.53,1.99,2.315,4.952500000000001,1.8,2.83,,,,16.86,-0.629,
2013-07-01,0.04,0.34,1.39,2.5,3.48,2.16,0.48,2.02,2.315,4.952500000000001,1.8,2.83,233.88,99.0814,7.3,16.37,,
2013-07-02,0.03,0.34,1.38,2.48,3.47,2.14,0.44,2.04,2.305,4.9175,1.8,2.81,,,,16.44,,
2013-07-03,0.05,0.36,1.42,2.52,3.49,2.16,0.48,2.04,2.28,4.8999999999999995,1.76,2.8,,,,16.2,,4.29
2013-07-04,,,,,,,,,,,,,,,,,,
2013-07-05,0.04,0.4,1.6,2.73,3.68,2.33,0.66,2.07,2.245,4.8475,1.72,2.77,,,,14.89,-0.629,
2013-07-08,0.05,0.37,1.51,2.65,3.63,2.28,0.58,2.07,2.25,4.8825,1.71,2.79,,,,14.78,,
2013-07-09,0.04,0.37,1.5,2.65,3.64,2.28,0.59,2.06,2.25,4.864999999999999,1.72,2.78,,,,14.35,,
2013-07-10,0.04,0.38,1.54,2.7,3.68,2.32,0.64,2.06,2.235,4.8125,1.72,2.75,,,,14.21,,
2013-07-11,0.04,0.34,1.4,2.6,3.64,2.26,0.56,2.04,2.255,4.8475,1.74,2.77,,,,14.01,,4.51
2013-07-12,0.04,0.37,1.43,2.61,3.64,2.24,0.55,2.06,2.265,4.8475,1.76,2.77,,,,13.84,-0.636,
2013-07-15,0.04,0.34,1.4,2.57,3.61,2.23,0.47,2.1,2.26,4.83,1.76,2.76,,,,13.79,,
2013-07-16,0.03,0.34,1.38,2.55,3.58,2.21,0.41,2.14,2.245,4.795,1.75,2.74,,,,14.42,,
2013-07-17,0.03,0.32,1.33,2.52,3.57,2.2,0.38,2.14,2.255,4.795,1.77,2.74,,,,13.78,,
2013-07-18,0.03,0.32,1.35,2.56,3.63,2.24,0.38,2.18,2.27,4.8125,1.79,2.75,,,,13.77,,4.37
2013-07-19,0.03,0.32,1.31,2.5,3.56,2.18,0.29,2.21,2.27,4.795,1.8,2.74,,,,12.54,-0.648,
2013-07-22,0.04,0.32,1.32,2.5,3.55,2.18,0.28,2.22,2.25,4.7425,1.79,2.71,,,,12.29,,
2013-07-23,0.02,0.33,1.33,2.53,3.58,2.2,0.33,2.2,2.24,4.7250000000000005,1.78,2.7,,,,12.66,,
2013-07-24,0.03,0.34,1.4,2.61,3.65,2.27,0.44,2.17,2.215,4.672499999999999,1.76,2.67,,,,13.18,,
2013-07-25,0.02,0.32,1.38,2.61,3.65,2.29,0.44,2.17,2.23,4.7075,1.77,2.69,,,,12.97,,4.31
2013-07-26,0.03,0.31,1.36,2.58,3.61,2.27,0.43,2.15,2.21,4.672499999999999,1.75,2.67,,,,12.72,-0.66,
2013-07-29,0.03,0.33,1.37,2.61,3.66,2.28,0.45,2.16,2.225,4.7075,1.76,2.69,,,,13.39,,
2013-07-30,0.04,0.33,1.39,2.63,3.67,2.3,0.46,2.17,2.225,4.69,1.77,2.68,,,,13.39,,
2013-07-31,0.04,0.31,1.38,2.6,3.64,2.29,0.38,2.22,2.23,4.69,1.78,2.68,,,,13.45,,
2013-08-01,0.04,0.35,1.49,2.74,3.77,2.39,0.48,2.26,2.215,4.655,1.77,2.66,234.336,99.6543,7.2,12.94,,4.39
2013-08-02,0.04,0.3,1.36,2.63,3.69,2.33,0.42,2.21,2.2350000000000003,4.69,1.79,2.68,,,,11.98,-0.668,
2013-08-05,0.05,0.32,1.39,2.67,3.73,2.35,0.42,2.25,2.245,4.7250000000000005,1.79,2.7,,,,11.84,,
2013-08-06,0.04,0.32,1.39,2.67,3.73,2.35,0.39,2.28,2.245,4.7075,1.8,2.69,,,,12.72,,
2013-08-07,0.05,0.32,1.38,2.61,3.68,2.29,0.35,2.26,2.265,4.760000000000001,1.81,2.72,,,,12.98,,
2013-08-08,0.05,0.3,1.36,2.58,3.65,2.28,0.34,2.24,2.2800000000000002,4.7775,1.83,2.73,,,,12.73,,4.4
2013-08-09,0.05,0.32,1.36,2.57,3.63,2.25,0.33,2.24,2.29,4.795,1.84,2.74,,,,13.41,-0.672,
2013-08-12,0.06,0.32,1.39,2.61,3.67,2.29,0.37,2.24,2.2800000000000002,4.760000000000001,1.84,2.72,,,,12.81,,
2013-08-13,0.06,0.34,1.49,2.71,3.75,2.37,0.48,2.23,2.2750000000000004,4.760000000000001,1.83,2.72,,,,12.31,,
2013-08-14,0.05,0.34,1.48,2.71,3.75,2.37,0.5,2.21,2.27,4.760000000000001,1.82,2.72,,,,13.04,,
2013-08-15,0.05,0.36,1.54,2.77,3.81,2.41,0.6,2.17,2.265,4.7250000000000005,1.83,2.7,,,,14.73,,4.4
2013-08-16,0.05,0.36,1.6,2.84,3.86,2.48,0.68,2.16,2.2600000000000002,4.7250000000000005,1.82,2.7,,,,14.37,-0.671,
2013-08-19,0.06,0.36,1.63,2.88,3.89,2.52,0.75,2.13,2.265,4.7250000000000005,1.83,2.7,,,,15.1,,
2013-08-20,0.04,0.36,1.57,2.82,3.86,2.46,0.67,2.15,2.2800000000000002,4.760000000000001,1.84,2.72,,,,14.91,,
2013-08-21,0.04,0.38,1.64,2.87,3.9,2.49,0.73,2.14,2.265,4.7425,1.82,2.71,,,,15.94,,
2013-08-22,0.03,0.42,1.71,2.9,3.88,2.48,0.79,2.11,2.2350000000000003,4.69,1.79,2.68,,,,14.76,,4.58
2013-08-23,0.03,0.4,1.66,2.82,3.8,2.42,0.69,2.13,2.225,4.672499999999999,1.78,2.67,,,,13.98,-0.668,
2013-08-26,0.04,0.41,1.61,2.79,3.77,2.38,0.64,2.15,2.24,4.672499999999999,1.81,2.67,,,,14.99,,
2013-08-27,0.05,0.38,1.56,2.72,3.7,2.34,0.57,2.15,2.225,4.655,1.79,2.66,,,,16.77,,
2013-08-28,0.03,0.4,1.62,2.78,3.75,2.38,0.63,2.15,2.225,4.6375,1.8,2.65,,,,16.49,,
2013-08-29,0.02,0.39,1.6,2.75,3.7,2.36,0.65,2.1,2.1950000000000003,4.585,1.77,2.62,,,,16.81,,4.51
2013-08-30,0.03,0.39,1.62,2.78,3.7,2.39,0.68,2.1,2.135,4.48,1.71,2.56,,,,17.01,-0.664,
2013-09-01,,,,,,,,,,,,,234.7,100.161,7.2,,,
2013-09-02,,,,,,,,,,,,,,,,,,
2013-09-03,0.02,0.43,1.68,2.86,3.79,2.43,0.76,2.1,2.165,4.515000000000001,1.75,2.58,,,,16.61,,
2013-09-04,0.02,0.46,1.74,2.9,3.8,2.44,0.83,2.07,2.1399999999999997,4.4624999999999995,1.73,2.55,,,,15.88,,
2013-09-05,0.02,0.52,1.85,2.98,3.88,2.46,0.92,2.06,2.145,4.4624999999999995,1.74,2.55,,,,15.77,,4.57
2013-09-06,0.02,0.46,1.77,2.94,3.87,2.48,0.87,2.07,2.185,4.5325,1.78,2.59,,,,15.85,-0.662,
2013-09-09,0.02,0.45,1.71,2.9,3.84,2.45,0.84,2.06,2.19,4.55,1.78,2.6,,,,15.63,,
2013-09-10,0.02,0.5,1.78,2.96,3.88,2.46,0.86,2.1,2.19,4.5675,1.77,2.61,,,,14.53,,
2013-09-11,0.02,0.47,1.72,2.93,3.85,2.46,0.8,2.13,2.195,4.5675,1.78,2.61,,,,13.82,,
2013-09-12,0.01,0.45,1.72,2.92,3.85,2.47,0.81,2.11,2.19,4.5675,1.77,2.61,,,,14.29,,4.57
2013-09-13,0.01,0.45,1.71,2.9,3.84,2.45,0.8,2.1,2.215,4.62,1.79,2.64,,,,14.16,-0.664,
2013-09-16,0.02,0.41,1.65,2.88,3.87,2.47,0.76,2.12,2.2600000000000002,4.69,1.84,2.68,,,,14.38,,
2013-09-17,0.01,0.39,1.62,2.86,3.84,2.47,0.7,2.16,2.26,4.672499999999999,1.85,2.67,,,,14.53,,
2013-09-18,0.01,0.34,1.43,2.69,3.75,2.35,0.49,2.2,2.3449999999999998,4.8125,1.94,2.75,,,,13.59,,
2013-09-19,0.01,0.34,1.49,2.76,3.8,2.42,0.55,2.21,2.31,4.760000000000001,1.9,2.72,,,,13.16,,4.5
2013-09-20,0.01,0.34,1.5,2.75,3.77,2.41,0.52,2.23,2.2750000000000004,4.69,1.87,2.68,,,,13.12,-0.669,
2013-09-23,0.02,0.35,1.48,2.72,3.73,2.37,0.46,2.26,2.29,4.7250000000000005,1.88,2.7,,,,14.31,,
2013-09-24,0.02,0.35,1.44,2.67,3.67,2.32,0.48,2.19,2.27,4.69,1.86,2.68,,,,14.08,,
2013-09-25,0.02,0.36,1.41,2.63,3.65,2.27,0.45,2.18,2.285,4.7250000000000005,1.87,2.7,,,,14.01,,
2013-09-26,0.0,0.34,1.43,2.66,3.69,2.32,0.47,2.19,2.305,4.760000000000001,1.89,2.72,,,,14.06,,4.32
2013-09-27,0.02,0.34,1.4,2.64,3.68,2.3,0.46,2.18,2.315,4.7775,1.9,2.73,,,,15.46,-0.676,
2013-09-30,0.02,0.33,1.39,2.64,3.69,2.31,0.45,2.19,2.335,4.8125,1.92,2.75,,,,16.6,,
2013-10-01,0.02,0.33,1.42,2.66,3.72,2.33,0.46,2.2,2.3449999999999998,4.83,1.93,2.76,234.921,100.082,7.2,15.54,,
2013-10-02,0.02,0.31,1.38,2.63,3.7,2.32,0.43,2.2,2.36,4.8475,1.95,2.77,,,,16.6,,
2013-10-03,0.03,0.33,1.36,2.62,3.71,2.29,0.43,2.19,2.3649999999999998,4.864999999999999,1.95,2.78,,,,17.67,,4.22
2013-10-04,0.03,0.33,1.41,2.66,3.73,2.33,0.46,2.2,2.3499999999999996,4.83,1.94,2.76,,,,16.74,-0.686,
2013-10-07,0.03,0.37,1.41,2.65,3.7,2.28,0.45,2.2,2.33,4.795,1.92,2.74,,,,19.41,,
2013-10-08,0.05,0.4,1.43,2.66,3.7,2.26,0.48,2.18,2.3049999999999997,4.7425,1.9,2.71,,,,20.34,,
2013-10-09,0.05,0.37,1.43,2.68,3.73,2.31,0.47,2.21,2.31,4.7425,1.91,2.71,,,,19.6,,
2013-10-10,0.05,0.35,1.44,2.71,3.75,2.36,0.5,2.21,2.2800000000000002,4.69,1.88,2.68,,,,16.48,,4.23
2013-10-11,0.08,0.35,1.42,2.7,3.74,2.35,0.5,2.2,2.2800000000000002,4.69,1.88,2.68,,,,15.72,-0.698,
2013-10-14,,,,,,,,,,,,,,,,16.07,,
2013-10-15,0.14,0.37,1.45,2.75,3.78,2.38,0.54,2.21,2.265,4.655,1.87,2.66,,,,18.66,,
2013-10-16,0.1,0.34,1.41,2.69,3.72,2.35,0.5,2.19,2.27,4.655,1.88,2.66,,,,14.71,,
2013-10-17,0.05,0.33,1.35,2.61,3.66,2.28,0.45,2.16,2.275,4.655,1.89,2.66,,,,13.48,,4.28
2013-10-18,0.04,0.33,1.35,2.6,3.65,2.27,0.42,2.18,2.2800000000000002,4.655,1.9,2.66,,,,13.04,-0.712,
2013-10-21,0.04,0.33,1.38,2.63,3.68,2.3,0.44,2.19,2.275,4.6375,1.9,2.65,,,,13.16,,
2013-10-22,0.04,0.31,1.3,2.54,3.61,2.23,0.37,2.17,2.285,4.655,1.91,2.66,,,,13.33,,
2013-10-23,0.04,0.31,1.3,2.51,3.59,2.2,0.36,2.15,2.295,4.672499999999999,1.92,2.67,,,,13.42,,
2013-10-24,0.03,0.33,1.32,2.53,3.61,2.2,0.36,2.17,2.305,4.69,1.93,2.68,,,,13.2,,4.13
2013-10-25,0.04,0.32,1.3,2.53,3.6,2.21,0.34,2.19,2.285,4.655,1.91,2.66,,,,13.09,-0.725,
2013-10-28,0.04,0.32,1.31,2.54,3.61,2.22,0.35,2.19,2.285,4.655,1.91,2.66,,,,13.31,,
2013-10-29,0.04,0.31,1.29,2.53,3.62,2.22,0.35,2.18,2.315,4.7075,1.94,2.69,,,,13.41,,
2013-10-30,0.04,0.33,1.3,2.55,3.63,2.22,0.37,2.18,2.305,4.69,1.93,2.68,,,,13.65,,
2013-10-31,0.04,0.31,1.31,2.57,3.63,2.26,0.4,2.17,2.28,4.6375,1.91,2.65,,,,13.75,,4.1
2013-11-01,0.04,0.33,1.37,2.65,3.69,2.32,0.5,2.15,2.265,4.62,1.89,2.64,235.359,100.3158,6.9,13.28,-0.737,
2013-11-04,0.05,0.32,1.36,2.63,3.7,2.31,0.5,2.13,2.285,4.655,1.91,2.66,,,,12.93,,
2013-11-05,0.05,0.32,1.39,2.69,3.76,2.37,0.55,2.14,2.285,4.655,1.91,2.66,,,,13.27,,
2013-11-06,0.05,0.3,1.34,2.67,3.77,2.37,0.48,2.19,2.3200000000000003,4.7250000000000005,1.94,2.7,,,,12.67,,
2013-11-07,0.05,0.29,1.31,2.63,3.71,2.34,0.46,2.17,2.3200000000000003,4.7250000000000005,1.94,2.7,,,,13.91,,4.16
2013-11-08,0.06,0.32,1.42,2.77,3.84,2.45,0.59,2.18,2.3049999999999997,4.7075,1.92,2.69,,,,12.9,-0.748,
2013-11-11,,,,,,,,,,,,,,,,12.53,,
2013-11-12,0.08,0.34,1.47,2.8,3.86,2.46,0.62,2.18,2.285,4.672499999999999,1.9,2.67,,,,12.82,,
2013-11-13,0.08,0.32,1.41,2.75,3.83,2.43,0.58,2.17,2.3049999999999997,4.7075,1.92,2.69,,,,12.52,,
2013-11-14,0.08,0.29,1.34,2.69,3.79,2.4,0.51,2.18,2.34,4.760000000000001,1.96,2.72,,,,12.37,,4.35
2013-11-15,0.08,0.31,1.36,2.71,3.8,2.4,0.53,2.18,2.3200000000000003,4.7250000000000005,1.94,2.7,,,,12.19,-0.757,
2013-11-18,0.09,0.31,1.33,2.67,3.76,2.36,0.48,2.19,2.285,4.655,1.91,2.66,,,,13.1,,
2013-11-19,0.08,0.29,1.37,2.71,3.8,2.42,0.53,2.18,2.285,4.655,1.91,2.66,,,,13.39,,
2013-11-20,0.08,0.28,1.39,2.8,3.9,2.52,0.64,2.16,2.295,4.672499999999999,1.92,2.67,,,,13.4,,
2013-11-21,0.07,0.29,1.38,2.79,3.89,2.5,0.6,2.19,2.28,4.6375,1.91,2.65,,,,12.66,,4.22
2013-11-22,0.07,0.31,1.37,2.75,3.84,2.44,0.56,2.19,2.275,4.6375,1.9,2.65,,,,12.26,-0.763,
2013-11-25,0.08,0.3,1.37,2.74,3.83,2.44,0.56,2.18,2.28,4.6375,1.91,2.65,,,,12.79,,
2013-11-26,0.07,0.29,1.34,2.71,3.8,2.42,0.54,2.17,2.255,4.6025,1.88,2.63,,,,12.81,,
2013-11-27,0.07,0.28,1.36,2.74,3.81,2.46,0.58,2.16,2.255,4.6025,1.88,2.63,,,,12.98,,4.29
2013-11-28,,,,,,,,,,,,,,,,,,
2013-11-29,0.06,0.28,1.37,2.75,3.82,2.47,0.6,2.15,2.24,4.5675,1.87,2.61,,,,13.7,-0.769,
2013-12-01,,,,,,,,,,,,,235.759,100.5175,6.7,,,
2013-12-02,0.05,0.3,1.43,2.81,3.86,2.51,0.66,2.15,2.23,4.55,1.86,2.6,,,,14.23,,
2013-12-03,0.06,0.28,1.4,2.79,3.84,2.51,0.64,2.15,2.23,4.55,1.86,2.6,,,,14.55,,
2013-12-04,0.06,0.3,1.45,2.84,3.9,2.54,0.73,2.11,2.245,4.585,1.87,2.62,,,,14.7,,
2013-12-05,0.06,0.3,1.49,2.88,3.92,2.58,0.76,2.12,2.215,4.5325,1.84,2.59,,,,15.08,,4.46
2013-12-06,0.06,0.3,1.51,2.88,3.9,2.58,0.77,2.11,2.21,4.515000000000001,1.84,2.58,,,,13.79,-0.772,
2013-12-09,0.07,0.3,1.5,2.86,3.88,2.56,0.74,2.12,2.205,4.4975,1.84,2.57,,,,13.49,,
2013-12-10,0.07,0.3,1.46,2.81,3.83,2.51,0.69,2.12,2.1950000000000003,4.48,1.83,2.56,,,,13.91,,
2013-12-11,0.07,0.31,1.5,2.86,3.87,2.55,0.71,2.15,2.175,4.4624999999999995,1.8,2.55,,,,15.42,,
2013-12-12,0.07,0.34,1.55,2.89,3.91,2.55,0.75,2.14,2.15,4.427499999999999,1.77,2.53,,,,15.54,,4.42
2013-12-13,0.07,0.34,1.55,2.88,3.88,2.54,0.72,2.16,2.125,4.375,1.75,2.5,,,,15.76,-0.775,
2013-12-16,0.07,0.34,1.55,2.89,3.9,2.55,0.71,2.18,2.13,4.375,1.76,2.5,,,,16.03,,
2013-12-17,0.07,0.34,1.52,2.85,3.88,2.51,0.67,2.18,2.14,4.375,1.78,2.5,,,,16.21,,
2013-12-18,0.07,0.32,1.55,2.89,3.9,2.57,0.72,2.17,2.12,4.375,1.74,2.5,,,,13.8,,
2013-12-19,0.06,0.35,1.63,2.94,3.91,2.59,0.79,2.15,2.025,4.234999999999999,1.63,2.42,,,,14.15,,4.47
2013-12-20,0.07,0.37,1.66,2.89,3.82,2.52,0.73,2.16,1.99,4.165,1.6,2.38,,,,13.79,-0.777,
2013-12-23,0.07,0.38,1.68,2.94,3.85,2.56,0.76,2.18,1.96,4.1125,1.57,2.35,,,,13.04,,
2013-12-24,0.07,0.38,1.73,2.99,3.9,2.61,0.8,2.19,1.97,4.13,1.58,2.36,,,,12.48,,
2013-12-25,,,,,,,,,,,,,,,,,,
2013-12-26,0.07,0.42,1.74,3.0,3.92,2.58,0.8,2.2,1.98,4.1475,1.59,2.37,,,,12.33,,4.48
2013-12-27,0.07,0.4,1.74,3.02,3.94,2.62,0.8,2.22,1.96,4.1475,1.55,2.37,,,,12.46,-0.778,
2013-12-30,0.07,0.39,1.71,2.99,3.9,2.6,0.76,2.23,1.945,4.1125,1.54,2.35,,,,13.56,,
2013-12-31,0.07,0.38,1.75,3.04,3.96,2.66,0.8,2.24,1.9300000000000002,4.077500000000001,1.53,2.33,,,,13.72,,
2014-01-01,,,,,,,,,,,,,235.961,100.1599,6.6,,,
2014-01-02,0.07,0.39,1.72,3.0,3.92,2.61,0.74,2.26,1.9449999999999998,4.095,1.55,2.34,,,,14.23,,4.53
2014-01-03,0.07,0.41,1.73,3.01,3.93,2.6,0.75,2.26,1.9449999999999998,4.095,1.55,2.34,,,,13.76,-0.775,
2014-01-06,0.05,0.4,1.7,2.98,3.9,2.58,0.72,2.26,1.935,4.06,1.55,2.32,,,,13.55,,
2014-01-07,0.04,0.4,1.69,2.96,3.88,2.56,0.7,2.26,1.935,4.06,1.55,2.32,,,,12.92,,
2014-01-08,0.05,0.43,1.77,3.01,3.9,2.58,0.72,2.29,1.915,4.0425,1.52,2.31,,,,12.87,,
2014-01-09,0.04,0.44,1.75,2.97,3.88,2.53,0.66,2.31,1.9500000000000002,4.0425,1.59,2.31,,,,12.89,,4.51
2014-01-10,0.05,0.39,1.64,2.88,3.8,2.49,0.59,2.29,1.97,4.06,1.62,2.32,,,,12.14,-0.773,
2014-01-13,0.03,0.39,1.6,2.84,3.77,2.45,0.57,2.27,1.9849999999999999,4.095,1.63,2.34,,,,13.28,,
2014-01-14,0.04,0.39,1.65,2.88,3.8,2.49,0.62,2.26,1.98,4.095,1.62,2.34,,,,12.28,,
2014-01-15,0.04,0.41,1.68,2.9,3.81,2.49,0.62,2.28,1.96,4.06,1.6,2.32,,,,12.28,,
2014-01-16,0.04,0.41,1.66,2.86,3.77,2.45,0.61,2.25,1.97,4.06,1.62,2.32,,,,12.53,,4.41
2014-01-17,0.05,0.4,1.64,2.84,3.75,2.44,0.58,2.26,1.98,4.077500000000001,1.63,2.33,,,,12.44,-0.769,
2014-01-20,,,,,,,,,,,,,,,,,,
2014-01-21,0.04,0.4,1.67,2.85,3.74,2.45,0.59,2.26,1.955,4.0249999999999995,1.61,2.3,,,,12.87,,
2014-01-22,0.04,0.44,1.72,2.87,3.75,2.43,0.62,2.25,1.955,4.0249999999999995,1.61,2.3,,,,12.84,,
2014-01-23,0.04,0.39,1.62,2.79,3.68,2.4,0.66,2.13,1.98,4.06,1.64,2.32,,,,13.77,,4.39
2014-01-24,0.04,0.37,1.58,2.75,3.64,2.38,0.61,2.14,2.025,4.1125,1.7,2.35,,,,18.14,-0.765,
2014-01-27,0.05,0.37,1.61,2.78,3.67,2.41,0.64,2.14,2.03,4.13,1.7,2.36,,,,17.42,,
2014-01-28,0.05,0.38,1.59,2.77,3.68,2.39,0.62,2.15,2.0300000000000002,4.1125,1.71,2.35,,,,15.8,,
2014-01-29,0.04,0.36,1.52,2.69,3.62,2.33,0.55,2.14,2.06,4.165,1.74,2.38,,,,17.35,,
2014-01-30,0.02,0.36,1.55,2.72,3.65,2.36,0.57,2.15,2.04,4.13,1.72,2.36,,,,17.29,,4.32
2014-01-31,0.02,0.34,1.49,2.67,3.61,2.33,0.53,2.14,2.08,4.2,1.76,2.4,,,,18.41,-0.762,
2014-02-01,,,,,,,,,,,,,236.185,100.9168,6.7,,,
2014-02-03,0.05,0.3,1.44,2.61,3.55,2.31,0.47,2.14,2.065,4.1825,1.74,2.39,,,,21.44,,
2014-02-04,0.06,0.31,1.46,2.64,3.59,2.33,0.51,2.13,2.095,4.2175,1.78,2.41,,,,19.11,,
2014-02-05,0.07,0.32,1.5,2.7,3.66,2.38,0.56,2.14,2.1,4.234999999999999,1.78,2.42,,,,19.95,,
2014-02-06,0.07,0.33,1.52,2.73,3.67,2.4,0.57,2.16,2.085,4.2,1.77,2.4,,,,17.23,,4.23
2014-02-07,0.08,0.3,1.47,2.71,3.67,2.41,0.53,2.18,2.1,4.234999999999999,1.78,2.42,,,,15.29,-0.763,
2014-02-10,0.07,0.32,1.48,2.7,3.66,2.38,0.51,2.19,2.1,4.234999999999999,1.78,2.42,,,,15.26,,
2014-02-11,0.05,0.35,1.54,2.75,3.69,2.4,0.56,2.19,2.0700000000000003,4.1825,1.75,2.39,,,,14.51,,
2014-02-12,0.05,0.35,1.59,2.8,3.72,2.45,0.59,2.21,2.05,4.13,1.74,2.36,,,,14.3,,
2014-02-13,0.03,0.32,1.51,2.73,3.7,2.41,0.56,2.17,2.075,4.1825,1.76,2.39,,,,14.14,,4.28
2014-02-14,0.02,0.32,1.53,2.75,3.69,2.43,0.59,2.16,2.065,4.165,1.75,2.38,,,,13.57,-0.767,
2014-02-17,,,,,,,,,,,,,,,,,,
2014-02-18,0.05,0.31,1.5,2.71,3.68,2.4,0.57,2.14,2.08,4.2,1.76,2.4,,,,13.87,,
2014-02-19,0.06,0.33,1.53,2.73,3.71,2.4,0.6,2.13,2.09,4.2175,1.77,2.41,,,,15.5,,
2014-02-20,0.05,0.34,1.57,2.76,3.73,2.42,0.63,2.13,2.075,4.1825,1.76,2.39,,,,14.79,,4.33
2014-02-21,0.05,0.33,1.56,2.73,3.69,2.4,0.61,2.12,2.045,4.165,1.71,2.38,,,,14.68,-0.771,
2014-02-24,0.05,0.35,1.57,2.75,3.7,2.4,0.59,2.16,2.04,4.165,1.7,2.38,,,,14.23,,
2014-02-25,0.05,0.34,1.53,2.7,3.66,2.36,0.55,2.15,2.035,4.165,1.69,2.38,,,,13.67,,
2014-02-26,0.05,0.33,1.5,2.67,3.63,2.34,0.51,2.16,2.04,4.165,1.7,2.38,,,,14.35,,
2014-02-27,0.04,0.33,1.49,2.65,3.6,2.32,0.49,2.16,2.02,4.13,1.68,2.36,,,,14.04,,4.37
2014-02-28,0.05,0.33,1.51,2.66,3.59,2.33,0.49,2.17,2.005,4.1125,1.66,2.35,,,,14.0,-0.776,
2014-03-01,,,,,,,,,,,,,236.625,101.8942,6.7,,,
2014-03-03,0.05,0.32,1.46,2.6,3.55,2.28,0.44,2.16,2.0300000000000002,4.1475,1.69,2.37,,,,16.0,,
2014-03-04,0.05,0.33,1.54,2.7,3.64,2.37,0.52,2.18,2.01,4.1125,1.67,2.35,,,,14.1,,
2014-03-05,0.06,0.33,1.54,2.7,3.64,2.37,0.52,2.18,2.02,4.13,1.68,2.36,,,,13.89,,
2014-03-06,0.05,0.37,1.57,2.74,3.68,2.37,0.53,2.21,2.025,4.1475,1.68,2.37,,,,14.21,,4.28
2014-03-07,0.06,0.38,1.65,2.8,3.72,2.42,0.57,2.23,2.0,4.095,1.66,2.34,,,,14.11,-0.778,
2014-03-10,0.05,0.37,1.64,2.79,3.73,2.42,0.57,2.22,2.0149999999999997,4.13,1.67,2.36,,,,14.2,,
2014-03-11,0.05,0.37,1.62,2.77,3.7,2.4,0.57,2.2,2.0300000000000002,4.1475,1.69,2.37,,,,14.8,,
2014-03-12,0.05,0.37,1.59,2.73,3.66,2.36,0.54,2.19,2.035,4.165,1.69,2.38,,,,14.47,,
2014-03-13,0.05,0.34,1.53,2.66,3.6,2.32,0.49,2.17,2.04,4.1825,1.69,2.39,,,,16.22,,4.37
2014-03-14,0.05,0.36,1.55,2.65,3.59,2.29,0.48,2.17,2.06,4.2,1.72,2.4,,,,17.82,-0.779,
2014-03-17,0.06,0.38,1.58,2.7,3.63,2.32,0.52,2.18,2.0549999999999997,4.2,1.71,2.4,,,,15.64,,
2014-03-18,0.05,0.36,1.56,2.68,3.62,2.32,0.5,2.18,2.075,4.234999999999999,1.73,2.42,,,,14.52,,
2014-03-19,0.06,0.47,1.75,2.78,3.66,2.31,0.62,2.16,2.02,4.1475,1.67,2.37,,,,15.12,,
2014-03-20,0.06,0.45,1.73,2.79,3.67,2.34,0.66,2.13,1.9949999999999999,4.095,1.65,2.34,,,,14.52,,4.32
2014-03-21,0.06,0.45,1.73,2.75,3.61,2.3,0.61,2.14,1.98,4.06,1.64,2.32,,,,15.0,-0.778,
2014-03-24,0.06,0.47,1.76,2.74,3.57,2.27,0.59,2.15,1.9500000000000002,4.0075,1.61,2.29,,,,15.09,,
2014-03-25,0.05,0.47,1.76,2.75,3.59,2.28,0.61,2.14,1.9449999999999998,3.9899999999999998,1.61,2.28,,,,14.02,,
2014-03-26,0.05,0.45,1.7,2.71,3.55,2.26,0.57,2.14,1.95,3.9899999999999998,1.62,2.28,,,,14.93,,
2014-03-27,0.04,0.45,1.7,2.69,3.52,2.24,0.56,2.13,1.93,3.9549999999999996,1.6,2.26,,,,14.62,,4.4
2014-03-28,0.04,0.45,1.74,2.73,3.55,2.28,0.6,2.13,1.915,3.9375,1.58,2.25,,,,14.41,-0.775,
2014-03-31,0.05,0.44,1.73,2.73,3.56,2.29,0.6,2.13,1.9249999999999998,3.9549999999999996,1.59,2.26,,,,13.88,,
2014-04-01,0.04,0.44,1.74,2.77,3.6,2.33,0.63,2.14,1.895,3.9549999999999996,1.53,2.26,237.072,101.9928,6.2,13.1,,
2014-04-02,0.02,0.47,1.8,2.82,3.65,2.35,0.68,2.14,1.885,3.9375,1.52,2.25,,,,13.09,,
2014-04-03,0.02,0.46,1.79,2.8,3.62,2.34,0.66,2.14,1.8800000000000001,3.9200000000000004,1.52,2.24,,,,13.37,,4.41
2014-04-04,0.03,0.43,1.71,2.74,3.59,2.31,0.61,2.13,1.895,3.9375,1.54,2.25,,,,13.96,-0.773,
2014-04-07,0.03,0.41,1.68,2.71,3.56,2.3,0.59,2.12,1.8900000000000001,3.9200000000000004,1.54,2.24,,,,15.57,,
2014-04-08,0.03,0.4,1.67,2.69,3.54,2.29,0.58,2.11,1.91,3.9549999999999996,1.56,2.26,,,,14.89,,
2014-04-09,0.04,0.37,1.65,2.71,3.57,2.34,0.57,2.14,1.9,3.9375,1.55,2.25,,,,13.82,,
2014-04-10,0.04,0.37,1.59,2.65,3.52,2.28,0.51,2.14,1.915,3.9200000000000004,1.59,2.24,,,,15.89,,4.34
2014-04-11,0.04,0.37,1.58,2.63,3.48,2.26,0.5,2.13,1.905,3.9025,1.58,2.23,,,,17.03,-0.771,
2014-04-14,0.04,0.37,1.61,2.65,3.48,2.28,0.52,2.13,1.895,3.8850000000000002,1.57,2.22,,,,16.11,,
2014-04-15,0.04,0.39,1.63,2.64,3.46,2.25,0.5,2.14,1.8800000000000001,3.8500000000000005,1.56,2.2,,,,15.61,,
2014-04-16,0.04,0.39,1.67,2.65,3.45,2.26,0.48,2.17,1.865,3.8325,1.54,2.19,,,,14.18,,
2014-04-17,0.03,0.43,1.75,2.73,3.52,2.3,0.52,2.21,1.84,3.7800000000000002,1.52,2.16,,,,13.36,,4.27
2014-04-18,,,,,,,,,,,,,,,,,-0.769,
2014-04-21,0.04,0.42,1.74,2.73,3.52,2.31,0.53,2.2,1.855,3.8150000000000004,1.53,2.18,,,,13.25,,
2014-04-22,0.03,0.45,1.76,2.73,3.5,2.28,0.52,2.21,1.83,3.7624999999999997,1.51,2.15,,,,13.19,,
2014-04-23,0.02,0.43,1.73,2.7,3.47,2.27,0.49,2.21,1.83,3.7624999999999997,1.51,2.15,,,,13.27,,
2014-04-24,0.01,0.43,1.74,2.7,3.46,2.27,0.49,2.21,1.82,3.745,1.5,2.14,,,,13.32,,4.33
2014-04-25,0.03,0.43,1.72,2.68,3.45,2.25,0.48,2.2,1.815,3.7275,1.5,2.13,,,,14.06,-0.768,
2014-04-28,0.03,0.44,1.73,2.7,3.47,2.26,0.52,2.18,1.815,3.7275,1.5,2.13,,,,13.97,,
2014-04-29,0.02,0.44,1.74,2.71,3.49,2.27,0.53,2.18,1.8399999999999999,3.7624999999999997,1.53,2.15,,,,13.71,,
2014-04-30,0.03,0.42,1.69,2.67,3.47,2.25,0.49,2.18,1.85,3.7800000000000002,1.54,2.16,,,,13.41,,
2014-05-01,0.03,0.41,1.66,2.63,3.41,2.22,0.43,2.2,1.835,3.745,1.53,2.14,237.529,102.3836,6.3,13.25,,4.29
2014-05-02,0.02,0.42,1.67,2.6,3.37,2.18,0.41,2.19,1.83,3.745,1.52,2.14,,,,12.91,-0.769,
2014-05-05,0.03,0.43,1.68,2.63,3.41,2.2,0.45,2.18,1.8399999999999999,3.7624999999999997,1.53,2.15,,,,13.29,,
2014-05-06,0.03,0.43,1.68,2.61,3.38,2.18,0.45,2.16,1.835,3.7624999999999997,1.52,2.15,,,,13.8,,
2014-05-07,0.03,0.41,1.65,2.62,3.4,2.21,0.42,2.2,1.85,3.7800000000000002,1.54,2.16,,,,13.4,,
2014-05-08,0.03,0.4,1.63,2.61,3.45,2.21,0.42,2.19,1.87,3.8150000000000004,1.56,2.18,,,,13.43,,4.21
2014-05-09,0.03,0.4,1.63,2.62,3.47,2.22,0.44,2.18,1.9,3.8674999999999997,1.59,2.21,,,,12.92,-0.772,
2014-05-12,0.03,0.41,1.67,2.66,3.49,2.25,0.48,2.18,1.8900000000000001,3.8500000000000005,1.58,2.2,,,,12.23,,
2014-05-13,0.03,0.39,1.62,2.61,3.45,2.22,0.45,2.16,1.9,3.8674999999999997,1.59,2.21,,,,12.13,,
2014-05-14,0.03,0.39,1.57,2.54,3.37,2.15,0.37,2.17,1.8900000000000001,3.8500000000000005,1.58,2.2,,,,12.17,,
2014-05-15,0.03,0.38,1.55,2.5,3.33,2.12,0.31,2.19,1.9000000000000001,3.8850000000000002,1.58,2.22,,,,13.17,,4.2
2014-05-16,0.03,0.38,1.56,2.52,3.34,2.14,0.34,2.18,1.8850000000000002,3.8500000000000005,1.57,2.2,,,,12.44,-0.776,
2014-05-19,0.03,0.36,1.56,2.54,3.39,2.18,0.37,2.17,1.915,3.8850000000000002,1.61,2.22,,,,12.42,,
2014-05-20,0.03,0.35,1.53,2.52,3.38,2.17,0.35,2.17,1.93,3.9025,1.63,2.23,,,,12.96,,
2014-05-21,0.04,0.37,1.55,2.54,3.42,2.17,0.36,2.18,1.9549999999999998,3.9549999999999996,1.65,2.26,,,,11.91,,
2014-05-22,0.03,0.37,1.57,2.56,3.43,2.19,0.35,2.21,1.96,3.9375,1.67,2.25,,,,12.03,,4.14
2014-05-23,0.04,0.37,1.55,2.54,3.4,2.17,0.32,2.22,1.945,3.9200000000000004,1.65,2.24,,,,11.36,-0.783,
2014-05-26,,,,,,,,,,,,,,,,,,
2014-05-27,0.04,0.39,1.56,2.52,3.37,2.13,0.31,2.21,1.96,3.9025,1.69,2.23,,,,11.51,,
2014-05-28,0.04,0.37,1.5,2.44,3.29,2.07,0.22,2.22,1.96,3.9025,1.69,2.23,,,,11.68,,
2014-05-29,0.04,0.37,1.52,2.45,3.31,2.08,0.22,2.23,1.9700000000000002,3.9200000000000004,1.7,2.24,,,,11.57,,4.12
2014-05-30,0.04,0.37,1.54,2.48,3.33,2.11,0.26,2.22,1.9500000000000002,3.8850000000000002,1.68,2.22,,,,11.4,-0.788,
2014-06-01,,,,,,,,,,,,,237.837,102.735,6.1,,,
2014-06-02,0.04,0.39,1.6,2.54,3.38,2.15,0.32,2.22,1.9500000000000002,3.8850000000000002,1.68,2.22,,,,11.58,,
2014-06-03,0.04,0.41,1.65,2.6,3.43,2.19,0.41,2.19,1.9500000000000002,3.8850000000000002,1.68,2.22,,,,11.87,,
2014-06-04,0.04,0.41,1.65,2.61,3.45,2.2,0.44,2.17,1.95,3.9025,1.67,2.23,,,,12.08,,
2014-06-05,0.04,0.4,1.63,2.59,3.44,2.19,0.41,2.18,1.96,3.9200000000000004,1.68,2.24,,,,11.68,,4.14
2014-06-06,0.04,0.41,1.66,2.6,3.44,2.19,0.4,2.2,1.955,3.9025,1.68,2.23,,,,10.73,-0.792,
2014-06-09,0.04,0.43,1.69,2.62,3.45,2.19,0.41,2.21,1.945,3.8850000000000002,1.67,2.22,,,,11.15,,
2014-06-10,0.04,0.45,1.71,2.64,3.47,2.19,0.43,2.21,1.94,3.8674999999999997,1.67,2.21,,,,10.99,,
2014-06-11,0.04,0.44,1.7,2.65,3.47,2.21,0.43,2.22,1.9300000000000002,3.8500000000000005,1.66,2.2,,,,11.6,,
2014-06-12,0.04,0.42,1.66,2.58,3.41,2.16,0.39,2.19,1.94,3.8674999999999997,1.67,2.21,,,,12.56,,4.2
2014-06-13,0.04,0.45,1.7,2.6,3.41,2.15,0.41,2.19,1.9249999999999998,3.8325,1.66,2.19,,,,12.18,-0.792,
2014-06-16,0.04,0.49,1.71,2.61,3.4,2.12,0.41,2.2,1.9,3.7975,1.63,2.17,,,,12.65,,
2014-06-17,0.04,0.51,1.77,2.66,3.44,2.15,0.43,2.23,1.9,3.7975,1.63,2.17,,,,12.06,,
2014-06-18,0.03,0.48,1.71,2.61,3.43,2.13,0.38,2.23,1.92,3.8325,1.65,2.19,,,,10.61,,
2014-06-19,0.02,0.48,1.71,2.64,3.47,2.16,0.39,2.25,1.9249999999999998,3.8325,1.66,2.19,,,,10.62,,4.17
2014-06-20,0.02,0.5,1.71,2.63,3.44,2.13,0.35,2.28,1.915,3.8500000000000005,1.63,2.2,,,,10.85,-0.789,
2014-06-23,0.03,0.48,1.72,2.63,3.45,2.15,0.35,2.28,1.905,3.8325,1.62,2.19,,,,10.98,,
2014-06-24,0.03,0.49,1.7,2.59,3.41,2.1,0.31,2.28,1.905,3.8150000000000004,1.63,2.18,,,,12.13,,
2014-06-25,0.03,0.48,1.68,2.57,3.38,2.09,0.29,2.28,1.905,3.8150000000000004,1.63,2.18,,,,11.59,,
2014-06-26,0.04,0.46,1.64,2.53,3.35,2.07,0.26,2.27,1.9000000000000001,3.8150000000000004,1.62,2.18,,,,11.63,,4.14
2014-06-27,0.03,0.45,1.64,2.54,3.36,2.09,0.27,2.27,1.915,3.8500000000000005,1.63,2.2,,,,11.26,-0.782,
2014-06-30,0.04,0.47,1.62,2.53,3.34,2.06,0.27,2.26,1.9000000000000001,3.8150000000000004,1.62,2.18,,,,11.57,,
2014-07-01,0.02,0.47,1.66,2.58,3.4,2.11,0.32,2.26,1.915,3.8325,1.64,2.19,238.195,102.9632,6.2,11.15,,
2014-07-02,0.02,0.49,1.71,2.64,3.46,2.15,0.38,2.26,1.915,3.8500000000000005,1.63,2.2,,,,10.82,,
2014-07-03,0.01,0.52,1.74,2.65,3.47,2.13,0.37,2.28,1.92,3.8674999999999997,1.63,2.21,,,,10.32,,4.12
2014-07-04,,,,,,,,,,,,,,,,,-0.772,
2014-07-07,0.04,0.52,1.74,2.63,3.44,2.11,0.36,2.27,1.895,3.8150000000000004,1.61,2.18,,,,11.33,,
2014-07-08,0.03,0.51,1.7,2.58,3.38,2.07,0.31,2.27,1.8900000000000001,3.8150000000000004,1.6,2.18,,,,11.98,,
2014-07-09,0.03,0.51,1.68,2.57,3.37,2.06,0.28,2.29,1.88,3.7975,1.59,2.17,,,,11.65,,
2014-07-10,0.02,0.46,1.66,2.55,3.38,2.09,0.27,2.28,1.92,3.8500000000000005,1.64,2.2,,,,12.59,,4.15
2014-07-11,0.02,0.48,1.65,2.53,3.34,2.05,0.25,2.28,1.92,3.8500000000000005,1.64,2.2,,,,12.08,-0.76,
2014-07-14,0.03,0.48,1.68,2.55,3.36,2.07,0.28,2.27,1.9249999999999998,3.8674999999999997,1.64,2.21,,,,11.82,,
2014-07-15,0.02,0.49,1.7,2.56,3.37,2.07,0.31,2.25,1.915,3.8500000000000005,1.63,2.2,,,,11.96,,
2014-07-16,0.02,0.5,1.71,2.55,3.35,2.05,0.32,2.23,1.905,3.8325,1.62,2.19,,,,11.0,,
2014-07-17,0.02,0.47,1.65,2.47,3.27,2.0,0.24,2.23,1.9300000000000002,3.8850000000000002,1.64,2.22,,,,14.54,,4.13
2014-07-18,0.02,0.51,1.69,2.5,3.29,1.99,0.26,2.24,1.915,3.8500000000000005,1.63,2.2,,,,12.06,-0.748,
2014-07-21,0.03,0.51,1.7,2.49,3.26,1.98,0.25,2.24,1.9,3.8325,1.61,2.19,,,,12.81,,
2014-07-22,0.03,0.49,1.68,2.48,3.25,1.99,0.25,2.23,1.9,3.8325,1.61,2.19,,,,12.24,,
2014-07-23,0.03,0.5,1.67,2.48,3.26,1.98,0.25,2.23,1.92,3.8500000000000005,1.64,2.2,,,,11.52,,
2014-07-24,0.03,0.53,1.72,2.52,3.3,1.99,0.25,2.27,1.925,3.8500000000000005,1.65,2.2,,,,11.84,,4.13
2014-07-25,0.03,0.53,1.69,2.48,3.24,1.95,0.2,2.28,1.915,3.8325,1.64,2.19,,,,12.69,-0.738,
2014-07-28,0.04,0.54,1.73,2.5,3.26,1.96,0.22,2.28,1.895,3.8325,1.6,2.19,,,,12.56,,
2014-07-29,0.02,0.54,1.7,2.47,3.22,1.93,0.2,2.27,1.8850000000000002,3.8150000000000004,1.59,2.18,,,,13.28,,
2014-07-30,0.04,0.56,1.77,2.57,3.31,2.01,0.29,2.28,1.875,3.7975,1.58,2.17,,,,13.33,,
2014-07-31,0.03,0.53,1.76,2.58,3.32,2.05,0.29,2.29,1.87,3.7975,1.57,2.17,,,,16.95,,4.12
2014-08-01,0.03,0.47,1.67,2.52,3.29,2.05,0.25,2.27,1.9449999999999998,3.9025,1.66,2.23,238.405,102.7688,6.1,17.03,-0.73,
2014-08-04,0.04,0.47,1.66,2.51,3.3,2.04,0.26,2.25,1.955,3.9200000000000004,1.67,2.24,,,,15.12,,
2014-08-05,0.03,0.47,1.66,2.49,3.28,2.02,0.25,2.24,1.955,3.9375,1.66,2.25,,,,16.87,,
2014-08-06,0.03,0.48,1.66,2.49,3.27,2.01,0.24,2.25,1.9649999999999999,3.9549999999999996,1.67,2.26,,,,16.37,,
2014-08-07,0.03,0.44,1.6,2.43,3.23,1.99,0.19,2.24,1.98,3.9899999999999998,1.68,2.28,,,,16.66,,4.14
2014-08-08,0.03,0.45,1.62,2.44,3.23,1.99,0.19,2.25,1.96,3.9725,1.65,2.27,,,,15.77,-0.725,
2014-08-11,0.04,0.47,1.62,2.44,3.24,1.97,0.19,2.25,1.9699999999999998,3.9899999999999998,1.66,2.28,,,,14.23,,
2014-08-12,0.03,0.45,1.63,2.46,3.27,2.01,0.22,2.24,1.9849999999999999,4.0075,1.68,2.29,,,,14.13,,
2014-08-13,0.04,0.43,1.59,2.43,3.24,2.0,0.2,2.23,1.995,4.0425,1.68,2.31,,,,12.9,,
2014-08-14,0.04,0.42,1.58,2.4,3.2,1.98,0.19,2.21,1.975,4.0075,1.66,2.29,,,,12.42,,4.12
2014-08-15,0.03,0.42,1.55,2.34,3.13,1.92,0.16,2.18,1.975,4.0075,1.66,2.29,,,,13.15,-0.724,
2014-08-18,0.03,0.44,1.58,2.39,3.2,1.95,0.21,2.18,1.99,4.0425,1.67,2.31,,,,12.32,,
2014-08-19,0.03,0.46,1.59,2.4,3.21,1.94,0.23,2.17,2.02,4.077500000000001,1.71,2.33,,,,12.21,,
2014-08-20,0.04,0.49,1.65,2.43,3.22,1.94,0.26,2.17,1.9899999999999998,4.0249999999999995,1.68,2.3,,,,11.78,,
2014-08-21,0.02,0.49,1.64,2.41,3.19,1.92,0.24,2.17,1.9749999999999999,3.9899999999999998,1.67,2.28,,,,11.76,,4.1
2014-08-22,0.03,0.53,1.68,2.4,3.16,1.87,0.26,2.14,1.9449999999999998,3.9549999999999996,1.63,2.26,,,,11.47,-0.724,
2014-08-25,0.04,0.53,1.69,2.39,3.13,1.86,0.24,2.15,1.935,3.9375,1.62,2.25,,,,11.7,,
2014-08-26,0.03,0.52,1.68,2.39,3.15,1.87,0.25,2.14,1.9499999999999997,3.9549999999999996,1.64,2.26,,,,11.63,,
2014-08-27,0.04,0.51,1.65,2.37,3.11,1.86,0.23,2.14,1.9300000000000002,3.9200000000000004,1.62,2.24,,,,11.78,,
2014-08-28,0.03,0.5,1.63,2.34,3.08,1.84,0.21,2.13,1.915,3.9025,1.6,2.23,,,,12.05,,4.1
2014-08-29,0.03,0.48,1.63,2.35,3.09,1.87,0.23,2.12,1.915,3.9025,1.6,2.23,,,,11.98,-0.721,
2014-09-01,,,,,,,,,,,,,238.786,103.0641,5.9,,,
2014-09-02,0.03,0.53,1.69,2.42,3.17,1.89,0.27,2.15,1.915,3.9375,1.58,2.25,,,,12.25,,
2014-09-03,0.03,0.52,1.69,2.41,3.15,1.89,0.24,2.17,1.9050000000000002,3.9200000000000004,1.57,2.24,,,,12.36,,
2014-09-04,0.03,0.54,1.71,2.45,3.21,1.91,0.28,2.17,1.915,3.9375,1.58,2.25,,,,12.64,,4.1
2014-09-05,0.03,0.52,1.69,2.46,3.23,1.94,0.31,2.15,1.9649999999999999,4.0075,1.64,2.29,,,,12.09,-0.715,
2014-09-08,0.02,0.54,1.72,2.48,3.23,1.94,0.35,2.13,1.93,3.9549999999999996,1.6,2.26,,,,12.66,,
2014-09-09,0.02,0.56,1.76,2.5,3.23,1.94,0.39,2.11,1.92,3.9375,1.59,2.25,,,,13.5,,
2014-09-10,0.02,0.58,1.79,2.54,3.26,1.96,0.44,2.1,1.9249999999999998,3.9549999999999996,1.59,2.26,,,,12.88,,
2014-09-11,0.02,0.58,1.79,2.54,3.27,1.96,0.42,2.12,1.915,3.9375,1.58,2.25,,,,12.8,,4.12
2014-09-12,0.02,0.58,1.83,2.62,3.35,2.04,0.49,2.13,1.935,3.9725,1.6,2.27,,,,13.31,-0.705,
2014-09-15,0.02,0.58,1.8,2.6,3.34,2.02,0.47,2.13,1.9449999999999998,3.9899999999999998,1.61,2.28,,,,14.12,,
2014-09-16,0.02,0.55,1.78,2.6,3.36,2.05,0.48,2.12,1.96,4.0249999999999995,1.62,2.3,,,,12.73,,
2014-09-17,0.02,0.59,1.82,2.62,3.37,2.03,0.56,2.06,1.945,4.0075,1.6,2.29,,,,12.65,,
2014-09-18,0.02,0.59,1.85,2.63,3.36,2.04,0.61,2.02,1.935,3.9899999999999998,1.59,2.28,,,,12.03,,4.23
2014-09-19,0.02,0.59,1.83,2.59,3.29,2.0,0.56,2.03,1.915,3.9549999999999996,1.57,2.26,,,,12.11,-0.69,
2014-09-22,0.01,0.58,1.8,2.57,3.28,1.99,0.58,1.99,1.925,3.9725,1.58,2.27,,,,13.69,,
2014-09-23,0.01,0.57,1.78,2.54,3.25,1.97,0.52,2.02,1.91,3.9549999999999996,1.56,2.26,,,,14.93,,
2014-09-24,0.02,0.59,1.82,2.57,3.28,1.98,0.54,2.03,1.915,3.9725,1.56,2.27,,,,13.27,,
2014-09-25,0.01,0.56,1.75,2.52,3.22,1.96,0.5,2.02,1.905,3.9725,1.54,2.27,,,,15.64,,4.2
2014-09-26,0.01,0.59,1.8,2.54,3.22,1.95,0.57,1.97,1.895,3.9725,1.52,2.27,,,,14.85,-0.673,
2014-09-29,0.02,0.58,1.77,2.5,3.18,1.92,0.55,1.95,1.895,3.9725,1.52,2.27,,,,15.98,,
2014-09-30,0.02,0.58,1.78,2.52,3.21,1.94,0.55,1.97,1.9100000000000001,4.0075,1.53,2.29,,,,16.31,,
2014-10-01,0.02,0.53,1.69,2.42,3.12,1.89,0.46,1.96,1.92,4.0425,1.53,2.31,239.191,103.0764,5.7,16.71,,
2014-10-02,0.01,0.53,1.7,2.44,3.15,1.91,0.49,1.95,1.935,4.06,1.55,2.32,,,,16.16,,4.19
2014-10-03,0.01,0.57,1.73,2.45,3.13,1.88,0.52,1.93,1.9100000000000001,4.0075,1.53,2.29,,,,14.55,-0.657,
2014-10-06,0.02,0.54,1.7,2.43,3.12,1.89,0.5,1.93,1.9249999999999998,4.0249999999999995,1.55,2.3,,,,15.46,,
2014-10-07,0.02,0.52,1.64,2.36,3.06,1.84,0.44,1.92,1.9249999999999998,4.0249999999999995,1.55,2.3,,,,17.2,,
2014-10-08,0.01,0.46,1.57,2.35,3.07,1.89,0.39,1.96,1.9449999999999998,4.06,1.57,2.32,,,,15.11,,
2014-10-09,0.01,0.46,1.58,2.34,3.07,1.88,0.37,1.97,1.96,4.095,1.58,2.34,,,,18.76,,4.12
2014-10-10,0.01,0.45,1.55,2.31,3.03,1.86,0.35,1.96,1.97,4.13,1.58,2.36,,,,21.24,-0.645,
2014-10-13,,,,,,,,,,,,,,,,24.64,,
2014-10-14,0.02,0.39,1.45,2.21,2.95,1.82,0.29,1.92,1.995,4.1825,1.6,2.39,,,,22.79,,
2014-10-15,0.02,0.34,1.37,2.15,2.92,1.81,0.29,1.86,2.035,4.27,1.63,2.44,,,,26.25,,
2014-10-16,0.03,0.35,1.39,2.17,2.94,1.82,0.28,1.89,2.0700000000000003,4.322500000000001,1.67,2.47,,,,25.2,,3.97
2014-10-17,0.02,0.39,1.44,2.22,2.98,1.83,0.3,1.92,2.045,4.27,1.65,2.44,,,,21.99,-0.637,
2014-10-20,0.02,0.37,1.41,2.2,2.96,1.83,0.29,1.91,2.0700000000000003,4.2875000000000005,1.69,2.45,,,,18.57,,
2014-10-21,0.02,0.38,1.44,2.23,3.0,1.85,0.33,1.9,2.06,4.2525,1.69,2.43,,,,16.08,,
2014-10-22,0.02,0.41,1.46,2.25,3.01,1.84,0.34,1.91,2.05,4.234999999999999,1.68,2.42,,,,17.87,,
2014-10-23,0.01,0.41,1.52,2.29,3.05,1.88,0.38,1.91,2.045,4.234999999999999,1.67,2.42,,,,16.53,,3.92
2014-10-24,0.01,0.41,1.52,2.29,3.05,1.88,0.39,1.9,2.055,4.2525,1.68,2.43,,,,16.11,-0.638,
2014-10-27,0.02,0.41,1.51,2.27,3.04,1.86,0.38,1.89,2.06,4.27,1.68,2.44,,,,16.04,,
2014-10-28,0.02,0.42,1.53,2.3,3.06,1.88,0.39,1.91,2.045,4.2525,1.66,2.43,,,,14.39,,
2014-10-29,0.03,0.48,1.61,2.34,3.06,1.86,0.42,1.92,1.975,4.13,1.59,2.36,,,,15.15,,
2014-10-30,0.01,0.48,1.58,2.32,3.04,1.84,0.42,1.9,1.975,4.1825,1.56,2.39,,,,14.52,,3.98
2014-10-31,0.01,0.5,1.62,2.35,3.07,1.85,0.43,1.92,1.9700000000000002,4.1825,1.55,2.39,,,,14.03,-0.643,
2014-11-01,,,,,,,,,,,,,239.458,103.7126,5.8,,,
2014-11-03,0.02,0.52,1.63,2.36,3.07,1.84,0.43,1.93,1.965,4.1825,1.54,2.39,,,,14.73,,
2014-11-04,0.03,0.52,1.63,2.35,3.05,1.83,0.43,1.92,1.965,4.1825,1.54,2.39,,,,14.89,,
2014-11-05,0.03,0.52,1.63,2.36,3.06,1.84,0.43,1.93,1.965,4.1825,1.54,2.39,,,,14.17,,
2014-11-06,0.03,0.54,1.67,2.39,3.09,1.85,0.45,1.94,1.97,4.2,1.54,2.4,,,,13.67,,4.02
2014-11-07,0.03,0.51,1.6,2.32,3.04,1.81,0.38,1.94,1.995,4.2525,1.56,2.43,,,,13.12,-0.651,
2014-11-10,0.02,0.55,1.65,2.38,3.09,1.83,0.44,1.94,1.975,4.2175,1.54,2.41,,,,12.67,,
2014-11-11,,,,,,,,,,,,,,,,12.92,,
2014-11-12,0.02,0.55,1.65,2.37,3.09,1.82,0.46,1.91,2.005,4.2525,1.58,2.43,,,,13.02,,
2014-11-13,0.02,0.53,1.64,2.35,3.08,1.82,0.47,1.88,2.045,4.322500000000001,1.62,2.47,,,,13.79,,4.01
2014-11-14,0.02,0.54,1.62,2.32,3.04,1.78,0.43,1.89,2.05,4.34,1.62,2.48,,,,13.31,-0.656,
2014-11-17,0.03,0.54,1.64,2.34,3.06,1.8,0.48,1.86,2.0500000000000003,4.3575,1.61,2.49,,,,13.99,,
2014-11-18,0.02,0.53,1.63,2.32,3.05,1.79,0.48,1.84,2.08,4.41,1.64,2.52,,,,13.86,,
2014-11-19,0.01,0.54,1.66,2.36,3.08,1.82,0.53,1.83,2.065,4.3925,1.62,2.51,,,,13.96,,
2014-11-20,0.02,0.53,1.64,2.34,3.05,1.81,0.49,1.85,2.075,4.41,1.63,2.52,,,,13.58,,3.99
2014-11-21,0.01,0.53,1.63,2.31,3.02,1.78,0.45,1.86,2.06,4.3575,1.63,2.49,,,,12.9,-0.655,
2014-11-24,0.02,0.53,1.62,2.3,3.01,1.77,0.44,1.86,2.07,4.375,1.64,2.5,,,,12.62,,
2014-11-25,0.02,0.51,1.58,2.27,2.97,1.76,0.42,1.85,2.035,4.305,1.61,2.46,,,,12.25,,
2014-11-26,0.02,0.53,1.56,2.24,2.95,1.71,0.42,1.82,2.045,4.322500000000001,1.62,2.47,,,,12.07,,3.97
2014-11-27,,,,,,,,,,,,,,,,,,
2014-11-28,0.02,0.47,1.49,2.18,2.89,1.71,0.39,1.79,2.085,4.41,1.65,2.52,,,,13.33,-0.649,
2014-12-01,0.03,0.49,1.52,2.22,2.95,1.73,0.43,1.79,2.09,4.445,1.64,2.54,239.584,103.7044,5.6,14.29,,
2014-12-02,0.03,0.55,1.59,2.28,3.0,1.73,0.51,1.77,2.0949999999999998,4.445,1.65,2.54,,,,12.85,,
2014-12-03,0.01,0.57,1.61,2.29,2.99,1.72,0.5,1.79,2.075,4.41,1.63,2.52,,,,12.47,,
2014-12-04,0.02,0.55,1.59,2.25,2.94,1.7,0.48,1.77,2.085,4.427499999999999,1.64,2.53,,,,12.38,,3.89
2014-12-05,0.02,0.65,1.69,2.31,2.97,1.66,0.56,1.75,2.035,4.34,1.59,2.48,,,,11.82,-0.636,
2014-12-08,0.03,0.64,1.67,2.26,2.9,1.62,0.55,1.71,2.02,4.34,1.56,2.48,,,,14.21,,
2014-12-09,0.04,0.64,1.63,2.22,2.87,1.58,0.49,1.73,2.04,4.3925,1.57,2.51,,,,14.89,,
2014-12-10,0.03,0.59,1.58,2.18,2.83,1.59,0.47,1.71,2.05,4.427499999999999,1.57,2.53,,,,18.53,,
2014-12-11,0.03,0.62,1.62,2.19,2.84,1.57,0.49,1.7,2.04,4.427499999999999,1.55,2.53,,,,20.08,,3.93
2014-12-12,0.02,0.56,1.53,2.1,2.75,1.54,0.46,1.64,2.075,4.515000000000001,1.57,2.58,,,,21.08,-0.616,
2014-12-15,0.04,0.6,1.58,2.12,2.74,1.52,0.5,1.62,2.0700000000000003,4.48,1.58,2.56,,,,20.42,,
2014-12-16,0.03,0.58,1.53,2.07,2.69,1.49,0.42,1.65,2.115,4.55,1.63,2.6,,,,23.57,,
2014-12-17,0.03,0.62,1.61,2.14,2.74,1.52,0.49,1.65,2.105,4.55,1.61,2.6,,,,19.44,,
2014-12-18,0.04,0.67,1.68,2.22,2.82,1.55,0.57,1.65,2.0700000000000003,4.48,1.58,2.56,,,,16.81,,3.8
2014-12-19,0.04,0.67,1.66,2.17,2.77,1.5,0.49,1.68,2.08,4.48,1.6,2.56,,,,16.49,-0.594,
2014-12-22,0.05,0.71,1.67,2.17,2.75,1.46,0.47,1.7,2.045,4.427499999999999,1.56,2.53,,,,15.25,,
2014-12-23,0.03,0.73,1.76,2.26,2.85,1.53,0.56,1.7,2.05,4.427499999999999,1.57,2.53,,,,14.8,,
2014-12-24,0.01,0.73,1.76,2.27,2.83,1.54,0.59,1.68,2.02,4.375,1.54,2.5,,,,14.37,,3.83
2014-12-25,,,,,,,,,,,,,,,,,,
2014-12-26,0.01,0.73,1.75,2.25,2.81,1.52,0.58,1.67,2.02,4.375,1.54,2.5,,,,14.5,-0.572,
2014-12-29,0.03,0.72,1.72,2.22,2.78,1.5,0.57,1.65,2.0100000000000002,4.3575,1.53,2.49,,,,15.06,,
2014-12-30,0.03,0.69,1.68,2.2,2.76,1.51,0.56,1.64,2.0100000000000002,4.3575,1.53,2.49,,,,15.92,,
2014-12-31,0.04,0.67,1.65,2.17,2.75,1.5,0.49,1.68,2.03,4.3925,1.55,2.51,,,,19.2,,3.87
2015-01-01,,,,,,,,,,,,,239.811,102.8905,5.7,,,
2015-01-02,0.02,0.66,1.61,2.12,2.69,1.46,0.41,1.71,2.03,4.3925,1.55,2.51,,,,17.79,-0.549,
2015-01-05,0.03,0.68,1.57,2.04,2.6,1.36,0.4,1.64,2.035,4.41,1.55,2.52,,,,19.92,,
2015-01-06,0.03,0.65,1.5,1.97,2.52,1.32,0.41,1.56,2.025,4.41,1.53,2.52,,,,21.12,,
2015-01-07,0.03,0.62,1.47,1.96,2.52,1.34,0.39,1.57,2.04,4.427499999999999,1.55,2.53,,,,19.31,,
2015-01-08,0.03,0.62,1.5,2.03,2.59,1.41,0.41,1.62,2.04,4.445,1.54,2.54,,,,17.01,,3.73
2015-01-09,0.02,0.59,1.45,1.98,2.55,1.39,0.36,1.62,2.05,4.4624999999999995,1.55,2.55,,,,17.55,-0.531,
2015-01-12,0.03,0.56,1.39,1.92,2.49,1.36,0.35,1.57,2.05,4.4624999999999995,1.55,2.55,,,,19.6,,
2015-01-13,0.03,0.54,1.37,1.91,2.49,1.37,0.37,1.54,2.065,4.4624999999999995,1.58,2.55,,,,20.56,,
2015-01-14,0.04,0.51,1.33,1.86,2.47,1.35,0.29,1.57,2.09,4.515000000000001,1.6,2.58,,,,21.48,,
2015-01-15,0.03,0.44,1.22,1.77,2.4,1.33,0.19,1.58,2.16,4.6375,1.67,2.65,,,,22.39,,3.66
2015-01-16,0.03,0.49,1.29,1.83,2.44,1.34,0.23,1.6,2.125,4.585,1.63,2.62,,,,20.95,-0.517,
2015-01-19,,,,,,,,,,,,,,,,,,
2015-01-20,0.03,0.53,1.31,1.82,2.39,1.29,0.23,1.59,2.105,4.5675,1.6,2.61,,,,19.89,,
2015-01-21,0.03,0.53,1.35,1.87,2.44,1.34,0.26,1.61,2.09,4.5325,1.59,2.59,,,,18.85,,
2015-01-22,0.03,0.53,1.39,1.9,2.46,1.37,0.29,1.61,2.1,4.5325,1.61,2.59,,,,16.4,,3.63
2015-01-23,0.02,0.52,1.33,1.81,2.38,1.29,0.21,1.6,2.09,4.55,1.58,2.6,,,,16.66,-0.508,
2015-01-26,0.03,0.54,1.36,1.83,2.4,1.29,0.22,1.61,2.08,4.515000000000001,1.58,2.58,,,,15.52,,
2015-01-27,0.02,0.54,1.34,1.83,2.4,1.29,0.17,1.66,2.09,4.5325,1.59,2.59,,,,17.22,,
2015-01-28,0.02,0.5,1.25,1.73,2.29,1.23,0.12,1.61,2.0949999999999998,4.5325,1.6,2.59,,,,20.44,,
2015-01-29,0.03,0.51,1.28,1.77,2.33,1.26,0.15,1.62,2.08,4.515000000000001,1.58,2.58,,,,18.76,,3.66
2015-01-30,0.02,0.47,1.18,1.68,2.25,1.21,0.03,1.65,2.11,4.5675,1.61,2.61,,,,20.97,-0.505,
2015-02-01,,,,,,,,,,,,,240.172,102.2335,5.5,,,
2015-02-02,0.02,0.49,1.19,1.68,2.25,1.19,0.03,1.65,2.11,4.5675,1.61,2.61,,,,19.43,,
2015-02-03,0.02,0.52,1.28,1.79,2.37,1.27,0.09,1.7,2.12,4.5675,1.63,2.61,,,,17.33,,
2015-02-04,0.01,0.52,1.29,1.81,2.39,1.29,0.1,1.71,2.1100000000000003,4.55,1.62,2.6,,,,18.33,,
2015-02-05,0.02,0.52,1.3,1.83,2.42,1.31,0.13,1.7,2.115,4.55,1.63,2.6,,,,16.85,,3.59
2015-02-06,0.02,0.65,1.48,1.95,2.51,1.3,0.24,1.71,2.06,4.4624999999999995,1.57,2.55,,,,17.29,-0.506,
2015-02-09,0.01,0.65,1.49,1.96,2.52,1.31,0.25,1.71,2.045,4.427499999999999,1.56,2.53,,,,18.55,,
2015-02-10,0.01,0.67,1.52,2.01,2.58,1.34,0.31,1.7,2.08,4.427499999999999,1.63,2.53,,,,17.23,,
2015-02-11,0.01,0.67,1.53,2.0,2.57,1.33,0.32,1.68,2.08,4.427499999999999,1.63,2.53,,,,16.96,,
2015-02-12,0.02,0.61,1.5,1.99,2.58,1.38,0.33,1.66,2.0949999999999998,4.445,1.65,2.54,,,,15.34,,3.69
2015-02-13,0.01,0.66,1.53,2.02,2.63,1.36,0.34,1.68,2.0999999999999996,4.4624999999999995,1.65,2.55,,,,14.69,-0.511,
2015-02-16,,,,,,,,,,,,,,,,,,
2015-02-17,0.02,0.7,1.62,2.14,2.73,1.44,0.43,1.71,2.085,4.427499999999999,1.64,2.53,,,,15.8,,
2015-02-18,0.02,0.62,1.52,2.07,2.7,1.45,0.36,1.71,2.0949999999999998,4.427499999999999,1.66,2.53,,,,15.45,,
2015-02-19,0.02,0.67,1.58,2.11,2.73,1.44,0.37,1.74,2.0949999999999998,4.427499999999999,1.66,2.53,,,,15.29,,3.76
2015-02-20,0.02,0.67,1.61,2.13,2.73,1.46,0.38,1.75,2.075,4.375,1.65,2.5,,,,14.3,-0.517,
2015-02-23,0.02,0.64,1.56,2.06,2.66,1.42,0.34,1.72,2.06,4.34,1.64,2.48,,,,14.56,,
2015-02-24,0.02,0.6,1.47,1.99,2.6,1.39,0.27,1.72,2.075,4.3575,1.66,2.49,,,,13.69,,
2015-02-25,0.02,0.61,1.47,1.96,2.56,1.35,0.24,1.72,2.0700000000000003,4.3575,1.65,2.49,,,,13.84,,
2015-02-26,0.03,0.66,1.54,2.03,2.63,1.37,0.24,1.79,2.025,4.27,1.61,2.44,,,,13.91,,3.8
2015-02-27,0.02,0.63,1.5,2.0,2.6,1.37,0.17,1.83,2.05,4.305,1.64,2.46,,,,13.34,-0.524,
2015-03-01,,,,,,,,,,,,,240.755,101.8914,5.4,,,
2015-03-02,0.02,0.66,1.57,2.08,2.68,1.42,0.25,1.83,2.05,4.34,1.62,2.48,,,,13.04,,
2015-03-03,0.02,0.68,1.61,2.12,2.71,1.44,0.26,1.86,2.035,4.305,1.61,2.46,,,,13.86,,
2015-03-04,0.01,0.66,1.6,2.12,2.72,1.46,0.25,1.87,2.035,4.305,1.61,2.46,,,,14.23,,
2015-03-05,0.02,0.65,1.57,2.11,2.71,1.46,0.27,1.84,2.035,4.322500000000001,1.6,2.47,,,,14.04,,3.75
2015-03-06,0.01,0.73,1.7,2.24,2.83,1.51,0.41,1.83,2.0100000000000002,4.2875000000000005,1.57,2.45,,,,15.2,-0.529,
2015-03-09,0.02,0.7,1.66,2.2,2.8,1.5,0.44,1.76,2.02,4.305,1.58,2.46,,,,15.06,,
2015-03-10,0.02,0.7,1.62,2.14,2.73,1.44,0.41,1.73,2.005,4.2875000000000005,1.56,2.45,,,,16.69,,
2015-03-11,0.03,0.7,1.6,2.11,2.69,1.41,0.39,1.72,2.005,4.2875000000000005,1.56,2.45,,,,16.87,,
2015-03-12,0.03,0.67,1.59,2.1,2.69,1.43,0.39,1.71,2.015,4.305,1.57,2.46,,,,15.42,,3.86
2015-03-13,0.03,0.68,1.6,2.13,2.7,1.45,0.44,1.69,2.02,4.322500000000001,1.57,2.47,,,,16.0,-0.533,
2015-03-16,0.05,0.66,1.57,2.1,2.67,1.44,0.45,1.65,2.04,4.34,1.6,2.48,,,,15.61,,
2015-03-17,0.05,0.7,1.56,2.06,2.61,1.36,0.42,1.64,2.0500000000000003,4.3575,1.61,2.49,,,,15.66,,
2015-03-18,0.03,0.57,1.41,1.93,2.51,1.36,0.23,1.7,2.11,4.4624999999999995,1.67,2.55,,,,13.97,,
2015-03-19,0.03,0.63,1.48,1.98,2.54,1.35,0.19,1.79,2.05,4.375,1.6,2.5,,,,14.07,,3.78
2015-03-20,0.01,0.6,1.42,1.93,2.5,1.33,0.17,1.76,2.065,4.3925,1.62,2.51,,,,13.02,-0.536,
2015-03-23,0.03,0.6,1.41,1.92,2.51,1.32,0.17,1.75,2.08,4.445,1.62,2.54,,,,13.41,,
2015-03-24,0.02,0.58,1.37,1.88,2.46,1.3,0.11,1.77,2.075,4.427499999999999,1.62,2.53,,,,13.62,,
2015-03-25,0.04,0.59,1.41,1.93,2.5,1.34,0.12,1.81,2.06,4.427499999999999,1.59,2.53,,,,15.44,,
2015-03-26,0.03,0.61,1.47,2.01,2.6,1.4,0.21,1.8,2.075,4.4624999999999995,1.6,2.55,,,,15.8,,3.69
2015-03-27,0.04,0.58,1.42,1.95,2.53,1.37,0.19,1.76,2.0549999999999997,4.427499999999999,1.58,2.53,,,,15.07,-0.538,
2015-03-30,0.04,0.58,1.41,1.96,2.55,1.38,0.23,1.73,2.07,4.4624999999999995,1.59,2.55,,,,14.51,,
2015-03-31,0.03,0.56,1.37,1.94,2.54,1.38,0.18,1.76,2.065,4.4624999999999995,1.58,2.55,,,,15.29,,
2015-04-01,0.03,0.55,1.32,1.87,2.47,1.32,0.07,1.8,2.065,4.4624999999999995,1.58,2.55,241.346,101.3355,5.4,15.11,,
2015-04-02,0.02,0.55,1.35,1.92,2.53,1.37,0.11,1.81,2.06,4.4624999999999995,1.57,2.55,,,,14.67,,3.7
2015-04-03,0.02,0.49,1.26,1.85,2.49,1.36,0.02,1.83,2.08,4.515000000000001,1.58,2.58,,,,,-0.54,
2015-04-06,0.03,0.51,1.31,1.92,2.57,1.41,0.07,1.85,2.085,4.515000000000001,1.59,2.58,,,,14.74,,
2015-04-07,0.02,0.52,1.32,1.89,2.52,1.37,0.04,1.85,2.0700000000000003,4.48,1.58,2.56,,,,14.78,,
2015-04-08,0.03,0.54,1.35,1.92,2.53,1.38,0.08,1.84,2.02,4.3925,1.53,2.51,,,,13.98,,
2015-04-09,0.03,0.56,1.4,1.97,2.61,1.41,0.13,1.84,2.045,4.427499999999999,1.56,2.53,,,,13.09,,3.66
2015-04-10,0.02,0.57,1.41,1.96,2.58,1.39,0.14,1.82,2.05,4.427499999999999,1.57,2.53,,,,12.58,-0.542,
2015-04-13,0.03,0.54,1.38,1.94,2.58,1.4,0.14,1.8,2.06,4.445,1.58,2.54,,,,13.94,,
2015-04-14,0.02,0.53,1.34,1.9,2.54,1.37,0.1,1.8,2.055,4.445,1.57,2.54,,,,13.67,,
2015-04-15,0.02,0.51,1.33,1.91,2.55,1.4,0.07,1.84,2.055,4.445,1.57,2.54,,,,12.84,,
2015-04-16,0.02,0.5,1.31,1.9,2.56,1.4,0.05,1.85,2.06,4.4624999999999995,1.57,2.55,,,,12.6,,3.67
2015-04-17,0.01,0.51,1.31,1.87,2.51,1.36,-0.02,1.89,2.045,4.427499999999999,1.56,2.53,,,,13.89,-0.543,
2015-04-20,0.03,0.55,1.33,1.9,2.56,1.35,0.01,1.89,2.075,4.4624999999999995,1.6,2.55,,,,13.3,,
2015-04-21,0.03,0.55,1.35,1.92,2.58,1.37,0.06,1.86,2.065,4.445,1.59,2.54,,,,13.25,,
2015-04-22,0.03,0.57,1.41,1.99,2.66,1.42,0.12,1.87,2.06,4.427499999999999,1.59,2.53,,,,12.71,,
2015-04-23,0.03,0.55,1.37,1.96,2.63,1.41,0.07,1.89,2.0700000000000003,4.445,1.6,2.54,,,,12.48,,3.65
2015-04-24,0.03,0.54,1.34,1.93,2.62,1.39,0.04,1.89,2.09,4.48,1.62,2.56,,,,12.29,-0.545,
2015-04-27,0.02,0.54,1.36,1.94,2.61,1.4,0.03,1.91,2.0700000000000003,4.445,1.6,2.54,,,,13.12,,
2015-04-28,0.02,0.56,1.39,2.0,2.68,1.44,0.11,1.89,2.075,4.4624999999999995,1.6,2.55,,,,12.41,,
2015-04-29,0.01,0.56,1.43,2.06,2.76,1.5,0.14,1.92,2.105,4.515000000000001,1.63,2.58,,,,13.39,,
2015-04-30,0.01,0.58,1.43,2.05,2.75,1.47,0.11,1.94,2.145,4.55,1.69,2.6,,,,14.55,,3.68
2015-05-01,0.01,0.6,1.5,2.12,2.82,1.52,0.18,1.94,2.155,4.5675,1.7,2.61,241.688,100.8883,5.6,12.7,-0.545,
2015-05-04,0.02,0.6,1.51,2.16,2.88,1.56,0.24,1.92,2.155,4.5675,1.7,2.61,,,,12.85,,
2015-05-05,0.01,0.62,1.54,2.19,2.9,1.57,0.25,1.94,2.165,4.585,1.71,2.62,,,,14.31,,
2015-05-06,0.02,0.65,1.58,2.25,2.98,1.6,0.34,1.91,2.185,4.62,1.73,2.64,,,,15.15,,
2015-05-07,0.01,0.63,1.55,2.18,2.9,1.55,0.3,1.88,2.19,4.62,1.74,2.64,,,,15.13,,3.8
2015-05-08,0.01,0.59,1.5,2.16,2.9,1.57,0.28,1.88,2.2,4.6375,1.75,2.65,,,,12.86,-0.545,
2015-05-11,0.02,0.62,1.59,2.28,3.03,1.66,0.4,1.88,2.205,4.655,1.75,2.66,,,,13.85,,
2015-05-12,0.03,0.61,1.58,2.28,3.02,1.67,0.4,1.88,2.19,4.6375,1.73,2.65,,,,13.86,,
2015-05-13,0.02,0.59,1.57,2.27,3.07,1.68,0.41,1.86,2.245,4.7425,1.78,2.71,,,,13.76,,
2015-05-14,0.01,0.56,1.51,2.23,3.03,1.67,0.36,1.87,2.2750000000000004,4.795,1.81,2.74,,,,12.74,,3.85
2015-05-15,0.02,0.55,1.46,2.14,2.93,1.59,0.31,1.83,2.265,4.760000000000001,1.81,2.72,,,,12.38,-0.545,
2015-05-18,0.02,0.58,1.54,2.23,3.02,1.65,0.37,1.86,2.275,4.7775,1.82,2.73,,,,12.73,,
2015-05-19,0.02,0.63,1.6,2.27,3.05,1.64,0.42,1.85,2.255,4.7425,1.8,2.71,,,,12.85,,
2015-05-20,0.02,0.6,1.57,2.26,3.06,1.66,0.38,1.88,2.2800000000000002,4.7775,1.83,2.73,,,,12.88,,
2015-05-21,0.02,0.6,1.53,2.19,2.98,1.59,0.35,1.84,2.31,4.8125,1.87,2.75,,,,12.11,,3.84
2015-05-22,0.02,0.64,1.57,2.21,2.99,1.57,0.34,1.87,2.3000000000000003,4.795,1.86,2.74,,,,12.13,-0.546,
2015-05-25,,,,,,,,,,,,,,,,,,
2015-05-26,0.02,0.64,1.54,2.14,2.89,1.5,0.32,1.82,2.285,4.7775,1.84,2.73,,,,14.06,,
2015-05-27,0.01,0.64,1.53,2.14,2.88,1.5,0.34,1.8,2.255,4.7425,1.8,2.71,,,,13.27,,
2015-05-28,0.01,0.62,1.51,2.13,2.89,1.51,0.33,1.8,2.285,4.8125,1.82,2.75,,,,13.31,,3.87
2015-05-29,0.01,0.61,1.49,2.12,2.88,1.51,0.32,1.8,2.27,4.760000000000001,1.82,2.72,,,,13.84,-0.546,
2015-06-01,0.02,0.64,1.55,2.19,2.94,1.55,0.39,1.8,2.305,4.8125,1.86,2.75,242.064,100.571,5.3,13.97,,
2015-06-02,0.01,0.64,1.61,2.27,3.02,1.63,0.44,1.83,2.295,4.8125,1.84,2.75,,,,14.24,,
2015-06-03,0.02,0.69,1.69,2.38,3.11,1.69,0.55,1.83,2.265,4.760000000000001,1.81,2.72,,,,13.66,,
2015-06-04,0.02,0.66,1.65,2.31,3.03,1.65,0.5,1.81,2.265,4.760000000000001,1.81,2.72,,,,14.71,,3.87
2015-06-05,0.03,0.73,1.75,2.41,3.11,1.68,0.55,1.86,2.235,4.7075,1.78,2.69,,,,14.21,-0.545,
2015-06-08,0.02,0.7,1.72,2.39,3.11,1.69,0.54,1.85,2.25,4.7250000000000005,1.8,2.7,,,,15.29,,
2015-06-09,0.02,0.72,1.74,2.42,3.15,1.7,0.56,1.86,2.27,4.7775,1.81,2.73,,,,14.47,,
2015-06-10,0.02,0.75,1.8,2.5,3.22,1.75,0.63,1.87,2.23,4.7250000000000005,1.76,2.7,,,,13.22,,
2015-06-11,0.01,0.73,1.74,2.39,3.11,1.66,0.56,1.83,2.245,4.7425,1.78,2.71,,,,12.85,,4.04
2015-06-12,0.02,0.74,1.75,2.39,3.1,1.65,0.55,1.84,2.2350000000000003,4.7250000000000005,1.77,2.7,,,,13.78,-0.544,
2015-06-15,0.02,0.72,1.71,2.36,3.09,1.64,0.51,1.85,2.2800000000000002,4.7775,1.83,2.73,,,,15.39,,
2015-06-16,0.01,0.71,1.68,2.32,3.06,1.61,0.44,1.88,2.285,4.795,1.83,2.74,,,,14.81,,
2015-06-17,0.01,0.67,1.63,2.32,3.09,1.65,0.42,1.9,2.295,4.83,1.83,2.76,,,,14.5,,
2015-06-18,0.01,0.66,1.65,2.35,3.14,1.69,0.46,1.89,2.3449999999999998,4.935,1.87,2.82,,,,13.19,,4.0
2015-06-19,0.01,0.65,1.59,2.26,3.05,1.61,0.4,1.86,2.3499999999999996,4.935,1.88,2.82,,,,13.96,-0.541,
2015-06-22,0.01,0.68,1.68,2.37,3.16,1.69,0.47,1.9,2.34,4.9175,1.87,2.81,,,,12.74,,
2015-06-23,0.01,0.7,1.71,2.42,3.2,1.72,0.5,1.92,2.34,4.935,1.86,2.82,,,,12.11,,
2015-06-24,0.01,0.68,1.69,2.38,3.16,1.7,0.48,1.9,2.325,4.9175,1.84,2.81,,,,13.26,,
2015-06-25,0.01,0.68,1.7,2.4,3.16,1.72,0.49,1.91,2.315,4.8999999999999995,1.83,2.8,,,,14.01,,4.02
2015-06-26,0.01,0.72,1.75,2.49,3.25,1.77,0.57,1.92,2.325,4.9175,1.84,2.81,,,,14.02,-0.539,
2015-06-29,0.02,0.64,1.62,2.33,3.09,1.69,0.46,1.87,2.35,4.97,1.86,2.84,,,,18.85,,
2015-06-30,0.01,0.64,1.63,2.35,3.11,1.71,0.48,1.87,2.335,4.952500000000001,1.84,2.83,,,,18.23,,
2015-07-01,0.01,0.69,1.7,2.43,3.2,1.74,0.54,1.89,2.33,4.952500000000001,1.83,2.83,242.565,101.2228,5.2,16.09,,
2015-07-02,0.01,0.64,1.64,2.4,3.19,1.76,0.49,1.91,2.36,5.005,1.86,2.86,,,,16.79,,4.08
2015-07-03,,,,,,,,,,,,,,,,,-0.534,
2015-07-06,0.02,0.6,1.56,2.3,3.08,1.7,0.43,1.87,2.34,4.97,1.84,2.84,,,,17.01,,
2015-07-07,0.02,0.58,1.55,2.27,3.04,1.69,0.4,1.87,2.33,4.97,1.82,2.84,,,,16.09,,
2015-07-08,0.02,0.55,1.5,2.22,2.99,1.67,0.39,1.83,2.3600000000000003,5.0225,1.85,2.87,,,,19.66,,
2015-07-09,0.03,0.6,1.58,2.32,3.11,1.72,0.47,1.85,2.37,5.04,1.86,2.88,,,,19.97,,4.04
2015-07-10,0.01,0.65,1.68,2.42,3.2,1.77,0.55,1.87,2.385,5.075,1.87,2.9,,,,16.83,-0.529,
2015-07-13,0.02,0.69,1.71,2.44,3.21,1.75,0.58,1.86,2.355,5.04,1.83,2.88,,,,13.9,,
2015-07-14,0.01,0.66,1.67,2.41,3.2,1.75,0.56,1.85,2.38,5.0925,1.85,2.91,,,,13.37,,
2015-07-15,0.02,0.64,1.63,2.36,3.13,1.72,0.52,1.84,2.375,5.0925,1.84,2.91,,,,13.23,,
2015-07-16,0.02,0.67,1.66,2.36,3.11,1.69,0.52,1.84,2.355,5.04,1.83,2.88,,,,12.11,,4.09
2015-07-17,0.03,0.68,1.67,2.34,3.08,1.66,0.51,1.83,2.345,5.0225,1.82,2.87,,,,11.95,-0.523,
2015-07-20,0.04,0.71,1.72,2.38,3.1,1.67,0.56,1.82,2.33,5.005,1.8,2.86,,,,12.25,,
2015-07-21,0.03,0.71,1.69,2.35,3.08,1.64,0.53,1.82,2.35,5.0225,1.83,2.87,,,,12.22,,
2015-07-22,0.04,0.75,1.69,2.33,3.04,1.58,0.53,1.8,2.325,4.9875,1.8,2.85,,,,12.12,,
2015-07-23,0.03,0.71,1.65,2.28,2.98,1.57,0.49,1.79,2.325,4.9875,1.8,2.85,,,,12.64,,4.04
2015-07-24,0.04,0.7,1.64,2.27,2.96,1.57,0.51,1.76,2.335,5.0225,1.8,2.87,,,,13.74,-0.514,
2015-07-27,0.05,0.68,1.58,2.23,2.93,1.55,0.5,1.73,2.355,5.075,1.81,2.9,,,,15.6,,
2015-07-28,0.05,0.69,1.61,2.26,2.96,1.57,0.51,1.75,2.355,5.0925,1.8,2.91,,,,13.44,,
2015-07-29,0.06,0.7,1.62,2.29,2.99,1.59,0.52,1.77,2.35,5.075,1.8,2.9,,,,12.5,,
2015-07-30,0.07,0.72,1.62,2.28,2.96,1.56,0.51,1.77,2.325,5.04,1.77,2.88,,,,12.13,,3.98
2015-07-31,0.08,0.67,1.54,2.2,2.92,1.53,0.46,1.74,2.4050000000000002,5.145,1.87,2.94,,,,12.12,-0.499,
2015-08-01,,,,,,,,,,,,,242.817,101.0367,5.1,,,
2015-08-03,0.08,0.68,1.52,2.16,2.86,1.48,0.46,1.7,2.375,5.109999999999999,1.83,2.92,,,,12.56,,
2015-08-04,0.08,0.74,1.6,2.23,2.9,1.49,0.52,1.71,2.335,5.04,1.79,2.88,,,,13.0,,
2015-08-05,0.08,0.73,1.65,2.28,2.94,1.55,0.58,1.7,2.35,5.075,1.8,2.9,,,,12.51,,
2015-08-06,0.04,0.71,1.62,2.23,2.9,1.52,0.56,1.67,2.375,5.109999999999999,1.83,2.92,,,,13.77,,3.91
2015-08-07,0.06,0.73,1.59,2.18,2.83,1.45,0.52,1.66,2.345,5.0925,1.78,2.91,,,,13.39,-0.48,
2015-08-10,0.12,0.73,1.62,2.24,2.89,1.51,0.55,1.69,2.375,5.1275,1.82,2.93,,,,12.23,,
2015-08-11,0.1,0.68,1.53,2.15,2.81,1.47,0.49,1.66,2.375,5.145,1.81,2.94,,,,13.71,,
2015-08-12,0.1,0.67,1.52,2.14,2.84,1.47,0.52,1.62,2.415,5.197500000000001,1.86,2.97,,,,13.61,,
2015-08-13,0.1,0.72,1.58,2.19,2.86,1.47,0.57,1.62,2.415,5.215,1.85,2.98,,,,13.49,,3.94
2015-08-14,0.09,0.73,1.61,2.2,2.84,1.47,0.58,1.62,2.4000000000000004,5.197500000000001,1.83,2.97,,,,12.83,-0.459,
2015-08-17,0.1,0.72,1.58,2.16,2.81,1.44,0.58,1.58,2.4000000000000004,5.197500000000001,1.83,2.97,,,,13.02,,
2015-08-18,0.07,0.74,1.6,2.2,2.87,1.46,0.62,1.58,2.425,5.2675,1.84,3.01,,,,13.79,,
2015-08-19,0.05,0.67,1.5,2.12,2.81,1.45,0.55,1.57,2.4699999999999998,5.355,1.88,3.06,,,,15.25,,
2015-08-20,0.02,0.69,1.5,2.09,2.76,1.4,0.53,1.56,2.46,5.32,1.88,3.04,,,,19.14,,3.93
2015-08-21,0.03,0.64,1.44,2.05,2.74,1.41,0.52,1.53,2.5,5.425,1.9,3.1,,,,28.03,-0.437,
2015-08-24,0.06,0.59,1.39,2.01,2.73,1.42,0.52,1.49,2.535,5.495,1.93,3.14,,,,40.74,,
2015-08-25,0.07,0.67,1.48,2.12,2.84,1.45,0.59,1.53,2.565,5.547499999999999,1.96,3.17,,,,36.02,,
2015-08-26,0.06,0.67,1.49,2.18,2.94,1.51,0.65,1.53,2.595,5.6000000000000005,1.99,3.2,,,,30.32,,
2015-08-27,0.06,0.68,1.49,2.18,2.93,1.5,0.6,1.58,2.5549999999999997,5.5125,1.96,3.15,,,,26.1,,3.84
2015-08-28,0.06,0.72,1.52,2.19,2.92,1.47,0.58,1.61,2.53,5.4775,1.93,3.13,,,,26.05,-0.417,
2015-08-31,0.08,0.74,1.54,2.21,2.95,1.47,0.58,1.63,2.545,5.5125,1.94,3.15,,,,28.43,,
2015-09-01,0.03,0.7,1.49,2.17,2.93,1.47,0.6,1.57,2.58,5.565,1.98,3.18,243.316,100.7547,5.0,31.4,,
2015-09-02,0.03,0.72,1.52,2.2,2.97,1.48,0.64,1.56,2.565,5.547499999999999,1.96,3.17,,,,26.09,,
2015-09-03,0.02,0.71,1.49,2.18,2.95,1.47,0.64,1.54,2.56,5.547499999999999,1.95,3.17,,,,25.61,,3.89
2015-09-04,0.02,0.71,1.47,2.13,2.89,1.42,0.62,1.51,2.525,5.5125,1.9,3.15,,,,27.8,-0.404,
2015-09-07,,,,,,,,,,,,,,,,,,
2015-09-08,0.06,0.74,1.53,2.2,2.97,1.46,0.67,1.53,2.535,5.53,1.91,3.16,,,,24.9,,
2015-09-09,0.03,0.75,1.53,2.21,2.96,1.46,0.65,1.56,2.49,5.425,1.88,3.1,,,,26.23,,
2015-09-10,0.02,0.75,1.55,2.23,2.98,1.48,0.64,1.59,2.51,5.46,1.9,3.12,,,,24.37,,3.9
2015-09-11,0.04,0.71,1.52,2.2,2.95,1.49,0.61,1.59,2.475,5.4425,1.84,3.11,,,,23.2,-0.398,
2015-09-14,0.07,0.73,1.51,2.18,2.95,1.45,0.62,1.56,2.495,5.4775,1.86,3.13,,,,24.25,,
2015-09-15,0.07,0.82,1.61,2.28,3.06,1.46,0.72,1.56,2.5300000000000002,5.53,1.9,3.16,,,,22.54,,
2015-09-16,0.06,0.82,1.62,2.3,3.08,1.48,0.73,1.57,2.5149999999999997,5.5125,1.88,3.15,,,,21.35,,
2015-09-17,0.01,0.7,1.5,2.21,3.02,1.51,0.63,1.58,2.5300000000000002,5.565,1.88,3.18,,,,21.14,,3.91
2015-09-18,0.0,0.69,1.45,2.13,2.93,1.44,0.58,1.55,2.505,5.5125,1.86,3.15,,,,22.28,-0.398,
2015-09-21,0.01,0.72,1.51,2.2,3.02,1.48,0.66,1.54,2.55,5.5825,1.91,3.19,,,,20.14,,
2015-09-22,0.0,0.69,1.44,2.14,2.94,1.45,0.63,1.51,2.51,5.5125,1.87,3.15,,,,22.44,,
2015-09-23,0.01,0.7,1.47,2.16,2.95,1.46,0.64,1.52,2.495,5.5125,1.84,3.15,,,,22.13,,
2015-09-24,0.01,0.67,1.44,2.13,2.91,1.46,0.64,1.49,2.5100000000000002,5.53,1.86,3.16,,,,23.47,,3.86
2015-09-25,0.0,0.7,1.48,2.17,2.96,1.47,0.71,1.46,2.535,5.5825,1.88,3.19,,,,23.62,-0.404,
2015-09-28,0.01,0.67,1.42,2.1,2.87,1.43,0.71,1.39,2.55,5.6175,1.89,3.21,,,,27.63,,
2015-09-29,0.01,0.64,1.37,2.05,2.85,1.41,0.66,1.39,2.59,5.705,1.92,3.26,,,,26.83,,
2015-09-30,0.0,0.64,1.37,2.06,2.87,1.42,0.65,1.41,2.615,5.7575,1.94,3.29,,,,24.5,,
2015-10-01,0.0,0.64,1.37,2.05,2.85,1.41,0.59,1.46,2.62,5.7925,1.93,3.31,243.768,100.2675,5.0,22.55,,3.85
2015-10-02,0.0,0.58,1.29,1.99,2.82,1.41,0.51,1.48,2.65,5.845,1.96,3.34,,,,20.94,-0.413,
2015-10-05,0.01,0.61,1.35,2.07,2.9,1.46,0.56,1.51,2.65,5.827500000000001,1.97,3.33,,,,19.54,,
2015-10-06,0.0,0.61,1.34,2.05,2.88,1.44,0.53,1.52,2.635,5.81,1.95,3.32,,,,19.4,,
2015-10-07,0.0,0.65,1.37,2.08,2.89,1.43,0.53,1.55,2.585,5.7225,1.9,3.27,,,,18.4,,
2015-10-08,0.0,0.65,1.4,2.12,2.96,1.47,0.54,1.58,2.5999999999999996,5.739999999999999,1.92,3.28,,,,17.42,,3.76
2015-10-09,0.01,0.65,1.41,2.12,2.94,1.47,0.58,1.54,2.565,5.705,1.87,3.26,,,,17.08,-0.429,
2015-10-12,,,,,,,,,,,,,,,,16.17,,
2015-10-13,0.01,0.64,1.36,2.06,2.89,1.42,0.54,1.52,2.575,5.739999999999999,1.87,3.28,,,,17.67,,
2015-10-14,0.0,0.57,1.29,1.99,2.84,1.42,0.5,1.49,2.61,5.7925,1.91,3.31,,,,18.03,,
2015-10-15,0.01,0.61,1.34,2.04,2.87,1.43,0.54,1.5,2.59,5.7575,1.89,3.29,,,,16.05,,3.82
2015-10-16,0.01,0.61,1.36,2.04,2.87,1.43,0.56,1.48,2.58,5.739999999999999,1.88,3.28,,,,15.05,-0.443,
2015-10-19,0.02,0.61,1.35,2.04,2.89,1.43,0.59,1.45,2.5999999999999996,5.7749999999999995,1.9,3.3,,,,14.98,,
2015-10-20,0.02,0.66,1.4,2.08,2.92,1.42,0.6,1.48,2.58,5.7575,1.87,3.29,,,,15.75,,
2015-10-21,0.01,0.64,1.37,2.04,2.87,1.4,0.59,1.45,2.57,5.739999999999999,1.86,3.28,,,,16.7,,
2015-10-22,0.0,0.61,1.36,2.04,2.87,1.43,0.57,1.47,2.5549999999999997,5.705,1.85,3.26,,,,14.45,,3.79
2015-10-23,0.01,0.66,1.43,2.09,2.9,1.43,0.58,1.51,2.535,5.6525,1.84,3.23,,,,14.46,-0.456,
2015-10-26,0.02,0.66,1.41,2.07,2.87,1.41,0.59,1.48,2.5250000000000004,5.635000000000001,1.83,3.22,,,,15.29,,
2015-10-27,0.03,0.65,1.38,2.05,2.86,1.4,0.57,1.48,2.545,5.6875,1.84,3.25,,,,15.43,,
2015-10-28,0.04,0.73,1.47,2.1,2.87,1.37,0.63,1.47,2.505,5.6000000000000005,1.81,3.2,,,,14.33,,
2015-10-29,0.07,0.75,1.53,2.19,2.96,1.44,0.67,1.52,2.5300000000000002,5.6175,1.85,3.21,,,,14.61,,3.76
2015-10-30,0.08,0.75,1.52,2.16,2.93,1.41,0.63,1.53,2.505,5.5825,1.82,3.19,,,,15.07,-0.465,
2015-11-01,,,,,,,,,,,,,244.241,99.5298,5.1,,,
2015-11-02,0.08,0.77,1.57,2.2,2.95,1.43,0.65,1.55,2.495,5.565,1.81,3.18,,,,14.15,,
2015-11-03,0.06,0.8,1.59,2.23,3.0,1.43,0.65,1.58,2.51,5.5825,1.83,3.19,,,,14.54,,
2015-11-04,0.05,0.84,1.64,2.25,3.0,1.41,0.68,1.57,2.48,5.53,1.8,3.16,,,,15.51,,
2015-11-05,0.05,0.85,1.65,2.26,3.01,1.41,0.71,1.55,2.4850000000000003,5.565,1.79,3.18,,,,15.05,,3.87
2015-11-06,0.08,0.9,1.73,2.34,3.09,1.44,0.75,1.59,2.465,5.547499999999999,1.76,3.17,,,,14.33,-0.469,
2015-11-09,0.14,0.89,1.75,2.36,3.12,1.47,0.76,1.6,2.455,5.5125,1.76,3.15,,,,16.52,,
2015-11-10,0.13,0.87,1.72,2.32,3.1,1.45,0.77,1.55,2.4850000000000003,5.565,1.79,3.18,,,,15.29,,
2015-11-11,,,,,,,,,,,,,,,,16.06,,
2015-11-12,0.14,0.89,1.73,2.32,3.09,1.43,0.78,1.54,2.49,5.5825,1.79,3.19,,,,18.37,,3.98
2015-11-13,0.14,0.86,1.67,2.28,3.06,1.42,0.76,1.52,2.505,5.6000000000000005,1.81,3.2,,,,20.08,-0.465,
2015-11-16,0.15,0.88,1.66,2.27,3.07,1.39,0.76,1.51,2.54,5.67,1.84,3.24,,,,18.16,,
2015-11-17,0.14,0.86,1.66,2.25,3.04,1.39,0.72,1.53,2.5300000000000002,5.6525,1.83,3.23,,,,18.84,,
2015-11-18,0.12,0.9,1.69,2.27,3.04,1.37,0.71,1.56,2.51,5.6175,1.81,3.21,,,,16.85,,
2015-11-19,0.11,0.91,1.68,2.24,3.0,1.33,0.68,1.56,2.5,5.6000000000000005,1.8,3.2,,,,16.99,,3.97
2015-11-20,0.12,0.93,1.7,2.26,3.02,1.33,0.66,1.6,2.49,5.6000000000000005,1.78,3.2,,,,15.47,-0.456,
2015-11-23,0.14,0.94,1.7,2.25,3.0,1.31,0.64,1.61,2.475,5.5825,1.76,3.19,,,,15.62,,
2015-11-24,0.16,0.93,1.66,2.24,3.0,1.31,0.62,1.62,2.4850000000000003,5.6000000000000005,1.77,3.2,,,,15.93,,
2015-11-25,0.19,0.93,1.66,2.23,3.0,1.3,0.62,1.61,2.49,5.6175,1.77,3.21,,,,15.19,,3.95
2015-11-26,,,,,,,,,,,,,,,,,,
2015-11-27,0.18,0.92,1.64,2.22,3.0,1.3,0.62,1.6,2.5,5.635000000000001,1.78,3.22,,,,15.12,-0.442,
2015-11-30,0.22,0.94,1.65,2.21,2.98,1.27,0.62,1.59,2.49,5.6000000000000005,1.78,3.2,,,,16.13,,
2015-12-01,0.21,0.91,1.59,2.15,2.91,1.24,0.58,1.57,2.49,5.6175,1.77,3.21,244.547,99.0417,5.0,14.67,,
2015-12-02,0.21,0.94,1.63,2.18,2.91,1.24,0.62,1.56,2.44,5.547499999999999,1.71,3.17,,,,15.91,,
2015-12-03,0.21,0.96,1.74,2.33,3.07,1.37,0.72,1.61,2.455,5.565,1.73,3.18,,,,18.11,,3.93
2015-12-04,0.23,0.96,1.71,2.28,3.01,1.32,0.68,1.6,2.4299999999999997,5.5125,1.71,3.15,,,,14.81,-0.424,
2015-12-07,0.29,0.94,1.67,2.23,2.95,1.29,0.67,1.56,2.435,5.5125,1.72,3.15,,,,15.84,,
2015-12-08,0.27,0.94,1.68,2.24,2.97,1.3,0.68,1.56,2.45,5.5825,1.71,3.19,,,,17.6,,
2015-12-09,0.26,0.93,1.64,2.22,2.97,1.29,0.69,1.53,2.46,5.565,1.74,3.18,,,,19.61,,
2015-12-10,0.24,0.95,1.68,2.24,2.98,1.29,0.73,1.51,2.455,5.5825,1.72,3.19,,,,19.34,,3.95
2015-12-11,0.23,0.88,1.56,2.13,2.87,1.25,0.67,1.46,2.5100000000000002,5.67,1.78,3.24,,,,24.39,-0.402,
2015-12-14,0.26,0.97,1.66,2.23,2.96,1.26,0.78,1.45,2.505,5.6525,1.78,3.23,,,,22.73,,
2015-12-15,0.25,0.98,1.71,2.28,3.0,1.3,0.8,1.48,2.465,5.6175,1.72,3.21,,,,20.95,,
2015-12-16,0.27,1.02,1.75,2.3,3.02,1.28,0.84,1.46,2.46,5.6175,1.71,3.21,,,,17.86,,
2015-12-17,0.23,1.0,1.73,2.24,2.94,1.24,0.77,1.47,2.455,5.6175,1.7,3.21,,,,18.94,,3.97
2015-12-18,0.19,0.97,1.67,2.19,2.9,1.22,0.73,1.46,2.485,5.6875,1.72,3.25,,,,20.7,-0.38,
2015-12-21,0.24,0.96,1.67,2.2,2.92,1.24,0.75,1.45,2.5,5.7225,1.73,3.27,,,,18.7,,
2015-12-22,0.21,0.99,1.71,2.24,2.96,1.25,0.78,1.46,2.495,5.705,1.73,3.26,,,,16.6,,
2015-12-23,0.2,1.01,1.74,2.27,3.0,1.26,0.76,1.51,2.4899999999999998,5.705,1.72,3.26,,,,15.57,,
2015-12-24,0.2,1.03,1.73,2.25,2.96,1.22,0.73,1.52,2.465,5.635000000000001,1.71,3.22,,,,15.74,,3.96
2015-12-25,,,,,,,,,,,,,,,,,-0.36,
2015-12-28,0.23,1.05,1.73,2.24,2.95,1.19,0.74,1.5,2.45,5.6175,1.69,3.21,,,,16.91,,
2015-12-29,0.23,1.09,1.81,2.32,3.04,1.23,0.79,1.53,2.47,5.635000000000001,1.72,3.22,,,,16.08,,
2015-12-30,0.21,1.08,1.8,2.31,3.04,1.23,0.77,1.54,2.475,5.6525,1.72,3.23,,,,17.29,,
2015-12-31,0.16,1.06,1.76,2.27,3.01,1.21,0.73,1.54,2.5,5.6525,1.77,3.23,,,,18.21,,4.01
2016-01-01,,,,,,,,,,,,,244.955,99.5607,4.8,,-0.343,
2016-01-04,0.22,1.02,1.73,2.24,2.98,1.22,0.69,1.55,2.515,5.67,1.79,3.24,,,,20.7,,
2016-01-05,0.2,1.04,1.73,2.25,3.01,1.21,0.69,1.56,2.51,5.6875,1.77,3.25,,,,19.34,,
2016-01-06,0.21,0.99,1.65,2.18,2.94,1.19,0.65,1.53,2.51,5.705,1.76,3.26,,,,20.59,,
2016-01-07,0.2,0.96,1.61,2.16,2.92,1.2,0.66,1.5,2.535,5.739999999999999,1.79,3.28,,,,24.99,,3.97
2016-01-08,0.2,0.94,1.57,2.13,2.91,1.19,0.65,1.48,2.565,5.7925,1.82,3.31,,,,27.01,-0.328,
2016-01-11,0.21,0.94,1.58,2.17,2.96,1.23,0.72,1.45,2.56,5.7749999999999995,1.82,3.3,,,,24.3,,
2016-01-12,0.21,0.93,1.55,2.12,2.89,1.19,0.69,1.43,2.545,5.7575,1.8,3.29,,,,22.47,,
2016-01-13,0.22,0.91,1.51,2.08,2.85,1.17,0.65,1.43,2.545,5.739999999999999,1.81,3.28,,,,25.22,,
2016-01-14,0.25,0.9,1.52,2.1,2.9,1.2,0.67,1.43,2.61,5.88,1.86,3.36,,,,23.95,,3.92
2016-01-15,0.24,0.85,1.46,2.03,2.81,1.18,0.67,1.36,2.67,5.915,1.96,3.38,,,,27.02,-0.314,
2016-01-18,,,,,,,,,,,,,,,,,,
2016-01-19,0.26,0.88,1.49,2.06,2.82,1.18,0.68,1.38,2.645,5.8625,1.94,3.35,,,,26.05,,
2016-01-20,0.26,0.85,1.44,2.01,2.77,1.16,0.69,1.32,2.7199999999999998,5.95,2.04,3.4,,,,27.59,,
2016-01-21,0.28,0.84,1.44,2.02,2.79,1.18,0.74,1.28,2.745,6.0375000000000005,2.04,3.45,,,,26.69,,3.81
2016-01-22,0.31,0.88,1.49,2.07,2.83,1.19,0.72,1.35,2.685,5.984999999999999,1.95,3.42,,,,22.34,-0.304,
2016-01-25,0.31,0.88,1.47,2.03,2.8,1.15,0.69,1.34,2.7249999999999996,6.02,2.01,3.44,,,,24.15,,
2016-01-26,0.31,0.85,1.45,2.01,2.79,1.16,0.65,1.36,2.74,6.055,2.02,3.46,,,,22.5,,
2016-01-27,0.32,0.84,1.43,2.02,2.8,1.18,0.62,1.4,2.755,6.055,2.05,3.46,,,,23.11,,
2016-01-28,0.35,0.83,1.4,2.0,2.79,1.17,0.58,1.42,2.775,6.09,2.07,3.48,,,,22.42,,3.79
2016-01-29,0.33,0.76,1.33,1.94,2.75,1.18,0.53,1.41,2.795,6.09,2.11,3.48,,,,20.2,-0.298,
2016-02-01,0.35,0.81,1.38,1.97,2.77,1.16,0.57,1.4,2.8,6.1075,2.11,3.49,245.51,99.0445,4.9,19.98,,
2016-02-02,0.34,0.75,1.28,1.87,2.67,1.12,0.51,1.36,2.8150000000000004,6.1075,2.14,3.49,,,,21.98,,
2016-02-03,0.33,0.72,1.27,1.88,2.7,1.16,0.5,1.38,2.85,6.16,2.18,3.52,,,,21.65,,
2016-02-04,0.29,0.7,1.25,1.87,2.7,1.17,0.51,1.36,2.83,6.177499999999999,2.13,3.53,,,,21.84,,3.72
2016-02-05,0.3,0.74,1.25,1.86,2.68,1.12,0.53,1.33,2.8200000000000003,6.16,2.12,3.52,,,,23.38,-0.294,
2016-02-08,0.32,0.66,1.16,1.75,2.56,1.09,0.52,1.23,2.825,6.177499999999999,2.12,3.53,,,,26.0,,
2016-02-09,0.3,0.69,1.15,1.74,2.55,1.05,0.53,1.21,2.8600000000000003,6.195,2.18,3.54,,,,26.54,,
2016-02-10,0.31,0.71,1.15,1.71,2.53,1.0,0.5,1.21,2.885,6.23,2.21,3.56,,,,26.29,,
2016-02-11,0.28,0.64,1.11,1.63,2.5,0.99,0.45,1.18,2.945,6.3525,2.26,3.63,,,,28.14,,3.65
2016-02-12,0.3,0.71,1.2,1.74,2.6,1.03,0.49,1.25,2.92,6.3,2.24,3.6,,,,25.4,-0.295,
2016-02-15,,,,,,,,,,,,,,,,,,
2016-02-16,0.3,0.74,1.23,1.78,2.64,1.04,0.53,1.25,2.91,6.2825,2.23,3.59,,,,24.11,,
2016-02-17,0.3,0.74,1.26,1.81,2.68,1.07,0.53,1.28,2.93,6.335,2.24,3.62,,,,22.31,,
2016-02-18,0.3,0.71,1.21,1.75,2.62,1.04,0.51,1.24,2.94,6.335,2.26,3.62,,,,21.64,,3.65
2016-02-19,0.31,0.76,1.24,1.76,2.61,1.0,0.5,1.26,2.88,6.23,2.2,3.56,,,,20.53,-0.303,
2016-02-22,0.33,0.78,1.25,1.77,2.62,0.99,0.46,1.31,2.885,6.2475,2.2,3.57,,,,19.38,,
2016-02-23,0.32,0.76,1.23,1.74,2.6,0.98,0.42,1.32,2.885,6.265000000000001,2.19,3.58,,,,20.98,,
2016-02-24,0.33,0.75,1.21,1.75,2.61,1.0,0.39,1.36,2.8600000000000003,6.23,2.16,3.56,,,,20.72,,
2016-02-25,0.32,0.72,1.16,1.71,2.58,0.99,0.32,1.39,2.85,6.23,2.14,3.56,,,,19.11,,3.62
2016-02-26,0.33,0.8,1.23,1.76,2.63,0.96,0.35,1.41,2.84,6.23,2.12,3.56,,,,19.81,-0.316,
2016-02-29,0.33,0.78,1.22,1.74,2.61,0.96,0.32,1.42,2.825,6.2124999999999995,2.1,3.55,,,,20.55,,
2016-03-01,0.33,0.85,1.31,1.83,2.7,0.98,0.35,1.48,2.81,6.195,2.08,3.54,245.913,98.3096,5.0,17.7,,
2016-03-02,0.36,0.85,1.34,1.84,2.69,0.99,0.33,1.51,2.7800000000000002,6.125,2.06,3.5,,,,17.09,,
2016-03-03,0.28,0.85,1.33,1.83,2.65,0.98,0.3,1.53,2.765,6.072500000000001,2.06,3.47,,,,16.7,,3.64
2016-03-04,0.29,0.88,1.38,1.88,2.7,1.0,0.37,1.51,2.7350000000000003,6.0025,2.04,3.43,,,,16.86,-0.331,
2016-03-07,0.32,0.91,1.42,1.91,2.71,1.0,0.43,1.48,2.6950000000000003,5.9325,2.0,3.39,,,,17.35,,
2016-03-08,0.29,0.88,1.34,1.83,2.63,0.95,0.37,1.46,2.7,5.915,2.02,3.38,,,,18.67,,
2016-03-09,0.3,0.9,1.39,1.9,2.68,1.0,0.39,1.51,2.675,5.88,1.99,3.36,,,,18.34,,
2016-03-10,0.32,0.93,1.45,1.93,2.7,1.0,0.45,1.48,2.625,5.7749999999999995,1.95,3.3,,,,18.05,,3.68
2016-03-11,0.33,0.97,1.49,1.98,2.75,1.01,0.44,1.54,2.57,5.705,1.88,3.26,,,,16.5,-0.346,
2016-03-14,0.34,0.97,1.49,1.97,2.74,1.0,0.45,1.52,2.535,5.635000000000001,1.85,3.22,,,,16.92,,
2016-03-15,0.34,0.98,1.5,1.97,2.73,0.99,0.47,1.5,2.505,5.5825,1.82,3.19,,,,16.84,,
2016-03-16,0.31,0.87,1.41,1.94,2.73,1.07,0.36,1.58,2.545,5.635000000000001,1.87,3.22,,,,14.99,,
2016-03-17,0.29,0.87,1.39,1.91,2.69,1.04,0.34,1.57,2.54,5.6000000000000005,1.88,3.2,,,,14.44,,3.73
2016-03-18,0.3,0.84,1.34,1.88,2.68,1.04,0.27,1.61,2.53,5.547499999999999,1.89,3.17,,,,14.02,-0.36,
2016-03-21,0.31,0.87,1.38,1.92,2.72,1.05,0.28,1.64,2.53,5.5125,1.91,3.15,,,,13.79,,
2016-03-22,0.3,0.91,1.42,1.94,2.72,1.03,0.31,1.63,2.475,5.425,1.85,3.1,,,,14.17,,
2016-03-23,0.3,0.87,1.37,1.88,2.65,1.01,0.3,1.58,2.465,5.3725,1.86,3.07,,,,14.94,,
2016-03-24,0.3,0.89,1.39,1.91,2.67,1.02,0.34,1.57,2.46,5.355,1.86,3.06,,,,14.74,,3.71
2016-03-25,,,,,,,,,,,,,,,,,-0.369,
2016-03-28,0.29,0.89,1.37,1.89,2.66,1.0,0.33,1.56,2.45,5.3374999999999995,1.85,3.05,,,,15.24,,
2016-03-29,0.23,0.78,1.29,1.81,2.6,1.03,0.2,1.61,2.495,5.4075,1.9,3.09,,,,13.82,,
2016-03-30,0.2,0.76,1.26,1.83,2.65,1.07,0.18,1.65,2.52,5.4425,1.93,3.11,,,,13.56,,
2016-03-31,0.21,0.73,1.21,1.78,2.61,1.05,0.16,1.62,2.5300000000000002,5.46,1.94,3.12,,,,13.95,,3.71
2016-04-01,0.23,0.76,1.24,1.79,2.62,1.03,0.17,1.62,2.515,5.425,1.93,3.1,246.551,98.6421,5.1,13.1,-0.376,
2016-04-04,0.23,0.75,1.22,1.78,2.6,1.03,0.14,1.64,2.515,5.425,1.93,3.1,,,,14.12,,
2016-04-05,0.23,0.72,1.17,1.73,2.54,1.01,0.14,1.59,2.49,5.390000000000001,1.9,3.08,,,,15.42,,
2016-04-06,0.23,0.73,1.2,1.76,2.58,1.03,0.17,1.59,2.48,5.390000000000001,1.88,3.08,,,,14.09,,
2016-04-07,0.23,0.7,1.14,1.7,2.52,1.0,0.12,1.58,2.4699999999999998,5.355,1.88,3.06,,,,16.16,,3.59
2016-04-08,0.23,0.7,1.16,1.72,2.55,1.02,0.14,1.58,2.48,5.3725,1.89,3.07,,,,15.36,-0.38,
2016-04-11,0.23,0.7,1.16,1.73,2.56,1.03,0.17,1.56,2.465,5.3374999999999995,1.88,3.05,,,,16.26,,
2016-04-12,0.22,0.74,1.22,1.79,2.61,1.05,0.22,1.57,2.445,5.302499999999999,1.86,3.03,,,,14.85,,
2016-04-13,0.23,0.75,1.22,1.77,2.58,1.02,0.21,1.56,2.42,5.2675,1.83,3.01,,,,13.84,,
2016-04-14,0.22,0.77,1.26,1.8,2.61,1.03,0.24,1.56,2.4050000000000002,5.2325,1.82,2.99,,,,13.72,,3.58
2016-04-15,0.22,0.74,1.22,1.76,2.56,1.02,0.2,1.56,2.41,5.2325,1.83,2.99,,,,13.62,-0.383,
2016-04-18,0.22,0.75,1.24,1.78,2.58,1.03,0.21,1.57,2.41,5.2325,1.83,2.99,,,,13.35,,
2016-04-19,0.21,0.77,1.26,1.79,2.6,1.02,0.19,1.6,2.3449999999999998,5.18,1.73,2.96,,,,13.24,,
2016-04-20,0.23,0.8,1.32,1.85,2.66,1.05,0.23,1.62,2.325,5.1275,1.72,2.93,,,,13.28,,
2016-04-21,0.23,0.82,1.35,1.88,2.69,1.06,0.24,1.64,2.3,5.0925,1.69,2.91,,,,13.95,,3.59
2016-04-22,0.23,0.84,1.37,1.89,2.7,1.05,0.25,1.64,2.295,5.0575,1.7,2.89,,,,13.22,-0.384,
2016-04-25,0.25,0.85,1.38,1.91,2.72,1.06,0.26,1.65,2.295,5.04,1.71,2.88,,,,14.08,,
2016-04-26,0.24,0.86,1.4,1.94,2.76,1.08,0.27,1.67,2.2800000000000002,4.9875,1.71,2.85,,,,13.96,,
2016-04-27,0.24,0.83,1.33,1.87,2.71,1.04,0.19,1.68,2.29,5.005,1.72,2.86,,,,13.77,,
2016-04-28,0.22,0.78,1.28,1.84,2.68,1.06,0.12,1.72,2.34,5.0575,1.79,2.89,,,,15.22,,3.66
2016-04-29,0.22,0.77,1.28,1.83,2.66,1.06,0.12,1.71,2.33,5.005,1.8,2.86,,,,15.7,-0.384,
2016-05-01,,,,,,,,,,,,,247.137,98.4184,4.8,,,
2016-05-02,0.22,0.8,1.32,1.88,2.71,1.08,0.2,1.68,2.33,5.005,1.8,2.86,,,,14.68,,
2016-05-03,0.21,0.75,1.25,1.81,2.66,1.06,0.17,1.64,2.345,4.9875,1.84,2.85,,,,15.6,,
2016-05-04,0.19,0.75,1.23,1.79,2.64,1.04,0.16,1.63,2.3600000000000003,4.9875,1.87,2.85,,,,16.05,,
2016-05-05,0.2,0.72,1.2,1.76,2.6,1.04,0.13,1.63,2.365,5.005,1.87,2.86,,,,15.91,,3.61
2016-05-06,0.19,0.74,1.23,1.79,2.62,1.05,0.18,1.61,2.375,5.0225,1.88,2.87,,,,14.72,-0.383,
2016-05-09,0.24,0.72,1.2,1.77,2.61,1.05,0.18,1.59,2.39,5.0575,1.89,2.89,,,,14.57,,
2016-05-10,0.24,0.72,1.2,1.77,2.61,1.05,0.15,1.62,2.385,5.0575,1.88,2.89,,,,13.63,,
2016-05-11,0.26,0.74,1.2,1.73,2.58,0.99,0.14,1.59,2.3899999999999997,5.075,1.88,2.9,,,,14.69,,
2016-05-12,0.27,0.76,1.24,1.75,2.6,0.99,0.15,1.6,2.4,5.0925,1.89,2.91,,,,14.41,,3.57
2016-05-13,0.29,0.76,1.22,1.71,2.55,0.95,0.13,1.58,2.38,5.075,1.86,2.9,,,,15.04,-0.38,
2016-05-16,0.28,0.79,1.26,1.75,2.59,0.96,0.15,1.6,2.385,5.075,1.87,2.9,,,,14.68,,
2016-05-17,0.28,0.82,1.29,1.76,2.59,0.94,0.15,1.61,2.37,5.0575,1.85,2.89,,,,15.57,,
2016-05-18,0.3,0.9,1.41,1.87,2.67,0.97,0.26,1.61,2.355,5.0225,1.84,2.87,,,,15.95,,
2016-05-19,0.31,0.89,1.38,1.85,2.64,0.96,0.29,1.56,2.33,4.9875,1.81,2.85,,,,16.33,,3.58
2016-05-20,0.33,0.89,1.38,1.85,2.63,0.96,0.29,1.56,2.34,5.005,1.82,2.86,,,,15.2,-0.377,
2016-05-23,0.35,0.91,1.38,1.84,2.63,0.93,0.3,1.54,2.35,5.005,1.84,2.86,,,,15.82,,
2016-05-24,0.35,0.92,1.41,1.86,2.65,0.94,0.31,1.55,2.335,4.9875,1.82,2.85,,,,14.42,,
2016-05-25,0.33,0.92,1.4,1.87,2.67,0.95,0.29,1.58,2.345,5.0225,1.82,2.87,,,,13.9,,
2016-05-26,0.31,0.87,1.35,1.83,2.64,0.96,0.25,1.58,2.33,5.005,1.8,2.86,,,,13.43,,3.64
2016-05-27,0.32,0.9,1.39,1.85,2.65,0.95,0.27,1.58,2.325,4.9875,1.8,2.85,,,,13.12,-0.373,
2016-05-30,,,,,,,,,,,,,,,,,,
2016-05-31,0.34,0.87,1.37,1.84,2.64,0.97,0.3,1.54,2.315,4.97,1.79,2.84,,,,14.19,,
2016-06-01,0.3,0.91,1.39,1.85,2.63,0.94,0.31,1.54,2.3,4.935,1.78,2.82,247.54,98.8833,4.9,14.2,,
2016-06-02,0.29,0.89,1.36,1.81,2.58,0.92,0.27,1.54,2.305,4.952500000000001,1.78,2.83,,,,13.63,,3.66
2016-06-03,0.3,0.78,1.23,1.71,2.52,0.93,0.19,1.52,2.33,5.005,1.8,2.86,,,,13.47,-0.366,
2016-06-06,0.28,0.8,1.25,1.73,2.55,0.93,0.19,1.54,2.335,5.005,1.81,2.86,,,,13.65,,
2016-06-07,0.28,0.78,1.23,1.72,2.54,0.94,0.15,1.57,2.335,5.005,1.81,2.86,,,,14.05,,
2016-06-08,0.24,0.78,1.23,1.71,2.51,0.93,0.12,1.59,2.33,4.9875,1.81,2.85,,,,14.08,,
2016-06-09,0.26,0.77,1.22,1.68,2.48,0.91,0.12,1.56,2.33,4.9875,1.81,2.85,,,,14.64,,3.6
2016-06-10,0.26,0.73,1.17,1.64,2.44,0.91,0.12,1.52,2.35,5.005,1.84,2.86,,,,17.03,-0.359,
2016-06-13,0.27,0.73,1.14,1.62,2.43,0.89,0.15,1.47,2.355,5.005,1.85,2.86,,,,20.97,,
2016-06-14,0.27,0.74,1.15,1.62,2.43,0.88,0.17,1.45,2.355,5.04,1.83,2.88,,,,20.5,,
2016-06-15,0.26,0.69,1.1,1.6,2.43,0.91,0.13,1.47,2.365,5.075,1.83,2.9,,,,20.14,,
2016-06-16,0.27,0.7,1.1,1.57,2.39,0.87,0.15,1.42,2.38,5.075,1.86,2.9,,,,19.37,,3.54
2016-06-17,0.27,0.7,1.13,1.62,2.43,0.92,0.2,1.42,2.37,5.0575,1.85,2.89,,,,19.41,-0.351,
2016-06-20,0.28,0.74,1.17,1.67,2.47,0.93,0.24,1.43,2.35,5.0225,1.83,2.87,,,,18.37,,
2016-06-21,0.27,0.76,1.22,1.71,2.5,0.95,0.28,1.43,2.36,5.005,1.86,2.86,,,,18.48,,
2016-06-22,0.27,0.75,1.2,1.69,2.5,0.94,0.25,1.44,2.365,5.005,1.87,2.86,,,,21.17,,
2016-06-23,0.31,0.78,1.25,1.74,2.55,0.96,0.24,1.5,2.37,5.005,1.88,2.86,,,,17.25,,3.56
2016-06-24,0.27,0.64,1.08,1.57,2.42,0.93,0.15,1.42,2.48,5.215,1.98,2.98,,,,25.76,-0.346,
2016-06-27,0.27,0.61,1.0,1.46,2.28,0.85,0.12,1.34,2.46,5.18,1.96,2.96,,,,23.85,,
2016-06-28,0.26,0.61,1.0,1.46,2.27,0.85,0.09,1.37,2.455,5.1625000000000005,1.96,2.95,,,,18.75,,
2016-06-29,0.26,0.62,1.03,1.5,2.3,0.88,0.1,1.4,2.385,5.075,1.87,2.9,,,,16.64,,
2016-06-30,0.26,0.58,1.01,1.49,2.3,0.91,0.09,1.4,2.41,5.109999999999999,1.9,2.92,,,,15.63,,3.48
2016-07-01,0.28,0.59,1.0,1.46,2.24,0.87,0.03,1.43,2.37,5.005,1.88,2.86,247.829,98.9992,4.8,14.77,-0.343,
2016-07-04,,,,,,,,,,,,,,,,,,
2016-07-05,0.28,0.56,0.94,1.37,2.14,0.81,-0.03,1.4,2.34,4.952500000000001,1.85,2.83,,,,15.58,,
2016-07-06,0.27,0.58,0.95,1.38,2.14,0.8,-0.05,1.43,2.34,4.952500000000001,1.85,2.83,,,,14.96,,
2016-07-07,0.29,0.58,0.97,1.4,2.14,0.82,-0.03,1.43,2.305,4.8825,1.82,2.79,,,,14.76,,3.41
2016-07-08,0.28,0.61,0.95,1.37,2.11,0.76,-0.06,1.43,2.295,4.864999999999999,1.81,2.78,,,,13.2,-0.344,
2016-07-11,0.31,0.66,1.03,1.43,2.14,0.77,0.01,1.42,2.27,4.8125,1.79,2.75,,,,13.54,,
2016-07-12,0.29,0.69,1.1,1.53,2.24,0.84,0.07,1.46,2.2350000000000003,4.7250000000000005,1.77,2.7,,,,13.55,,
2016-07-13,0.31,0.68,1.07,1.48,2.18,0.8,0.03,1.45,2.225,4.7075,1.76,2.69,,,,13.04,,
2016-07-14,0.32,0.68,1.1,1.53,2.25,0.85,0.08,1.45,2.225,4.7250000000000005,1.75,2.7,,,,12.82,,3.42
2016-07-15,0.32,0.71,1.15,1.6,2.3,0.89,0.11,1.49,2.1950000000000003,4.655,1.73,2.66,,,,12.67,-0.349,
2016-07-18,0.32,0.68,1.14,1.59,2.3,0.91,0.1,1.49,2.21,4.672499999999999,1.75,2.67,,,,12.44,,
2016-07-19,0.31,0.7,1.12,1.56,2.27,0.86,0.12,1.44,2.21,4.672499999999999,1.75,2.67,,,,11.97,,
2016-07-20,0.32,0.73,1.15,1.59,2.3,0.86,0.13,1.46,2.205,4.655,1.75,2.66,,,,11.77,,
2016-07-21,0.32,0.7,1.11,1.57,2.29,0.87,0.05,1.52,2.23,4.69,1.78,2.68,,,,12.74,,3.45
2016-07-22,0.33,0.71,1.13,1.57,2.29,0.86,0.06,1.51,2.215,4.655,1.77,2.66,,,,12.02,-0.353,
2016-07-25,0.32,0.72,1.15,1.58,2.29,0.86,0.08,1.5,2.185,4.6375,1.72,2.65,,,,12.87,,
2016-07-26,0.31,0.75,1.15,1.57,2.28,0.82,0.07,1.5,2.195,4.6375,1.74,2.65,,,,13.05,,
2016-07-27,0.31,0.73,1.1,1.52,2.23,0.79,0.03,1.49,2.2199999999999998,4.672499999999999,1.77,2.67,,,,12.83,,
2016-07-28,0.25,0.72,1.09,1.52,2.23,0.8,0.0,1.52,2.23,4.69,1.78,2.68,,,,12.72,,3.48
2016-07-29,0.28,0.67,1.03,1.46,2.18,0.79,-0.03,1.49,2.25,4.7425,1.79,2.71,,,,11.87,-0.357,
2016-08-01,0.29,0.67,1.06,1.51,2.24,0.84,0.05,1.46,2.27,4.7775,1.81,2.73,248.423,98.85,4.9,12.44,,
2016-08-02,0.29,0.67,1.07,1.55,2.29,0.88,0.11,1.44,2.285,4.8125,1.82,2.75,,,,13.37,,
2016-08-03,0.28,0.67,1.07,1.55,2.29,0.88,0.09,1.46,2.335,4.83,1.91,2.76,,,,12.86,,
2016-08-04,0.26,0.64,1.03,1.51,2.25,0.87,0.04,1.47,2.335,4.83,1.91,2.76,,,,12.42,,3.43
2016-08-05,0.28,0.72,1.13,1.59,2.32,0.87,0.09,1.5,2.2800000000000002,4.7775,1.83,2.73,,,,11.39,-0.36,
2016-08-08,0.31,0.74,1.15,1.59,2.3,0.85,0.08,1.51,2.265,4.7425,1.82,2.71,,,,11.5,,
2016-08-09,0.29,0.71,1.11,1.55,2.25,0.84,0.06,1.49,2.2600000000000002,4.7250000000000005,1.82,2.7,,,,11.66,,
2016-08-10,0.28,0.69,1.07,1.5,2.23,0.81,0.06,1.44,2.255,4.7425,1.8,2.71,,,,12.05,,
2016-08-11,0.28,0.76,1.16,1.57,2.28,0.81,0.1,1.47,2.23,4.7250000000000005,1.76,2.7,,,,11.68,,3.45
2016-08-12,0.29,0.71,1.1,1.51,2.23,0.8,0.07,1.44,2.24,4.7425,1.77,2.71,,,,11.55,-0.36,
2016-08-15,0.31,0.72,1.14,1.55,2.27,0.83,0.1,1.45,2.24,4.7250000000000005,1.78,2.7,,,,11.81,,
2016-08-16,0.27,0.76,1.16,1.57,2.29,0.81,0.13,1.44,2.2350000000000003,4.7250000000000005,1.77,2.7,,,,12.64,,
2016-08-17,0.3,0.74,1.15,1.56,2.27,0.82,0.09,1.47,2.2199999999999998,4.7075,1.75,2.69,,,,12.19,,
2016-08-18,0.3,0.71,1.12,1.53,2.26,0.82,0.06,1.47,2.225,4.7250000000000005,1.75,2.7,,,,11.43,,3.43
2016-08-19,0.3,0.76,1.17,1.58,2.29,0.82,0.1,1.48,2.195,4.672499999999999,1.72,2.67,,,,11.34,-0.358,
2016-08-22,0.29,0.76,1.15,1.55,2.24,0.79,0.08,1.47,2.175,4.6375,1.7,2.65,,,,12.27,,
2016-08-23,0.3,0.74,1.15,1.55,2.24,0.81,0.07,1.48,2.17,4.62,1.7,2.64,,,,12.38,,
2016-08-24,0.31,0.76,1.13,1.56,2.24,0.8,0.08,1.48,2.165,4.62,1.69,2.64,,,,13.45,,
2016-08-25,0.33,0.78,1.16,1.58,2.27,0.8,0.09,1.49,2.16,4.6025,1.69,2.63,,,,13.63,,3.43
2016-08-26,0.34,0.84,1.23,1.62,2.29,0.78,0.15,1.47,2.155,4.6025,1.68,2.63,,,,13.65,-0.352,
2016-08-29,0.33,0.81,1.18,1.57,2.22,0.76,0.11,1.46,2.12,4.5325,1.65,2.59,,,,12.94,,
2016-08-30,0.33,0.8,1.18,1.57,2.23,0.77,0.11,1.46,2.145,4.585,1.67,2.62,,,,13.12,,
2016-08-31,0.33,0.8,1.19,1.58,2.23,0.78,0.11,1.47,2.135,4.5675,1.66,2.61,,,,13.42,,
2016-09-01,0.33,0.78,1.18,1.57,2.23,0.79,0.12,1.45,2.145,4.585,1.67,2.62,248.842,98.7457,5.0,13.48,,3.46
2016-09-02,0.33,0.8,1.2,1.6,2.28,0.8,0.13,1.47,2.155,4.6025,1.68,2.63,,,,11.98,-0.345,
2016-09-05,,,,,,,,,,,,,,,,,,
2016-09-06,0.32,0.74,1.13,1.55,2.24,0.81,0.06,1.49,2.17,4.62,1.7,2.64,,,,12.02,,
2016-09-07,0.34,0.74,1.12,1.54,2.23,0.8,0.03,1.51,2.195,4.6375,1.74,2.65,,,,11.94,,
2016-09-08,0.35,0.78,1.19,1.61,2.32,0.83,0.09,1.52,2.21,4.672499999999999,1.75,2.67,,,,12.51,,3.44
2016-09-09,0.35,0.79,1.23,1.67,2.39,0.88,0.17,1.5,2.215,4.672499999999999,1.76,2.67,,,,17.5,-0.339,
2016-09-12,0.37,0.79,1.21,1.68,2.4,0.89,0.17,1.51,2.215,4.69,1.75,2.68,,,,15.16,,
2016-09-13,0.36,0.8,1.26,1.73,2.47,0.93,0.24,1.49,2.24,4.7250000000000005,1.78,2.7,,,,17.85,,
2016-09-14,0.33,0.77,1.21,1.7,2.44,0.93,0.21,1.49,2.25,4.7250000000000005,1.8,2.7,,,,18.14,,
2016-09-15,0.29,0.74,1.2,1.71,2.48,0.97,0.22,1.49,2.265,4.760000000000001,1.81,2.72,,,,16.3,,3.5
2016-09-16,0.3,0.77,1.21,1.7,2.44,0.93,0.19,1.51,2.26,4.7425,1.81,2.71,,,,15.37,-0.335,
2016-09-19,0.3,0.79,1.22,1.7,2.45,0.91,0.2,1.5,2.25,4.7250000000000005,1.8,2.7,,,,15.53,,
2016-09-20,0.3,0.79,1.2,1.69,2.43,0.9,0.2,1.49,2.255,4.7250000000000005,1.81,2.7,,,,15.92,,
2016-09-21,0.22,0.79,1.2,1.66,2.39,0.87,0.15,1.51,2.255,4.7250000000000005,1.81,2.7,,,,13.3,,
2016-09-22,0.18,0.79,1.18,1.63,2.34,0.84,0.08,1.55,2.25,4.7075,1.81,2.69,,,,12.02,,3.48
2016-09-23,0.18,0.77,1.16,1.62,2.34,0.85,0.05,1.57,2.25,4.69,1.82,2.68,,,,12.29,-0.334,
2016-09-26,0.25,0.76,1.13,1.59,2.32,0.83,0.05,1.54,2.27,4.7250000000000005,1.84,2.7,,,,14.5,,
2016-09-27,0.26,0.75,1.12,1.56,2.28,0.81,0.04,1.52,2.26,4.7075,1.83,2.69,,,,13.1,,
2016-09-28,0.27,0.75,1.13,1.57,2.29,0.82,0.01,1.56,2.255,4.7075,1.82,2.69,,,,12.39,,
2016-09-29,0.26,0.73,1.12,1.56,2.28,0.83,0.02,1.54,2.24,4.672499999999999,1.81,2.67,,,,14.02,,3.42
2016-09-30,0.29,0.77,1.14,1.6,2.32,0.83,0.0,1.6,2.265,4.7075,1.84,2.69,,,,13.29,-0.337,
2016-10-01,,,,,,,,,,,,,249.142,98.7611,4.9,,,
2016-10-03,0.32,0.8,1.18,1.63,2.34,0.83,0.0,1.63,2.23,4.655,1.8,2.66,,,,13.57,,
2016-10-04,0.33,0.82,1.22,1.69,2.4,0.87,0.07,1.62,2.23,4.655,1.8,2.66,,,,13.63,,
2016-10-05,0.32,0.85,1.26,1.72,2.44,0.87,0.1,1.62,2.215,4.62,1.79,2.64,,,,12.99,,
2016-10-06,0.33,0.86,1.28,1.75,2.46,0.89,0.11,1.64,2.195,4.5675,1.78,2.61,,,,12.84,,3.42
2016-10-07,0.33,0.83,1.26,1.73,2.46,0.9,0.1,1.63,2.2,4.6025,1.77,2.63,,,,13.48,-0.344,
2016-10-10,,,,,,,,,,,,,,,,13.38,,
2016-10-11,0.35,0.87,1.3,1.77,2.5,0.9,0.13,1.64,2.175,4.55,1.75,2.6,,,,15.36,,
2016-10-12,0.37,0.87,1.31,1.79,2.51,0.92,0.15,1.64,2.16,4.55,1.72,2.6,,,,15.91,,
2016-10-13,0.3,0.85,1.27,1.75,2.48,0.9,0.12,1.63,2.16,4.5325,1.73,2.59,,,,16.69,,3.47
2016-10-14,0.32,0.84,1.28,1.8,2.55,0.96,0.13,1.67,2.195,4.6025,1.76,2.63,,,,16.12,-0.353,
2016-10-17,0.34,0.81,1.26,1.77,2.52,0.96,0.09,1.68,2.185,4.585,1.75,2.62,,,,16.21,,
2016-10-18,0.34,0.82,1.24,1.75,2.51,0.93,0.09,1.66,2.175,4.585,1.73,2.62,,,,15.28,,
2016-10-19,0.35,0.81,1.24,1.76,2.51,0.95,0.08,1.68,2.165,4.585,1.71,2.62,,,,14.41,,
2016-10-20,0.35,0.84,1.26,1.76,2.5,0.92,0.08,1.68,2.145,4.5325,1.7,2.59,,,,13.75,,3.52
2016-10-21,0.34,0.84,1.25,1.74,2.48,0.9,0.07,1.67,2.1550000000000002,4.55,1.71,2.6,,,,13.34,-0.365,
2016-10-24,0.33,0.84,1.27,1.77,2.52,0.93,0.11,1.66,2.15,4.5325,1.71,2.59,,,,13.02,,
2016-10-25,0.34,0.86,1.29,1.77,2.5,0.91,0.07,1.7,2.14,4.515000000000001,1.7,2.58,,,,13.46,,
2016-10-26,0.33,0.86,1.3,1.79,2.53,0.93,0.08,1.71,2.165,4.55,1.73,2.6,,,,14.24,,
2016-10-27,0.3,0.87,1.33,1.85,2.6,0.98,0.13,1.72,2.165,4.5325,1.74,2.59,,,,15.36,,3.47
2016-10-28,0.3,0.86,1.33,1.86,2.62,1.0,0.13,1.73,2.19,4.55,1.78,2.6,,,,16.19,-0.378,
2016-10-31,0.34,0.86,1.31,1.84,2.58,0.98,0.11,1.73,2.19,4.5675,1.77,2.61,,,,17.06,,
2016-11-01,0.35,0.83,1.3,1.83,2.58,1.0,0.11,1.72,2.19,4.5675,1.77,2.61,249.481,98.3491,4.7,18.56,,
2016-11-02,0.37,0.81,1.26,1.81,2.56,1.0,0.11,1.7,2.215,4.6025,1.8,2.63,,,,19.32,,
2016-11-03,0.38,0.81,1.26,1.82,2.6,1.01,0.14,1.68,2.25,4.672499999999999,1.83,2.67,,,,22.08,,3.54
2016-11-04,0.38,0.8,1.24,1.79,2.56,0.99,0.11,1.68,2.25,4.672499999999999,1.83,2.67,,,,22.51,-0.39,
2016-11-07,0.41,0.82,1.29,1.83,2.6,1.01,0.12,1.71,2.25,4.655,1.84,2.66,,,,18.71,,
2016-11-08,0.43,0.87,1.34,1.88,2.63,1.01,0.15,1.73,2.22,4.585,1.82,2.62,,,,18.74,,
2016-11-09,0.45,0.9,1.49,2.07,2.88,1.17,0.25,1.82,2.22,4.655,1.78,2.66,,,,14.38,,
2016-11-10,0.48,0.92,1.56,2.15,2.94,1.23,0.27,1.88,2.16,4.55,1.72,2.6,,,,14.74,,3.57
2016-11-11,,,,,,,,,,,,,,,,14.17,-0.404,
2016-11-14,0.55,1.0,1.66,2.23,2.99,1.23,0.4,1.83,2.17,4.55,1.74,2.6,,,,14.48,,
2016-11-15,0.51,1.02,1.68,2.23,2.97,1.21,0.41,1.82,2.135,4.5325,1.68,2.59,,,,13.37,,
2016-11-16,0.47,1.0,1.68,2.22,2.92,1.22,0.39,1.83,2.0949999999999998,4.4624999999999995,1.64,2.55,,,,13.72,,
2016-11-17,0.44,1.04,1.73,2.29,3.01,1.25,0.42,1.87,2.105,4.445,1.67,2.54,,,,13.35,,3.94
2016-11-18,0.44,1.07,1.8,2.34,3.01,1.27,0.44,1.9,2.085,4.41,1.65,2.52,,,,12.85,-0.417,
2016-11-21,0.46,1.08,1.79,2.33,3.0,1.25,0.42,1.91,2.0949999999999998,4.41,1.67,2.52,,,,12.42,,
2016-11-22,0.49,1.07,1.77,2.31,3.0,1.24,0.41,1.9,2.1149999999999998,4.427499999999999,1.7,2.53,,,,12.41,,
2016-11-23,0.51,1.12,1.83,2.36,3.02,1.24,0.44,1.92,2.075,4.3575,1.66,2.49,,,,12.43,,4.03
2016-11-24,,,,,,,,,,,,,,,,,,
2016-11-25,0.49,1.12,1.83,2.36,3.01,1.24,0.47,1.89,2.07,4.34,1.66,2.48,,,,12.34,-0.428,
2016-11-28,0.48,1.11,1.8,2.32,2.99,1.21,0.47,1.85,2.065,4.322500000000001,1.66,2.47,,,,13.15,,
2016-11-29,0.48,1.09,1.78,2.3,2.95,1.21,0.44,1.86,2.0549999999999997,4.305,1.65,2.46,,,,12.9,,
2016-11-30,0.48,1.11,1.83,2.37,3.02,1.26,0.43,1.94,2.045,4.2875000000000005,1.64,2.45,,,,13.33,,
2016-12-01,0.48,1.14,1.9,2.45,3.1,1.31,0.48,1.97,2.025,4.234999999999999,1.63,2.42,249.92,99.0214,4.7,14.07,,4.08
2016-12-02,0.49,1.11,1.84,2.4,3.08,1.29,0.49,1.91,2.025,4.234999999999999,1.63,2.42,,,,14.12,-0.438,
2016-12-05,0.49,1.13,1.84,2.39,3.05,1.26,0.45,1.94,2.025,4.234999999999999,1.63,2.42,,,,12.14,,
2016-12-06,0.49,1.12,1.84,2.39,3.08,1.27,0.44,1.95,2.045,4.27,1.65,2.44,,,,11.79,,
2016-12-07,0.52,1.1,1.8,2.34,3.02,1.24,0.42,1.92,2.05,4.27,1.66,2.44,,,,12.22,,
2016-12-08,0.51,1.12,1.83,2.4,3.1,1.28,0.45,1.95,2.04,4.2525,1.65,2.43,,,,12.64,,4.13
2016-12-09,0.54,1.15,1.89,2.47,3.16,1.32,0.51,1.96,2.04,4.2525,1.65,2.43,,,,11.75,-0.447,
2016-12-12,0.51,1.15,1.9,2.49,3.16,1.34,0.51,1.98,2.015,4.2175,1.62,2.41,,,,12.64,,
2016-12-13,0.54,1.17,1.92,2.48,3.14,1.31,0.53,1.95,2.0,4.1825,1.61,2.39,,,,12.72,,
2016-12-14,0.55,1.27,2.02,2.54,3.14,1.27,0.6,1.94,1.93,4.06,1.54,2.32,,,,13.19,,
2016-12-15,0.51,1.29,2.1,2.6,3.16,1.31,0.7,1.9,1.855,3.9200000000000004,1.47,2.24,,,,12.79,,4.16
2016-12-16,0.51,1.28,2.07,2.6,3.19,1.32,0.74,1.86,1.895,3.9899999999999998,1.51,2.28,,,,12.2,-0.453,
2016-12-19,0.52,1.24,2.03,2.54,3.12,1.3,0.68,1.86,1.895,3.9899999999999998,1.51,2.28,,,,11.71,,
2016-12-20,0.52,1.25,2.06,2.57,3.15,1.32,0.67,1.9,1.9,3.9899999999999998,1.52,2.28,,,,11.45,,
2016-12-21,0.52,1.21,2.04,2.55,3.12,1.34,0.64,1.91,1.88,3.9549999999999996,1.5,2.26,,,,11.27,,
2016-12-22,0.51,1.22,2.04,2.55,3.12,1.33,0.6,1.95,1.8900000000000001,3.9725,1.51,2.27,,,,11.43,,4.3
2016-12-23,0.52,1.22,2.04,2.55,3.12,1.33,0.58,1.97,1.87,3.9375,1.49,2.25,,,,11.44,-0.459,
2016-12-26,,,,,,,,,,,,,,,,,,
2016-12-27,0.51,1.28,2.07,2.57,3.14,1.29,0.58,1.99,1.875,3.9375,1.5,2.25,,,,11.99,,
2016-12-28,0.53,1.26,2.02,2.51,3.09,1.25,0.56,1.95,1.88,3.9549999999999996,1.5,2.26,,,,12.95,,
2016-12-29,0.47,1.22,1.96,2.49,3.08,1.27,0.55,1.94,1.895,3.9725,1.52,2.27,,,,13.37,,4.32
2016-12-30,0.51,1.2,1.93,2.45,3.06,1.25,0.5,1.95,1.9049999999999998,3.9899999999999998,1.53,2.28,,,,14.04,-0.465,
2017-01-01,,,,,,,,,,,,,250.467,98.7611,4.7,,,
2017-01-02,,,,,,,,,,,,,,,,,,
2017-01-03,0.53,1.22,1.94,2.45,3.04,1.23,0.47,1.98,1.88,3.9725,1.49,2.27,,,,12.85,,
2017-01-04,0.53,1.24,1.94,2.46,3.05,1.22,0.47,1.99,1.8599999999999999,3.9375,1.47,2.25,,,,11.85,,
2017-01-05,0.52,1.17,1.86,2.37,2.96,1.2,0.42,1.95,1.865,3.9375,1.48,2.25,,,,11.67,,4.2
2017-01-06,0.53,1.22,1.92,2.42,3.0,1.2,0.46,1.96,1.8650000000000002,3.9200000000000004,1.49,2.24,,,,11.32,-0.471,
2017-01-09,0.5,1.21,1.89,2.38,2.97,1.17,0.43,1.95,1.87,3.9200000000000004,1.5,2.24,,,,11.56,,
2017-01-10,0.52,1.19,1.89,2.38,2.97,1.19,0.43,1.95,1.8650000000000002,3.9200000000000004,1.49,2.24,,,,11.49,,
2017-01-11,0.52,1.2,1.89,2.38,2.96,1.18,0.39,1.99,1.84,3.8850000000000002,1.46,2.22,,,,11.26,,
2017-01-12,0.52,1.18,1.87,2.36,3.01,1.18,0.38,1.98,1.875,3.9375,1.5,2.25,,,,11.54,,4.12
2017-01-13,0.53,1.21,1.9,2.4,2.99,1.19,0.41,1.99,1.865,3.9025,1.5,2.23,,,,11.23,-0.477,
2017-01-16,,,,,,,,,,,,,,,,,,
2017-01-17,0.55,1.17,1.84,2.33,2.93,1.16,0.36,1.97,1.8849999999999998,3.9549999999999996,1.51,2.26,,,,11.87,,
2017-01-18,0.53,1.23,1.93,2.42,3.0,1.19,0.42,2.0,1.855,3.8850000000000002,1.49,2.22,,,,12.48,,
2017-01-19,0.52,1.25,1.97,2.47,3.04,1.22,0.43,2.04,1.845,3.8674999999999997,1.48,2.21,,,,12.78,,4.09
2017-01-20,0.5,1.2,1.95,2.48,3.05,1.28,0.44,2.04,1.85,3.8674999999999997,1.49,2.21,,,,11.54,-0.481,
2017-01-23,0.51,1.16,1.88,2.41,2.99,1.25,0.39,2.02,1.855,3.8674999999999997,1.5,2.21,,,,11.77,,
2017-01-24,0.51,1.21,1.94,2.47,3.05,1.26,0.41,2.06,1.855,3.8850000000000002,1.49,2.22,,,,11.07,,
2017-01-25,0.5,1.23,1.99,2.53,3.1,1.3,0.45,2.08,1.85,3.8674999999999997,1.49,2.21,,,,10.81,,
2017-01-26,0.51,1.21,1.95,2.51,3.08,1.3,0.43,2.08,1.8450000000000002,3.8500000000000005,1.49,2.2,,,,10.63,,4.19
2017-01-27,0.52,1.22,1.94,2.49,3.06,1.27,0.41,2.08,1.825,3.8325,1.46,2.19,,,,10.58,-0.485,
2017-01-30,0.51,1.22,1.94,2.49,3.08,1.27,0.42,2.07,1.835,3.8674999999999997,1.46,2.21,,,,11.88,,
2017-01-31,0.52,1.19,1.9,2.45,3.05,1.26,0.4,2.05,1.885,3.9025,1.54,2.23,,,,11.99,,
2017-02-01,0.51,1.22,1.93,2.48,3.08,1.26,0.43,2.05,1.88,3.9025,1.53,2.23,250.998,98.3646,4.6,11.81,,
2017-02-02,0.52,1.21,1.92,2.48,3.09,1.27,0.43,2.05,1.875,3.9025,1.52,2.23,,,,11.93,,4.19
2017-02-03,0.51,1.21,1.93,2.49,3.11,1.28,0.44,2.05,1.895,3.9200000000000004,1.55,2.24,,,,10.97,-0.487,
2017-02-06,0.53,1.16,1.86,2.42,3.05,1.26,0.4,2.02,1.9,3.9375,1.55,2.25,,,,11.37,,
2017-02-07,0.53,1.16,1.85,2.4,3.02,1.24,0.4,2.0,1.9000000000000001,3.9200000000000004,1.56,2.24,,,,11.29,,
2017-02-08,0.54,1.15,1.81,2.34,2.96,1.19,0.38,1.96,1.9100000000000001,3.9375,1.57,2.25,,,,11.45,,
2017-02-09,0.54,1.2,1.88,2.4,3.02,1.2,0.41,1.99,1.8900000000000001,3.9200000000000004,1.54,2.24,,,,10.88,,4.17
2017-02-10,0.55,1.2,1.89,2.41,3.01,1.21,0.4,2.01,1.895,3.9025,1.56,2.23,,,,10.85,-0.489,
2017-02-13,0.52,1.2,1.92,2.43,3.03,1.23,0.43,2.0,1.8900000000000001,3.9025,1.55,2.23,,,,11.07,,
2017-02-14,0.54,1.25,1.98,2.47,3.07,1.22,0.46,2.01,1.87,3.8674999999999997,1.53,2.21,,,,10.74,,
2017-02-15,0.54,1.27,2.01,2.51,3.09,1.24,0.45,2.06,1.845,3.8325,1.5,2.19,,,,11.97,,
2017-02-16,0.53,1.22,1.95,2.45,3.05,1.23,0.43,2.02,1.8650000000000002,3.8500000000000005,1.53,2.2,,,,11.76,,4.15
2017-02-17,0.53,1.21,1.92,2.42,3.03,1.21,0.41,2.01,1.87,3.8674999999999997,1.53,2.21,,,,11.49,-0.488,
2017-02-20,,,,,,,,,,,,,,,,,,
2017-02-21,0.53,1.22,1.93,2.43,3.04,1.21,0.4,2.03,1.86,3.8500000000000005,1.52,2.2,,,,11.57,,
2017-02-22,0.52,1.22,1.92,2.42,3.04,1.2,0.38,2.04,1.865,3.8674999999999997,1.52,2.21,,,,11.74,,
2017-02-23,0.51,1.18,1.87,2.38,3.02,1.2,0.35,2.03,1.88,3.9025,1.53,2.23,,,,11.71,,4.16
2017-02-24,0.52,1.12,1.8,2.31,2.95,1.19,0.31,2.0,1.885,3.9025,1.54,2.23,,,,11.47,-0.486,
2017-02-27,0.5,1.2,1.87,2.36,2.98,1.16,0.35,2.01,1.8599999999999999,3.8674999999999997,1.51,2.21,,,,12.09,,
2017-02-28,0.53,1.22,1.89,2.36,2.97,1.14,0.34,2.02,1.835,3.8325,1.48,2.19,,,,12.92,,
2017-03-01,0.63,1.29,1.99,2.46,3.06,1.17,0.43,2.03,1.835,3.8150000000000004,1.49,2.18,250.944,99.0137,4.4,12.54,,
2017-03-02,0.67,1.32,2.03,2.49,3.09,1.17,0.48,2.01,1.81,3.7800000000000002,1.46,2.16,,,,11.81,,4.1
2017-03-03,0.71,1.32,2.02,2.49,3.08,1.17,0.45,2.04,1.81,3.7800000000000002,1.46,2.16,,,,10.96,-0.484,
2017-03-06,0.74,1.31,2.02,2.49,3.1,1.18,0.48,2.01,1.83,3.7975,1.49,2.17,,,,11.24,,
2017-03-07,0.76,1.32,2.05,2.52,3.11,1.2,0.49,2.03,1.815,3.7624999999999997,1.48,2.15,,,,11.45,,
2017-03-08,0.73,1.36,2.08,2.57,3.15,1.21,0.56,2.01,1.825,3.7624999999999997,1.5,2.15,,,,11.86,,
2017-03-09,0.73,1.37,2.13,2.6,3.19,1.23,0.6,2.0,1.8399999999999999,3.7975,1.51,2.17,,,,12.3,,4.21
2017-03-10,0.75,1.36,2.11,2.58,3.16,1.22,0.57,2.01,1.855,3.8150000000000004,1.53,2.18,,,,11.66,-0.481,
2017-03-13,0.79,1.4,2.14,2.62,3.2,1.22,0.61,2.01,1.8399999999999999,3.7975,1.51,2.17,,,,11.35,,
2017-03-14,0.78,1.4,2.13,2.6,3.17,1.2,0.61,1.99,1.855,3.8150000000000004,1.53,2.18,,,,12.3,,
2017-03-15,0.73,1.33,2.02,2.51,3.11,1.18,0.5,2.01,1.8800000000000001,3.8500000000000005,1.56,2.2,,,,11.63,,
2017-03-16,0.73,1.35,2.05,2.53,3.14,1.18,0.51,2.02,1.88,3.8674999999999997,1.55,2.21,,,,11.21,,4.3
2017-03-17,0.73,1.33,2.03,2.5,3.11,1.17,0.49,2.01,1.8900000000000001,3.8850000000000002,1.56,2.22,,,,11.28,-0.479,
2017-03-20,0.76,1.3,2.0,2.47,3.08,1.17,0.47,2.0,1.895,3.9025,1.56,2.23,,,,11.34,,
2017-03-21,0.77,1.27,1.96,2.43,3.04,1.16,0.45,1.98,1.895,3.9025,1.56,2.23,,,,12.47,,
2017-03-22,0.77,1.27,1.95,2.4,3.02,1.13,0.43,1.97,1.895,3.9025,1.56,2.23,,,,12.81,,
2017-03-23,0.76,1.26,1.95,2.41,3.02,1.15,0.46,1.95,1.9000000000000001,3.9200000000000004,1.56,2.24,,,,13.12,,4.23
2017-03-24,0.78,1.26,1.93,2.4,3.0,1.14,0.42,1.98,1.8800000000000001,3.8850000000000002,1.54,2.22,,,,12.96,-0.478,
2017-03-27,0.78,1.27,1.93,2.38,2.98,1.11,0.41,1.97,1.885,3.9025,1.54,2.23,,,,12.5,,
2017-03-28,0.78,1.3,1.97,2.42,3.02,1.12,0.45,1.97,1.875,3.8850000000000002,1.53,2.22,,,,11.53,,
2017-03-29,0.78,1.26,1.93,2.39,2.99,1.13,0.41,1.98,1.88,3.9025,1.53,2.23,,,,11.42,,
2017-03-30,0.78,1.28,1.96,2.42,3.03,1.14,0.46,1.96,1.875,3.9025,1.52,2.23,,,,11.54,,4.14
2017-03-31,0.76,1.27,1.93,2.4,3.02,1.13,0.43,1.97,1.8900000000000001,3.9200000000000004,1.54,2.24,,,,12.37,-0.479,
2017-04-01,,,,,,,,,,,,,251.227,100.0224,4.4,,,
2017-04-03,0.79,1.24,1.88,2.35,2.98,1.11,0.39,1.96,1.91,3.9549999999999996,1.56,2.26,,,,12.38,,
2017-04-04,0.79,1.25,1.88,2.36,2.99,1.11,0.4,1.96,1.915,3.9549999999999996,1.57,2.26,,,,11.79,,
2017-04-05,0.8,1.24,1.85,2.34,2.98,1.1,0.37,1.97,1.945,4.0075,1.6,2.29,,,,12.89,,
2017-04-06,0.79,1.24,1.87,2.34,2.99,1.1,0.39,1.95,1.925,3.9725,1.58,2.27,,,,12.39,,4.1
2017-04-07,0.82,1.29,1.92,2.38,3.0,1.09,0.44,1.94,1.895,3.9200000000000004,1.55,2.24,,,,12.87,-0.482,
2017-04-10,0.82,1.29,1.91,2.37,2.99,1.08,0.44,1.93,1.8900000000000001,3.9200000000000004,1.54,2.24,,,,14.05,,
2017-04-11,0.82,1.24,1.84,2.32,2.93,1.08,0.41,1.91,1.8850000000000002,3.9200000000000004,1.53,2.24,,,,15.07,,
2017-04-12,0.81,1.24,1.81,2.28,2.92,1.04,0.38,1.9,1.9249999999999998,3.9899999999999998,1.57,2.28,,,,15.77,,
2017-04-13,0.81,1.21,1.77,2.24,2.89,1.03,0.32,1.92,1.935,3.9899999999999998,1.59,2.28,,,,15.96,,4.08
2017-04-14,,,,,,,,,,,,,,,,,-0.488,
2017-04-17,0.83,1.21,1.79,2.26,2.92,1.05,0.38,1.88,1.945,4.0075,1.6,2.29,,,,14.66,,
2017-04-18,0.82,1.18,1.71,2.18,2.84,1.0,0.33,1.85,1.94,4.0075,1.59,2.29,,,,14.42,,
2017-04-19,0.81,1.19,1.74,2.21,2.87,1.02,0.36,1.85,1.94,4.0075,1.59,2.29,,,,14.93,,
2017-04-20,0.79,1.21,1.78,2.24,2.89,1.03,0.39,1.85,1.93,3.9899999999999998,1.58,2.28,,,,14.15,,3.97
2017-04-21,0.79,1.2,1.77,2.24,2.89,1.04,0.4,1.84,1.94,4.0075,1.59,2.29,,,,14.63,-0.496,
2017-04-24,0.81,1.25,1.81,2.28,2.93,1.03,0.41,1.87,1.9249999999999998,3.9899999999999998,1.57,2.28,,,,10.84,,
2017-04-25,0.82,1.29,1.87,2.35,2.99,1.06,0.44,1.91,1.9,3.9549999999999996,1.54,2.26,,,,10.76,,
2017-04-26,0.83,1.28,1.84,2.32,2.97,1.04,0.42,1.9,1.915,3.9725,1.56,2.27,,,,10.85,,
2017-04-27,0.81,1.25,1.81,2.3,2.96,1.05,0.39,1.91,1.9249999999999998,3.9899999999999998,1.57,2.28,,,,10.36,,4.03
2017-04-28,0.8,1.28,1.81,2.29,2.96,1.01,0.37,1.92,1.92,3.9899999999999998,1.56,2.28,,,,10.82,-0.506,
2017-05-01,0.83,1.28,1.84,2.33,3.0,1.05,0.41,1.92,1.94,4.0075,1.59,2.29,251.43,100.1408,4.4,10.11,,
2017-05-02,0.82,1.27,1.81,2.29,2.97,1.02,0.41,1.88,1.9449999999999998,4.0249999999999995,1.59,2.3,,,,10.59,,
2017-05-03,0.85,1.3,1.86,2.33,2.97,1.03,0.46,1.87,1.875,3.9025,1.52,2.23,,,,10.68,,
2017-05-04,0.86,1.32,1.88,2.36,3.0,1.04,0.5,1.86,1.8900000000000001,3.9375,1.53,2.25,,,,10.46,,4.02
2017-05-05,0.9,1.32,1.89,2.36,2.99,1.04,0.5,1.86,1.8900000000000001,3.9200000000000004,1.54,2.24,,,,10.57,-0.516,
2017-05-08,0.91,1.33,1.91,2.39,3.02,1.06,0.53,1.86,1.88,3.9025,1.53,2.23,,,,9.77,,
2017-05-09,0.91,1.37,1.94,2.42,3.04,1.05,0.56,1.86,1.87,3.8850000000000002,1.52,2.22,,,,9.96,,
2017-05-10,0.9,1.35,1.94,2.41,3.03,1.06,0.56,1.85,1.875,3.8850000000000002,1.53,2.22,,,,10.21,,
2017-05-11,0.89,1.35,1.93,2.39,3.03,1.04,0.51,1.88,1.8850000000000002,3.9200000000000004,1.53,2.24,,,,10.6,,4.05
2017-05-12,0.88,1.29,1.85,2.33,2.98,1.04,0.49,1.84,1.8900000000000001,3.9375,1.53,2.25,,,,10.4,-0.526,
2017-05-15,0.9,1.31,1.86,2.34,3.0,1.03,0.52,1.82,1.8900000000000001,3.9375,1.53,2.25,,,,10.42,,
2017-05-16,0.9,1.29,1.86,2.33,2.99,1.04,0.51,1.82,1.8800000000000001,3.9200000000000004,1.52,2.24,,,,10.65,,
2017-05-17,0.9,1.26,1.76,2.22,2.91,0.96,0.44,1.78,1.9049999999999998,3.9549999999999996,1.55,2.26,,,,15.59,,
2017-05-18,0.93,1.27,1.78,2.23,2.9,0.96,0.43,1.8,1.9049999999999998,3.9549999999999996,1.55,2.26,,,,14.66,,4.02
2017-05-19,0.92,1.28,1.79,2.23,2.9,0.95,0.41,1.82,1.915,3.9549999999999996,1.57,2.26,,,,12.04,-0.535,
2017-05-22,0.93,1.29,1.8,2.25,2.91,0.96,0.43,1.82,1.9000000000000001,3.9200000000000004,1.56,2.24,,,,10.93,,
2017-05-23,0.92,1.31,1.84,2.29,2.95,0.98,0.46,1.83,1.8850000000000002,3.8850000000000002,1.55,2.22,,,,10.72,,
2017-05-24,0.93,1.29,1.79,2.26,2.92,0.97,0.45,1.81,1.9100000000000001,3.9375,1.57,2.25,,,,10.02,,
2017-05-25,0.94,1.3,1.78,2.25,2.92,0.95,0.45,1.8,1.9050000000000002,3.9200000000000004,1.57,2.24,,,,9.99,,3.95
2017-05-26,0.94,1.3,1.79,2.25,2.92,0.95,0.44,1.81,1.9000000000000001,3.9200000000000004,1.56,2.24,,,,9.81,-0.544,
2017-05-29,,,,,,,,,,,,,,,,,,
2017-05-30,0.93,1.28,1.76,2.21,2.88,0.93,0.4,1.81,1.9100000000000001,3.9375,1.57,2.25,,,,10.38,,
2017-05-31,0.98,1.28,1.75,2.21,2.87,0.93,0.4,1.81,1.885,3.9025,1.54,2.23,,,,10.41,,
2017-06-01,0.98,1.28,1.76,2.21,2.87,0.93,0.4,1.81,1.895,3.9200000000000004,1.55,2.24,251.746,100.3471,4.3,9.89,,3.94
2017-06-02,0.98,1.28,1.71,2.15,2.8,0.87,0.36,1.79,1.895,3.9200000000000004,1.55,2.24,,,,9.75,-0.552,
2017-06-05,0.96,1.32,1.74,2.18,2.84,0.86,0.39,1.79,1.8900000000000001,3.9200000000000004,1.54,2.24,,,,10.07,,
2017-06-06,0.97,1.3,1.71,2.14,2.81,0.84,0.37,1.77,1.9,3.9375,1.55,2.25,,,,10.45,,
2017-06-07,1.0,1.32,1.74,2.18,2.84,0.86,0.4,1.78,1.8900000000000001,3.9025,1.55,2.23,,,,10.39,,
2017-06-08,1.01,1.33,1.75,2.19,2.85,0.86,0.41,1.78,1.8900000000000001,3.9025,1.55,2.23,,,,10.16,,3.89
2017-06-09,1.01,1.35,1.77,2.21,2.86,0.86,0.43,1.78,1.87,3.8674999999999997,1.53,2.21,,,,10.7,-0.557,
2017-06-12,0.98,1.35,1.78,2.21,2.86,0.86,0.46,1.75,1.8850000000000002,3.8850000000000002,1.55,2.22,,,,11.46,,
2017-06-13,1.0,1.38,1.79,2.21,2.87,0.83,0.46,1.75,1.88,3.8674999999999997,1.55,2.21,,,,10.42,,
2017-06-14,1.01,1.35,1.74,2.15,2.79,0.8,0.44,1.71,1.85,3.8325,1.51,2.19,,,,10.64,,
2017-06-15,1.02,1.35,1.76,2.16,2.78,0.81,0.49,1.67,1.8450000000000002,3.8150000000000004,1.51,2.18,,,,10.9,,3.91
2017-06-16,1.03,1.32,1.75,2.16,2.78,0.84,0.49,1.67,1.85,3.8325,1.51,2.19,,,,10.38,-0.562,
2017-06-19,1.02,1.36,1.8,2.19,2.79,0.83,0.52,1.67,1.825,3.7975,1.48,2.17,,,,10.37,,
2017-06-20,1.01,1.36,1.77,2.16,2.74,0.8,0.5,1.66,1.8050000000000002,3.7800000000000002,1.45,2.16,,,,10.86,,
2017-06-21,0.99,1.36,1.78,2.16,2.73,0.8,0.5,1.66,1.795,3.7624999999999997,1.44,2.15,,,,10.75,,
2017-06-22,0.96,1.34,1.76,2.15,2.72,0.81,0.46,1.69,1.8050000000000002,3.7800000000000002,1.45,2.16,,,,10.48,,3.9
2017-06-23,0.97,1.34,1.77,2.15,2.71,0.81,0.45,1.7,1.7999999999999998,3.7624999999999997,1.45,2.15,,,,10.02,-0.565,
2017-06-26,0.99,1.36,1.77,2.14,2.7,0.78,0.43,1.71,1.795,3.7624999999999997,1.44,2.15,,,,9.9,,
2017-06-27,1.0,1.38,1.83,2.21,2.75,0.83,0.5,1.71,1.7650000000000001,3.71,1.41,2.12,,,,11.06,,
2017-06-28,1.02,1.34,1.81,2.22,2.77,0.88,0.49,1.73,1.79,3.745,1.44,2.14,,,,10.03,,
2017-06-29,1.04,1.38,1.85,2.27,2.82,0.89,0.55,1.72,1.7599999999999998,3.6925,1.41,2.11,,,,11.44,,3.88
2017-06-30,1.03,1.38,1.89,2.31,2.84,0.93,0.58,1.73,1.7449999999999999,3.6574999999999998,1.4,2.09,,,,11.18,-0.568,
2017-07-01,,,,,,,,,,,,,251.985,100.1068,4.3,,,
2017-07-03,1.06,1.41,1.93,2.35,2.86,0.94,0.6,1.75,1.72,3.6224999999999996,1.37,2.07,,,,11.22,,
2017-07-04,,,,,,,,,,,,,,,,,,
2017-07-05,1.05,1.41,1.92,2.33,2.85,0.92,0.58,1.75,1.7349999999999999,3.64,1.39,2.08,,,,11.07,,
2017-07-06,1.04,1.4,1.94,2.37,2.9,0.97,0.61,1.76,1.7249999999999999,3.6224999999999996,1.38,2.07,,,,12.54,,3.96
2017-07-07,1.05,1.4,1.95,2.39,2.93,0.99,0.66,1.73,1.74,3.64,1.4,2.08,,,,11.19,-0.571,
2017-07-10,1.04,1.4,1.93,2.38,2.93,0.98,0.66,1.72,1.74,3.64,1.4,2.08,,,,11.11,,
2017-07-11,1.05,1.37,1.92,2.37,2.92,1.0,0.62,1.75,1.725,3.64,1.37,2.08,,,,10.89,,
2017-07-12,1.05,1.35,1.88,2.33,2.89,0.98,0.57,1.76,1.7399999999999998,3.6574999999999998,1.39,2.09,,,,10.3,,
2017-07-13,1.05,1.37,1.89,2.35,2.92,0.98,0.58,1.77,1.7449999999999999,3.6574999999999998,1.4,2.09,,,,9.9,,4.03
2017-07-14,1.04,1.35,1.87,2.33,2.91,0.98,0.57,1.76,1.7349999999999999,3.6574999999999998,1.38,2.09,,,,9.51,-0.574,
2017-07-17,1.07,1.36,1.86,2.31,2.89,0.95,0.54,1.77,1.7349999999999999,3.6574999999999998,1.38,2.09,,,,9.82,,
2017-07-18,1.07,1.36,1.82,2.27,2.85,0.91,0.51,1.76,1.73,3.64,1.38,2.08,,,,9.89,,
2017-07-19,1.11,1.37,1.83,2.27,2.85,0.9,0.51,1.76,1.7249999999999999,3.6224999999999996,1.38,2.07,,,,9.79,,
2017-07-20,1.15,1.37,1.82,2.27,2.83,0.9,0.5,1.77,1.705,3.5874999999999995,1.36,2.05,,,,9.58,,3.96
2017-07-21,1.16,1.36,1.81,2.24,2.81,0.88,0.48,1.76,1.71,3.5874999999999995,1.37,2.05,,,,9.36,-0.577,
2017-07-24,1.17,1.37,1.83,2.26,2.83,0.89,0.48,1.78,1.705,3.605,1.35,2.06,,,,9.43,,
2017-07-25,1.18,1.4,1.9,2.33,2.91,0.93,0.52,1.81,1.705,3.5874999999999995,1.36,2.05,,,,9.43,,
2017-07-26,1.13,1.36,1.83,2.29,2.89,0.93,0.49,1.8,1.73,3.6224999999999996,1.39,2.07,,,,9.6,,
2017-07-27,1.11,1.36,1.84,2.32,2.93,0.96,0.49,1.83,1.73,3.6224999999999996,1.39,2.07,,,,10.11,,3.92
2017-07-28,1.08,1.34,1.83,2.3,2.89,0.96,0.47,1.83,1.7149999999999999,3.5874999999999995,1.38,2.05,,,,10.29,-0.576,
2017-07-31,1.07,1.34,1.84,2.3,2.89,0.96,0.48,1.82,1.72,3.605,1.38,2.06,,,,10.26,,
2017-08-01,1.08,1.34,1.8,2.26,2.86,0.92,0.47,1.79,1.72,3.605,1.38,2.06,252.535,99.6925,4.4,10.09,,
2017-08-02,1.08,1.36,1.82,2.27,2.85,0.91,0.48,1.79,1.705,3.5874999999999995,1.36,2.05,,,,10.28,,
2017-08-03,1.08,1.34,1.79,2.24,2.81,0.9,0.46,1.78,1.705,3.5874999999999995,1.36,2.05,,,,10.44,,3.93
2017-08-04,1.08,1.36,1.82,2.27,2.84,0.91,0.47,1.8,1.7149999999999999,3.5874999999999995,1.38,2.05,,,,10.03,-0.573,
2017-08-07,1.02,1.36,1.81,2.26,2.84,0.9,0.46,1.8,1.725,3.605,1.39,2.06,,,,9.93,,
2017-08-08,1.06,1.36,1.84,2.29,2.86,0.93,0.46,1.83,1.73,3.6224999999999996,1.39,2.07,,,,10.96,,
2017-08-09,1.06,1.33,1.81,2.24,2.82,0.91,0.42,1.82,1.7399999999999998,3.6574999999999998,1.39,2.09,,,,11.11,,
2017-08-10,1.05,1.33,1.78,2.2,2.79,0.87,0.4,1.8,1.765,3.6925,1.42,2.11,,,,16.04,,3.9
2017-08-11,1.03,1.3,1.74,2.19,2.79,0.89,0.4,1.79,1.78,3.71,1.44,2.12,,,,15.51,-0.568,
2017-08-14,1.02,1.33,1.77,2.22,2.81,0.89,0.45,1.77,1.77,3.6925,1.43,2.11,,,,12.33,,
2017-08-15,1.04,1.35,1.83,2.27,2.84,0.92,0.49,1.78,1.75,3.6574999999999998,1.41,2.09,,,,12.04,,
2017-08-16,1.02,1.33,1.79,2.23,2.81,0.9,0.45,1.78,1.75,3.6574999999999998,1.41,2.09,,,,11.74,,
2017-08-17,1.0,1.32,1.76,2.19,2.78,0.87,0.42,1.77,1.7799999999999998,3.6925,1.45,2.11,,,,15.55,,3.89
2017-08-18,1.02,1.33,1.77,2.19,2.78,0.86,0.43,1.76,1.7850000000000001,3.71,1.45,2.12,,,,14.26,-0.563,
2017-08-21,1.0,1.32,1.76,2.18,2.77,0.86,0.43,1.75,1.78,3.71,1.44,2.12,,,,13.19,,
2017-08-22,1.0,1.33,1.8,2.22,2.79,0.89,0.45,1.77,1.77,3.6750000000000003,1.44,2.1,,,,11.35,,
2017-08-23,1.0,1.32,1.76,2.17,2.75,0.85,0.42,1.75,1.7850000000000001,3.71,1.45,2.12,,,,12.25,,
2017-08-24,1.02,1.33,1.78,2.19,2.77,0.86,0.44,1.75,1.7850000000000001,3.71,1.45,2.12,,,,12.23,,3.86
2017-08-25,1.03,1.35,1.77,2.17,2.75,0.82,0.42,1.75,1.7850000000000001,3.71,1.45,2.12,,,,11.28,-0.559,
2017-08-28,0.98,1.33,1.74,2.16,2.76,0.83,0.41,1.75,1.795,3.7275,1.46,2.13,,,,11.32,,
2017-08-29,1.03,1.33,1.7,2.13,2.74,0.8,0.39,1.74,1.8199999999999998,3.7624999999999997,1.49,2.15,,,,11.7,,
2017-08-30,1.03,1.33,1.72,2.15,2.75,0.82,0.39,1.76,1.8050000000000002,3.745,1.47,2.14,,,,11.22,,
2017-08-31,1.01,1.33,1.7,2.12,2.73,0.79,0.36,1.76,1.8050000000000002,3.745,1.47,2.14,,,,10.59,,3.82
2017-09-01,1.02,1.35,1.73,2.16,2.77,0.81,0.37,1.79,1.815,3.7624999999999997,1.48,2.15,252.812,99.7954,4.3,10.13,-0.556,
2017-09-04,,,,,,,,,,,,,,,,,,
2017-09-05,1.03,1.3,1.65,2.07,2.69,0.77,0.3,1.77,1.83,3.7800000000000002,1.5,2.16,,,,12.23,,
2017-09-06,1.07,1.3,1.69,2.1,2.72,0.8,0.32,1.78,1.8399999999999999,3.7975,1.51,2.17,,,,11.63,,
2017-09-07,1.05,1.27,1.63,2.05,2.66,0.78,0.26,1.79,1.8599999999999999,3.7975,1.55,2.17,,,,11.55,,3.78
2017-09-08,1.04,1.27,1.64,2.06,2.67,0.79,0.25,1.81,1.855,3.7975,1.54,2.17,,,,12.12,-0.556,
2017-09-11,1.05,1.32,1.71,2.14,2.75,0.82,0.31,1.83,1.83,3.7624999999999997,1.51,2.15,,,,10.73,,
2017-09-12,1.03,1.33,1.75,2.17,2.78,0.84,0.33,1.84,1.8250000000000002,3.7800000000000002,1.49,2.16,,,,10.58,,
2017-09-13,1.04,1.35,1.78,2.2,2.79,0.85,0.35,1.85,1.7999999999999998,3.7275,1.47,2.13,,,,10.5,,
2017-09-14,1.05,1.37,1.79,2.2,2.77,0.83,0.35,1.85,1.7799999999999998,3.6925,1.45,2.11,,,,10.44,,3.78
2017-09-15,1.05,1.39,1.81,2.2,2.77,0.81,0.35,1.85,1.7650000000000001,3.6750000000000003,1.43,2.1,,,,10.17,-0.559,
2017-09-18,1.05,1.4,1.83,2.23,2.8,0.83,0.36,1.87,1.77,3.6750000000000003,1.44,2.1,,,,10.15,,
2017-09-19,1.04,1.4,1.84,2.24,2.81,0.84,0.37,1.87,1.7599999999999998,3.6574999999999998,1.43,2.09,,,,10.18,,
2017-09-20,1.04,1.45,1.89,2.28,2.82,0.83,0.43,1.85,1.725,3.605,1.39,2.06,,,,9.78,,
2017-09-21,1.04,1.45,1.89,2.27,2.8,0.82,0.44,1.83,1.7,3.5874999999999995,1.35,2.05,,,,9.67,,3.83
2017-09-22,1.03,1.46,1.88,2.26,2.8,0.8,0.42,1.84,1.705,3.5874999999999995,1.36,2.05,,,,9.59,-0.563,
2017-09-25,1.05,1.44,1.85,2.22,2.76,0.78,0.38,1.84,1.71,3.605,1.36,2.06,,,,10.21,,
2017-09-26,1.06,1.45,1.87,2.24,2.78,0.79,0.4,1.84,1.69,3.5700000000000003,1.34,2.04,,,,10.17,,
2017-09-27,1.07,1.47,1.91,2.31,2.86,0.84,0.44,1.87,1.695,3.605,1.33,2.06,,,,9.87,,
2017-09-28,1.06,1.45,1.89,2.31,2.87,0.86,0.44,1.87,1.69,3.5874999999999995,1.33,2.05,,,,9.55,,3.83
2017-09-29,1.06,1.47,1.92,2.33,2.86,0.86,0.49,1.84,1.645,3.5,1.29,2.0,,,,9.51,-0.568,
2017-10-01,,,,,,,,,,,,,253.526,101.0247,4.2,,,
2017-10-02,1.01,1.49,1.94,2.34,2.87,0.85,0.51,1.83,1.63,3.4825,1.27,1.99,,,,9.45,,
2017-10-03,1.07,1.47,1.92,2.33,2.87,0.86,0.49,1.84,1.6400000000000001,3.5,1.28,2.0,,,,9.51,,
2017-10-04,1.08,1.47,1.92,2.33,2.87,0.86,0.48,1.85,1.6349999999999998,3.5174999999999996,1.26,2.01,,,,9.63,,
2017-10-05,1.07,1.49,1.94,2.35,2.89,0.86,0.49,1.86,1.63,3.5,1.26,2.0,,,,9.19,,3.85
2017-10-06,1.07,1.54,1.97,2.37,2.91,0.83,0.5,1.87,1.62,3.465,1.26,1.98,,,,9.65,-0.575,
2017-10-09,,,,,,,,,,,,,,,,10.33,,
2017-10-10,1.08,1.51,1.95,2.35,2.88,0.84,0.47,1.88,1.615,3.4475,1.26,1.97,,,,10.08,,
2017-10-11,1.1,1.51,1.95,2.35,2.88,0.84,0.46,1.89,1.6099999999999999,3.4475,1.25,1.97,,,,9.85,,
2017-10-12,1.09,1.51,1.95,2.33,2.86,0.82,0.44,1.89,1.6099999999999999,3.4475,1.25,1.97,,,,9.91,,3.91
2017-10-13,1.09,1.51,1.91,2.28,2.81,0.77,0.43,1.85,1.615,3.4475,1.26,1.97,,,,9.61,-0.582,
2017-10-16,1.1,1.54,1.95,2.3,2.82,0.76,0.46,1.84,1.615,3.4475,1.26,1.97,,,,9.91,,
2017-10-17,1.09,1.54,1.97,2.3,2.8,0.76,0.48,1.82,1.595,3.4125,1.24,1.95,,,,10.31,,
2017-10-18,1.09,1.59,1.99,2.34,2.85,0.75,0.5,1.84,1.595,3.4125,1.24,1.95,,,,10.07,,
2017-10-19,1.1,1.58,1.98,2.33,2.83,0.75,0.49,1.84,1.58,3.395,1.22,1.94,,,,10.05,,3.88
2017-10-20,1.11,1.6,2.03,2.39,2.89,0.79,0.52,1.87,1.575,3.395,1.21,1.94,,,,9.97,-0.589,
2017-10-23,1.09,1.58,2.01,2.38,2.89,0.8,0.52,1.86,1.58,3.395,1.22,1.94,,,,11.07,,
2017-10-24,1.12,1.6,2.05,2.42,2.92,0.82,0.55,1.87,1.565,3.36,1.21,1.92,,,,11.16,,
2017-10-25,1.12,1.61,2.06,2.44,2.95,0.83,0.56,1.88,1.565,3.3775,1.2,1.93,,,,11.23,,
2017-10-26,1.11,1.63,2.07,2.46,2.96,0.83,0.57,1.89,1.5499999999999998,3.3425,1.19,1.91,,,,11.3,,3.94
2017-10-27,1.1,1.59,2.03,2.42,2.93,0.83,0.54,1.88,1.5699999999999998,3.3775,1.21,1.93,,,,9.8,-0.594,
2017-10-30,1.12,1.58,2.0,2.37,2.88,0.79,0.5,1.87,1.565,3.36,1.21,1.92,,,,10.5,,
2017-10-31,1.15,1.6,2.01,2.38,2.88,0.78,0.5,1.88,1.555,3.3425,1.2,1.91,,,,10.18,,
2017-11-01,1.18,1.61,2.01,2.37,2.85,0.76,0.49,1.88,1.555,3.36,1.19,1.92,253.816,101.2664,4.2,10.2,,
2017-11-02,1.17,1.61,2.0,2.35,2.83,0.74,0.48,1.87,1.545,3.3425,1.18,1.91,,,,9.93,,3.94
2017-11-03,1.18,1.63,1.99,2.34,2.82,0.71,0.48,1.86,1.5499999999999998,3.3425,1.19,1.91,,,,9.14,-0.599,
2017-11-06,1.19,1.61,1.99,2.32,2.8,0.71,0.46,1.86,1.555,3.36,1.19,1.92,,,,9.4,,
2017-11-07,1.22,1.63,1.99,2.32,2.77,0.69,0.44,1.88,1.54,3.3249999999999997,1.18,1.9,,,,9.89,,
2017-11-08,1.23,1.65,2.01,2.32,2.79,0.67,0.45,1.87,1.585,3.36,1.25,1.92,,,,9.78,,
2017-11-09,1.24,1.63,2.01,2.33,2.81,0.7,0.46,1.87,1.6,3.3775,1.27,1.93,,,,10.5,,3.9
2017-11-10,1.23,1.67,2.06,2.4,2.88,0.73,0.52,1.88,,,,,,,,11.29,-0.601,
2017-11-13,1.24,1.7,2.08,2.4,2.87,0.7,0.52,1.88,1.6099999999999999,3.3775,1.29,1.93,,,,11.5,,
2017-11-14,1.26,1.68,2.06,2.38,2.84,0.7,0.51,1.87,1.605,3.3775,1.28,1.93,,,,11.59,,
2017-11-15,1.25,1.68,2.04,2.33,2.77,0.65,0.48,1.85,1.6099999999999999,3.4125,1.27,1.95,,,,13.13,,
2017-11-16,1.27,1.72,2.07,2.37,2.81,0.65,0.53,1.84,1.585,3.36,1.25,1.92,,,,11.76,,3.95
2017-11-17,1.29,1.73,2.06,2.35,2.78,0.62,0.49,1.86,1.595,3.3775,1.26,1.93,,,,11.43,-0.602,
2017-11-20,1.3,1.77,2.09,2.37,2.78,0.6,0.52,1.85,1.5699999999999998,3.3425,1.23,1.91,,,,10.65,,
2017-11-21,1.3,1.77,2.11,2.36,2.76,0.59,0.52,1.84,1.54,3.29,1.2,1.88,,,,9.73,,
2017-11-22,1.29,1.74,2.05,2.32,2.75,0.58,0.48,1.84,1.555,3.3425,1.2,1.91,,,,9.88,,3.92
2017-11-23,,,,,,,,,,,,,,,,,,
2017-11-24,1.29,1.75,2.07,2.34,2.76,0.59,0.5,1.84,1.545,3.3249999999999997,1.19,1.9,,,,9.67,-0.603,
2017-11-27,1.27,1.74,2.06,2.32,2.76,0.58,0.49,1.83,1.5699999999999998,3.3775,1.21,1.93,,,,9.87,,
2017-11-28,1.3,1.75,2.07,2.34,2.77,0.59,0.5,1.84,1.56,3.3425,1.21,1.91,,,,10.03,,
2017-11-29,1.29,1.78,2.09,2.37,2.81,0.59,0.53,1.84,1.575,3.36,1.23,1.92,,,,10.7,,
2017-11-30,1.27,1.78,2.14,2.42,2.83,0.64,0.56,1.86,1.535,3.29,1.19,1.88,,,,11.28,,3.9
2017-12-01,1.27,1.78,2.13,2.37,2.76,0.59,0.51,1.86,1.51,3.2725,1.15,1.87,254.344,101.4644,4.1,11.43,-0.604,
2017-12-04,1.29,1.8,2.15,2.37,2.77,0.57,0.5,1.87,1.51,3.2725,1.15,1.87,,,,11.68,,
2017-12-05,1.3,1.83,2.15,2.36,2.73,0.53,0.5,1.86,1.48,3.22,1.12,1.84,,,,11.33,,
2017-12-06,1.3,1.78,2.11,2.33,2.71,0.55,0.47,1.86,1.505,3.2550000000000003,1.15,1.86,,,,11.02,,
2017-12-07,1.29,1.8,2.14,2.37,2.76,0.57,0.5,1.87,1.52,3.29,1.16,1.88,,,,10.16,,3.94
2017-12-08,1.28,1.8,2.14,2.38,2.77,0.58,0.5,1.88,1.5150000000000001,3.2725,1.16,1.87,,,,9.58,-0.605,
2017-12-11,1.33,1.82,2.16,2.39,2.77,0.57,0.51,1.88,1.49,3.2375000000000003,1.13,1.85,,,,9.34,,
2017-12-12,1.34,1.83,2.18,2.4,2.79,0.57,0.51,1.89,1.48,3.22,1.12,1.84,,,,9.92,,
2017-12-13,1.3,1.79,2.12,2.36,2.74,0.57,0.48,1.88,1.475,3.2025,1.12,1.83,,,,10.18,,
2017-12-14,1.32,1.82,2.14,2.35,2.71,0.53,0.48,1.87,1.465,3.185,1.11,1.82,,,,10.49,,3.93
2017-12-15,1.31,1.84,2.16,2.35,2.68,0.51,0.47,1.88,1.44,3.15,1.08,1.8,,,,9.42,-0.608,
2017-12-18,1.38,1.84,2.17,2.39,2.74,0.55,0.5,1.89,1.4500000000000002,3.1675,1.09,1.81,,,,9.53,,
2017-12-19,1.37,1.87,2.23,2.46,2.82,0.59,0.55,1.91,1.455,3.1675,1.1,1.81,,,,10.03,,
2017-12-20,1.38,1.87,2.24,2.49,2.88,0.62,0.57,1.92,1.465,3.185,1.11,1.82,,,,9.72,,
2017-12-21,1.35,1.89,2.26,2.48,2.84,0.59,0.55,1.93,1.4300000000000002,3.1325000000000003,1.07,1.79,,,,9.62,,3.94
2017-12-22,1.33,1.91,2.26,2.48,2.83,0.57,0.54,1.94,1.4300000000000002,3.1325000000000003,1.07,1.79,,,,9.9,-0.612,
2017-12-25,,,,,,,,,,,,,,,,,,
2017-12-26,1.47,1.92,2.25,2.47,2.82,0.55,0.53,1.94,1.42,3.115,1.06,1.78,,,,10.25,,
2017-12-27,1.44,1.89,2.22,2.42,2.75,0.53,0.48,1.94,1.405,3.08,1.05,1.76,,,,10.47,,
2017-12-28,1.39,1.91,2.23,2.43,2.75,0.52,0.47,1.96,1.405,3.08,1.05,1.76,,,,10.18,,3.99
2017-12-29,1.39,1.89,2.2,2.4,2.74,0.51,0.44,1.96,1.4100000000000001,3.0975,1.05,1.77,,,,11.04,-0.615,
2018-01-01,,,,,,,,,,,,,255.204,101.4625,4.0,,,
2018-01-02,1.44,1.92,2.25,2.46,2.81,0.54,0.46,2.0,1.42,3.115,1.06,1.78,,,,9.77,,
2018-01-03,1.41,1.94,2.25,2.44,2.78,0.5,0.46,1.98,1.415,3.0975,1.06,1.77,,,,9.15,,
2018-01-04,1.41,1.96,2.27,2.46,2.79,0.5,0.45,2.01,1.38,3.0625,1.01,1.75,,,,9.22,,3.95
2018-01-05,1.39,1.96,2.29,2.47,2.81,0.51,0.46,2.01,1.395,3.08,1.03,1.76,,,,9.22,-0.619,
2018-01-08,1.45,1.96,2.29,2.49,2.81,0.53,0.47,2.02,1.375,3.045,1.01,1.74,,,,9.52,,
2018-01-09,1.44,1.98,2.33,2.55,2.88,0.57,0.52,2.03,1.38,3.045,1.02,1.74,,,,10.08,,
2018-01-10,1.42,1.98,2.32,2.55,2.88,0.57,0.52,2.03,1.38,3.0275,1.03,1.73,,,,9.82,,
2018-01-11,1.43,1.98,2.32,2.54,2.91,0.56,0.54,2.0,1.3399999999999999,2.9575,0.99,1.69,,,,9.88,,3.99
2018-01-12,1.43,1.99,2.35,2.55,2.85,0.56,0.54,2.01,1.315,2.94,0.95,1.68,,,,10.16,-0.619,
2018-01-15,,,,,,,,,,,,,,,,,,
2018-01-16,1.45,2.03,2.36,2.54,2.83,0.51,0.51,2.03,1.305,2.905,0.95,1.66,,,,11.66,,
2018-01-17,1.44,2.05,2.39,2.57,2.84,0.52,0.53,2.04,1.295,2.905,0.93,1.66,,,,11.91,,
2018-01-18,1.45,2.05,2.43,2.62,2.9,0.57,0.57,2.05,1.28,2.8699999999999997,0.92,1.64,,,,12.22,,4.04
2018-01-19,1.44,2.06,2.45,2.64,2.91,0.58,0.58,2.06,1.29,2.8699999999999997,0.94,1.64,,,,11.27,-0.615,
2018-01-22,1.44,2.08,2.46,2.66,2.93,0.58,0.6,2.06,1.29,2.8699999999999997,0.94,1.64,,,,11.03,,
2018-01-23,1.44,2.06,2.43,2.63,2.9,0.57,0.57,2.06,1.29,2.8699999999999997,0.94,1.64,,,,11.1,,
2018-01-24,1.43,2.08,2.43,2.65,2.93,0.57,0.58,2.07,1.305,2.8874999999999997,0.96,1.65,,,,11.47,,
2018-01-25,1.42,2.08,2.41,2.63,2.89,0.55,0.56,2.07,1.2650000000000001,2.8175000000000003,0.92,1.61,,,,11.58,,4.15
2018-01-26,1.41,2.13,2.47,2.66,2.91,0.53,0.57,2.09,1.26,2.8000000000000003,0.92,1.6,,,,11.08,-0.606,
2018-01-29,1.44,2.11,2.49,2.7,2.94,0.59,0.61,2.09,1.24,2.7825,0.89,1.59,,,,13.84,,
2018-01-30,1.44,2.13,2.51,2.73,2.98,0.6,0.63,2.1,1.245,2.7825,0.9,1.59,,,,14.79,,
2018-01-31,1.46,2.14,2.52,2.72,2.95,0.58,0.61,2.11,1.215,2.73,0.87,1.56,,,,13.54,,
2018-02-01,1.48,2.16,2.56,2.78,3.01,0.62,0.67,2.11,1.2,2.73,0.84,1.56,255.711,101.7085,4.1,13.47,,4.22
2018-02-02,1.48,2.15,2.58,2.84,3.08,0.69,0.7,2.14,1.235,2.765,0.89,1.58,,,,17.31,-0.592,
2018-02-05,1.51,2.08,2.5,2.77,3.04,0.69,0.67,2.1,1.28,2.8525,0.93,1.63,,,,37.32,,
2018-02-06,1.52,2.1,2.52,2.79,3.06,0.69,0.69,2.1,1.26,2.8175000000000003,0.91,1.61,,,,29.98,,
2018-02-07,1.55,2.15,2.57,2.84,3.12,0.69,0.74,2.1,1.27,2.835,0.92,1.62,,,,27.73,,
2018-02-08,1.55,2.13,2.57,2.85,3.14,0.72,0.76,2.09,1.285,2.8525,0.94,1.63,,,,33.46,,4.32
2018-02-09,1.55,2.05,2.52,2.83,3.14,0.78,0.78,2.05,1.33,2.9225,0.99,1.67,,,,29.06,-0.575,
2018-02-12,1.62,2.09,2.56,2.86,3.14,0.77,0.79,2.07,1.305,2.8699999999999997,0.97,1.64,,,,25.61,,
2018-02-13,1.59,2.1,2.54,2.83,3.11,0.73,0.78,2.05,1.35,2.9575,1.01,1.69,,,,24.97,,
2018-02-14,1.58,2.17,2.65,2.91,3.18,0.74,0.82,2.09,1.315,2.905,0.97,1.66,,,,19.26,,
2018-02-15,1.58,2.19,2.65,2.9,3.15,0.71,0.79,2.11,1.2999999999999998,2.8525,0.97,1.63,,,,19.13,,4.38
2018-02-16,1.62,2.21,2.63,2.87,3.13,0.66,0.78,2.09,1.33,2.905,1.0,1.66,,,,19.46,-0.559,
2018-02-19,,,,,,,,,,,,,,,,,,
2018-02-20,1.66,2.25,2.65,2.88,3.15,0.63,0.78,2.1,1.3399999999999999,2.9225,1.01,1.67,,,,20.6,,
2018-02-21,1.64,2.26,2.69,2.94,3.22,0.68,0.82,2.12,1.3399999999999999,2.9225,1.01,1.67,,,,20.02,,
2018-02-22,1.63,2.25,2.66,2.92,3.21,0.67,0.81,2.11,1.33,2.94,0.98,1.68,,,,18.72,,4.4
2018-02-23,1.64,2.25,2.62,2.88,3.16,0.63,0.76,2.12,1.345,2.94,1.01,1.68,,,,16.49,-0.544,
2018-02-26,1.66,2.22,2.6,2.86,3.15,0.64,0.73,2.13,1.3599999999999999,2.975,1.02,1.7,,,,15.8,,
2018-02-27,1.66,2.27,2.67,2.9,3.17,0.63,0.77,2.13,1.345,2.9575,1.0,1.69,,,,18.59,,
2018-02-28,1.65,2.25,2.65,2.87,3.13,0.62,0.75,2.12,1.325,2.94,0.97,1.68,,,,19.85,,
2018-03-01,1.63,2.22,2.58,2.81,3.09,0.59,0.71,2.1,1.365,3.01,1.01,1.72,256.271,102.2067,4.0,22.47,,4.43
2018-03-02,1.65,2.25,2.63,2.86,3.14,0.61,0.74,2.12,1.38,3.01,1.04,1.72,,,,19.59,-0.53,
2018-03-05,1.7,2.24,2.65,2.88,3.16,0.64,0.75,2.13,1.375,3.01,1.03,1.72,,,,18.73,,
2018-03-06,1.68,2.25,2.65,2.88,3.14,0.63,0.76,2.12,1.375,3.0625,1.0,1.75,,,,18.36,,
2018-03-07,1.68,2.25,2.65,2.89,3.15,0.64,0.76,2.13,1.3900000000000001,3.0975,1.01,1.77,,,,17.76,,
2018-03-08,1.67,2.25,2.63,2.86,3.13,0.61,0.75,2.11,1.4,3.115,1.02,1.78,,,,16.54,,4.46
2018-03-09,1.67,2.27,2.65,2.9,3.16,0.63,0.78,2.12,1.385,3.0975,1.0,1.77,,,,14.64,-0.516,
2018-03-12,1.71,2.27,2.64,2.87,3.13,0.6,0.77,2.1,1.395,3.1325000000000003,1.0,1.79,,,,15.78,,
2018-03-13,1.73,2.26,2.62,2.84,3.1,0.58,0.75,2.09,1.4100000000000001,3.15,1.02,1.8,,,,16.35,,
2018-03-14,1.76,2.26,2.61,2.81,3.05,0.55,0.74,2.07,1.42,3.15,1.04,1.8,,,,17.23,,
2018-03-15,1.77,2.29,2.62,2.82,3.05,0.53,0.74,2.08,1.425,3.1675,1.04,1.81,,,,16.59,,4.44
2018-03-16,1.78,2.31,2.65,2.85,3.08,0.54,0.77,2.08,1.405,3.1325000000000003,1.02,1.79,,,,15.8,-0.506,
2018-03-19,1.8,2.31,2.65,2.85,3.09,0.54,0.77,2.08,1.4,3.15,1.0,1.8,,,,19.02,,
2018-03-20,1.81,2.34,2.69,2.89,3.12,0.55,0.81,2.08,1.385,3.1325000000000003,0.98,1.79,,,,18.2,,
2018-03-21,1.74,2.31,2.69,2.89,3.12,0.58,0.8,2.09,1.42,3.185,1.02,1.82,,,,17.86,,
2018-03-22,1.72,2.29,2.63,2.83,3.06,0.54,0.75,2.08,1.435,3.22,1.03,1.84,,,,23.34,,4.45
2018-03-23,1.74,2.28,2.61,2.82,3.06,0.54,0.75,2.07,1.465,3.2725,1.06,1.87,,,,24.87,-0.498,
2018-03-26,1.79,2.33,2.64,2.85,3.08,0.52,0.77,2.08,1.44,3.22,1.04,1.84,,,,21.03,,
2018-03-27,1.77,2.26,2.58,2.78,3.03,0.52,0.71,2.07,1.455,3.2550000000000003,1.05,1.86,,,,22.5,,
2018-03-28,1.73,2.28,2.59,2.77,3.01,0.49,0.72,2.05,1.455,3.2550000000000003,1.05,1.86,,,,22.87,,
2018-03-29,1.73,2.27,2.56,2.74,2.97,0.47,0.69,2.05,1.44,3.2375000000000003,1.03,1.85,,,,19.97,,4.44
2018-03-30,,,,,,,,,,,,,,,,,-0.497,
2018-04-01,,,,,,,,,,,,,256.63,103.3329,4.0,,,
2018-04-02,1.77,2.25,2.55,2.73,2.97,0.48,0.68,2.05,1.455,3.2550000000000003,1.05,1.86,,,,23.62,,
2018-04-03,1.75,2.28,2.6,2.79,3.02,0.51,0.71,2.08,1.4300000000000002,3.22,1.02,1.84,,,,21.1,,
2018-04-04,1.71,2.28,2.61,2.79,3.03,0.51,0.71,2.08,1.435,3.2375000000000003,1.02,1.85,,,,20.06,,
2018-04-05,1.72,2.3,2.64,2.83,3.07,0.53,0.75,2.08,1.42,3.22,1.0,1.84,,,,18.94,,4.4
2018-04-06,1.73,2.27,2.58,2.77,3.01,0.5,0.7,2.07,1.425,3.22,1.01,1.84,,,,21.49,-0.501,
2018-04-09,1.76,2.29,2.6,2.78,3.02,0.49,0.71,2.07,1.405,3.2025,0.98,1.83,,,,21.77,,
2018-04-10,1.74,2.32,2.62,2.8,3.02,0.48,0.72,2.08,1.385,3.15,0.97,1.8,,,,20.47,,
2018-04-11,1.73,2.32,2.62,2.79,2.99,0.47,0.68,2.11,1.38,3.15,0.96,1.8,,,,20.24,,
2018-04-12,1.75,2.34,2.67,2.83,3.05,0.49,0.7,2.13,1.375,3.1325000000000003,0.96,1.79,,,,18.49,,4.42
2018-04-13,1.76,2.37,2.67,2.82,3.03,0.45,0.69,2.13,1.38,3.1325000000000003,0.97,1.79,,,,17.41,-0.511,
2018-04-16,1.79,2.39,2.69,2.83,3.03,0.44,0.71,2.12,1.365,3.0975,0.96,1.77,,,,16.56,,
2018-04-17,1.8,2.41,2.68,2.82,3.0,0.41,0.68,2.14,1.35,3.08,0.94,1.76,,,,15.25,,
2018-04-18,1.81,2.42,2.73,2.87,3.06,0.45,0.71,2.16,1.35,3.08,0.94,1.76,,,,15.6,,
2018-04-19,1.82,2.44,2.77,2.92,3.11,0.48,0.75,2.17,1.37,3.0975,0.97,1.77,,,,15.96,,4.47
2018-04-20,1.81,2.46,2.8,2.96,3.14,0.5,0.79,2.17,1.3599999999999999,3.115,0.94,1.78,,,,16.88,-0.525,
2018-04-23,1.87,2.49,2.83,2.98,3.15,0.49,0.8,2.18,1.3599999999999999,3.08,0.96,1.76,,,,16.34,,
2018-04-24,1.87,2.48,2.83,3.0,3.18,0.52,0.83,2.17,1.355,3.0975,0.94,1.77,,,,18.02,,
2018-04-25,1.85,2.49,2.84,3.03,3.21,0.54,0.86,2.17,1.38,3.15,0.96,1.8,,,,17.84,,
2018-04-26,1.82,2.49,2.82,3.0,3.18,0.51,0.82,2.18,1.395,3.15,0.99,1.8,,,,16.24,,4.58
2018-04-27,1.82,2.49,2.8,2.96,3.13,0.47,0.79,2.17,1.3900000000000001,3.15,0.98,1.8,,,,15.41,-0.538,
2018-04-30,1.87,2.49,2.79,2.95,3.11,0.46,0.78,2.17,1.395,3.1325000000000003,1.0,1.79,,,,15.93,,
2018-05-01,1.85,2.5,2.82,2.97,3.13,0.47,0.81,2.16,1.42,3.185,1.02,1.82,257.145,102.4024,3.8,15.49,,
2018-05-02,1.84,2.49,2.8,2.97,3.14,0.48,0.8,2.17,1.425,3.2025,1.02,1.83,,,,15.97,,
2018-05-03,1.84,2.49,2.78,2.94,3.12,0.45,0.78,2.16,1.46,3.2550000000000003,1.06,1.86,,,,15.9,,4.55
2018-05-04,1.84,2.51,2.78,2.95,3.12,0.44,0.79,2.16,1.46,3.2550000000000003,1.06,1.86,,,,14.77,-0.55,
2018-05-07,1.86,2.49,2.78,2.95,3.12,0.46,0.78,2.17,1.465,3.2725,1.06,1.87,,,,14.75,,
2018-05-08,1.87,2.51,2.81,2.97,3.13,0.46,0.81,2.16,1.46,3.2725,1.05,1.87,,,,14.71,,
2018-05-09,1.88,2.54,2.84,3.0,3.16,0.46,0.82,2.18,1.4500000000000002,3.2550000000000003,1.04,1.86,,,,13.42,,
2018-05-10,1.9,2.54,2.83,2.97,3.12,0.43,0.8,2.17,1.4300000000000002,3.22,1.02,1.84,,,,13.23,,4.55
2018-05-11,1.92,2.54,2.84,2.97,3.1,0.43,0.82,2.15,1.415,3.185,1.01,1.82,,,,12.65,-0.56,
2018-05-14,1.93,2.55,2.85,3.0,3.13,0.45,0.85,2.15,1.4,3.1675,0.99,1.81,,,,12.93,,
2018-05-15,1.92,2.58,2.92,3.08,3.2,0.5,0.9,2.18,1.4,3.1675,0.99,1.81,,,,14.63,,
2018-05-16,1.92,2.58,2.94,3.09,3.21,0.51,0.92,2.17,1.385,3.15,0.97,1.8,,,,13.42,,
2018-05-17,1.92,2.57,2.94,3.11,3.25,0.54,0.95,2.16,1.395,3.185,0.97,1.82,,,,13.43,,4.61
2018-05-18,1.91,2.55,2.9,3.06,3.2,0.51,0.91,2.15,1.405,3.2025,0.98,1.83,,,,13.42,-0.565,
2018-05-21,1.93,2.58,2.9,3.06,3.2,0.48,0.9,2.16,1.4100000000000001,3.2025,0.99,1.83,,,,13.08,,
2018-05-22,1.93,2.59,2.9,3.06,3.21,0.47,0.91,2.15,1.4100000000000001,3.2025,0.99,1.83,,,,13.22,,
2018-05-23,1.92,2.53,2.83,3.01,3.17,0.48,0.87,2.14,1.425,3.22,1.01,1.84,,,,12.58,,
2018-05-24,1.91,2.5,2.82,2.98,3.13,0.48,0.86,2.12,1.42,3.22,1.0,1.84,,,,12.53,,4.66
2018-05-25,1.9,2.48,2.76,2.93,3.09,0.45,0.84,2.09,1.425,3.2375000000000003,1.0,1.85,,,,13.22,-0.564,
2018-05-28,,,,,,,,,,,,,,,,,,
2018-05-29,1.93,2.32,2.58,2.77,2.96,0.45,0.73,2.04,1.52,3.4299999999999997,1.08,1.96,,,,17.02,,
2018-05-30,1.94,2.42,2.67,2.84,3.01,0.42,0.78,2.06,1.48,3.3425,1.05,1.91,,,,14.94,,
2018-05-31,1.93,2.4,2.68,2.83,3.0,0.43,0.76,2.07,1.455,3.3074999999999997,1.02,1.89,,,,15.43,,4.56
2018-06-01,1.92,2.47,2.74,2.89,3.04,0.42,0.8,2.09,1.4649999999999999,3.3249999999999997,1.03,1.9,257.399,103.198,4.0,13.46,-0.559,
2018-06-04,1.94,2.52,2.78,2.94,3.08,0.42,0.82,2.12,1.45,3.29,1.02,1.88,,,,12.74,,
2018-06-05,1.94,2.49,2.76,2.92,3.07,0.43,0.79,2.13,1.4649999999999999,3.3249999999999997,1.03,1.9,,,,12.4,,
2018-06-06,1.95,2.52,2.81,2.97,3.13,0.45,0.83,2.14,1.47,3.3425,1.03,1.91,,,,11.64,,
2018-06-07,1.94,2.5,2.77,2.93,3.08,0.43,0.8,2.13,1.455,3.3074999999999997,1.02,1.89,,,,12.13,,4.54
2018-06-08,1.93,2.5,2.77,2.93,3.08,0.43,0.82,2.11,1.4649999999999999,3.3249999999999997,1.03,1.9,,,,12.18,-0.554,
2018-06-11,1.94,2.52,2.8,2.96,3.1,0.44,0.83,2.13,1.4449999999999998,3.3074999999999997,1.0,1.89,,,,12.35,,
2018-06-12,1.92,2.54,2.81,2.96,3.09,0.42,0.83,2.13,1.4449999999999998,3.29,1.01,1.88,,,,12.34,,
2018-06-13,1.94,2.59,2.85,2.98,3.1,0.39,0.86,2.12,1.435,3.2725,1.0,1.87,,,,12.94,,
2018-06-14,1.94,2.59,2.81,2.94,3.05,0.35,0.82,2.12,1.43,3.29,0.98,1.88,,,,12.12,,4.62
2018-06-15,1.94,2.55,2.81,2.93,3.05,0.38,0.81,2.12,1.425,3.2725,0.98,1.87,,,,11.98,-0.547,
2018-06-18,1.94,2.56,2.8,2.92,3.05,0.36,0.8,2.12,1.46,3.3249999999999997,1.02,1.9,,,,12.31,,
2018-06-19,1.94,2.54,2.77,2.89,3.02,0.35,0.77,2.12,1.475,3.3425,1.04,1.91,,,,13.35,,
2018-06-20,1.94,2.56,2.8,2.93,3.06,0.37,0.81,2.12,1.49,3.36,1.06,1.92,,,,12.79,,
2018-06-21,1.94,2.56,2.77,2.9,3.04,0.34,0.79,2.11,1.5150000000000001,3.4125,1.08,1.95,,,,14.64,,4.57
2018-06-22,1.93,2.56,2.77,2.9,3.04,0.34,0.78,2.12,1.53,3.4475,1.09,1.97,,,,13.77,-0.541,
2018-06-25,1.93,2.54,2.75,2.87,3.02,0.33,0.77,2.1,1.55,3.4825,1.11,1.99,,,,17.33,,
2018-06-26,1.93,2.53,2.75,2.88,3.03,0.35,0.76,2.12,1.545,3.4825,1.1,1.99,,,,15.92,,
2018-06-27,1.93,2.52,2.71,2.83,2.97,0.31,0.72,2.11,1.54,3.465,1.1,1.98,,,,17.91,,
2018-06-28,1.93,2.52,2.73,2.84,2.97,0.32,0.74,2.1,1.545,3.5,1.09,2.0,,,,16.85,,4.55
2018-06-29,1.93,2.52,2.73,2.85,2.98,0.33,0.74,2.11,1.5350000000000001,3.4825,1.08,1.99,,,,16.09,-0.538,
2018-07-01,,,,,,,,,,,,,257.699,103.3646,3.8,,,
2018-07-02,1.98,2.57,2.75,2.87,2.99,0.3,0.73,2.14,1.5150000000000001,3.4475,1.06,1.97,,,,15.6,,
2018-07-03,1.98,2.53,2.72,2.83,2.96,0.3,0.71,2.12,1.53,3.4825,1.07,1.99,,,,16.14,,
2018-07-04,,,,,,,,,,,,,,,,,,
2018-07-05,1.96,2.55,2.74,2.84,2.95,0.29,0.71,2.13,1.5,3.4125,1.05,1.95,,,,14.97,,4.52
2018-07-06,1.97,2.53,2.71,2.82,2.94,0.29,0.7,2.12,1.51,3.4299999999999997,1.06,1.96,,,,13.37,-0.539,
2018-07-09,1.98,2.57,2.75,2.86,2.96,0.29,0.73,2.13,1.46,3.3775,0.99,1.93,,,,12.69,,
2018-07-10,1.99,2.59,2.77,2.87,2.97,0.28,0.74,2.13,1.4449999999999998,3.3425,0.98,1.91,,,,12.64,,
2018-07-11,1.97,2.58,2.74,2.85,2.95,0.27,0.74,2.11,1.44,3.3425,0.97,1.91,,,,13.63,,
2018-07-12,1.98,2.6,2.75,2.85,2.95,0.25,0.75,2.1,1.43,3.3249999999999997,0.96,1.9,,,,12.58,,4.53
2018-07-13,1.98,2.59,2.73,2.83,2.94,0.24,0.72,2.11,1.435,3.3249999999999997,0.97,1.9,,,,12.18,-0.545,
2018-07-16,2.01,2.59,2.75,2.85,2.96,0.26,0.75,2.1,1.44,3.3425,0.97,1.91,,,,12.83,,
2018-07-17,2.02,2.62,2.76,2.86,2.97,0.24,0.77,2.09,1.44,3.3249999999999997,0.98,1.9,,,,12.06,,
2018-07-18,2.0,2.6,2.77,2.88,2.99,0.28,0.79,2.09,1.43,3.3074999999999997,0.97,1.89,,,,12.1,,
2018-07-19,2.0,2.6,2.74,2.84,2.96,0.24,0.75,2.09,1.4449999999999998,3.3249999999999997,0.99,1.9,,,,12.87,,4.52
2018-07-20,1.99,2.6,2.77,2.89,3.03,0.29,0.78,2.11,1.46,3.3425,1.01,1.91,,,,12.86,-0.553,
2018-07-23,1.99,2.64,2.83,2.96,3.1,0.32,0.85,2.11,1.455,3.3425,1.0,1.91,,,,12.62,,
2018-07-24,2.02,2.63,2.83,2.95,3.08,0.32,0.84,2.11,1.42,3.29,0.96,1.88,,,,12.41,,
2018-07-25,2.01,2.66,2.82,2.94,3.06,0.28,0.81,2.13,1.415,3.2725,0.96,1.87,,,,12.29,,
2018-07-26,1.99,2.69,2.86,2.98,3.1,0.29,0.87,2.11,1.395,3.2375000000000003,0.94,1.85,,,,12.14,,4.54
2018-07-27,2.0,2.67,2.84,2.96,3.09,0.29,0.84,2.12,1.3900000000000001,3.22,0.94,1.84,,,,13.03,-0.562,
2018-07-30,2.04,2.66,2.85,2.98,3.11,0.32,0.85,2.13,1.385,3.22,0.93,1.84,,,,14.26,,
2018-07-31,2.03,2.67,2.85,2.96,3.08,0.29,0.84,2.12,1.3800000000000001,3.2025,0.93,1.83,,,,12.83,,
2018-08-01,2.03,2.67,2.87,3.0,3.13,0.33,0.87,2.13,1.385,3.2025,0.94,1.83,257.891,104.0327,3.8,13.15,,
2018-08-02,2.02,2.66,2.85,2.98,3.12,0.32,0.86,2.12,1.385,3.22,0.93,1.84,,,,12.19,,4.6
2018-08-03,2.01,2.63,2.82,2.95,3.09,0.32,0.83,2.12,1.3900000000000001,3.22,0.94,1.84,,,,11.64,-0.571,
2018-08-06,2.05,2.64,2.8,2.94,3.08,0.3,0.83,2.11,1.375,3.185,0.93,1.82,,,,11.27,,
2018-08-07,2.06,2.68,2.84,2.98,3.12,0.3,0.85,2.13,1.37,3.185,0.92,1.82,,,,10.93,,
2018-08-08,2.06,2.68,2.83,2.96,3.12,0.28,0.85,2.11,1.4100000000000001,3.22,0.98,1.84,,,,10.85,,
2018-08-09,2.06,2.64,2.8,2.93,3.08,0.29,0.82,2.11,1.42,3.2375000000000003,0.99,1.85,,,,11.27,,4.59
2018-08-10,2.05,2.61,2.75,2.87,3.03,0.26,0.78,2.09,1.4300000000000002,3.2725,0.99,1.87,,,,13.16,-0.58,
2018-08-13,2.06,2.61,2.75,2.88,3.05,0.27,0.78,2.1,1.475,3.3425,1.04,1.91,,,,14.78,,
2018-08-14,2.08,2.63,2.77,2.89,3.06,0.26,0.8,2.09,1.4649999999999999,3.3249999999999997,1.03,1.9,,,,13.31,,
2018-08-15,2.07,2.61,2.73,2.86,3.03,0.25,0.78,2.08,1.46,3.3249999999999997,1.02,1.9,,,,14.64,,
2018-08-16,2.07,2.63,2.75,2.87,3.03,0.24,0.79,2.08,1.455,3.3074999999999997,1.02,1.89,,,,13.45,,4.53
2018-08-17,2.05,2.61,2.75,2.87,3.03,0.26,0.79,2.08,1.4449999999999998,3.3074999999999997,1.0,1.89,,,,12.64,-0.587,
2018-08-20,2.06,2.6,2.7,2.82,2.99,0.22,0.75,2.07,1.45,3.3074999999999997,1.01,1.89,,,,12.49,,
2018-08-21,2.08,2.61,2.73,2.85,3.0,0.24,0.77,2.08,1.44,3.29,1.0,1.88,,,,12.86,,
2018-08-22,2.09,2.6,2.7,2.82,2.99,0.22,0.74,2.08,1.4649999999999999,3.3425,1.02,1.91,,,,12.25,,
2018-08-23,2.08,2.61,2.72,2.82,2.97,0.21,0.73,2.09,1.46,3.3249999999999997,1.02,1.9,,,,12.41,,4.51
2018-08-24,2.09,2.63,2.72,2.82,2.97,0.19,0.73,2.09,1.455,3.3249999999999997,1.01,1.9,,,,11.99,-0.593,
2018-08-27,2.12,2.67,2.74,2.85,3.0,0.18,0.74,2.11,1.45,3.3074999999999997,1.01,1.89,,,,12.16,,
2018-08-28,2.13,2.67,2.77,2.88,3.03,0.21,0.77,2.11,1.46,3.3249999999999997,1.02,1.9,,,,12.5,,
2018-08-29,2.13,2.67,2.78,2.89,3.02,0.22,0.77,2.12,1.435,3.29,0.99,1.88,,,,12.25,,
2018-08-30,2.11,2.64,2.75,2.86,3.0,0.22,0.76,2.1,1.47,3.3249999999999997,1.04,1.9,,,,13.53,,4.52
2018-08-31,2.11,2.62,2.74,2.86,3.02,0.24,0.78,2.08,1.4849999999999999,3.36,1.05,1.92,,,,12.86,-0.597,
2018-09-01,,,,,,,,,,,,,258.368,104.1004,3.7,,,
2018-09-03,,,,,,,,,,,,,,,,,,
2018-09-04,2.13,2.66,2.78,2.9,3.07,0.24,0.8,2.1,1.51,3.395,1.08,1.94,,,,13.16,,
2018-09-05,2.14,2.66,2.77,2.9,3.08,0.24,0.81,2.09,1.51,3.4125,1.07,1.95,,,,13.91,,
2018-09-06,2.13,2.64,2.76,2.88,3.06,0.24,0.8,2.08,1.495,3.3775,1.06,1.93,,,,14.65,,4.54
2018-09-07,2.14,2.71,2.82,2.94,3.11,0.23,0.84,2.1,1.49,3.3775,1.05,1.93,,,,14.88,-0.599,
2018-09-10,2.14,2.73,2.83,2.94,3.09,0.21,0.84,2.1,1.4649999999999999,3.36,1.01,1.92,,,,14.16,,
2018-09-11,2.15,2.76,2.87,2.98,3.13,0.22,0.86,2.12,1.4449999999999998,3.3249999999999997,0.99,1.9,,,,13.22,,
2018-09-12,2.16,2.74,2.87,2.97,3.11,0.23,0.85,2.12,1.43,3.3074999999999997,0.97,1.89,,,,13.14,,
2018-09-13,2.15,2.76,2.87,2.97,3.11,0.21,0.87,2.1,1.4100000000000001,3.2725,0.95,1.87,,,,12.37,,4.6
2018-09-14,2.16,2.78,2.9,2.99,3.13,0.21,0.89,2.1,1.415,3.29,0.95,1.88,,,,12.07,-0.599,
2018-09-17,2.16,2.78,2.89,2.99,3.13,0.21,0.89,2.1,1.415,3.29,0.95,1.88,,,,13.68,,
2018-09-18,2.17,2.81,2.94,3.05,3.2,0.24,0.92,2.13,1.4249999999999998,3.29,0.97,1.88,,,,12.79,,
2018-09-19,2.16,2.81,2.96,3.08,3.23,0.27,0.93,2.15,1.42,3.29,0.96,1.88,,,,11.75,,
2018-09-20,2.17,2.81,2.96,3.07,3.21,0.26,0.92,2.15,1.385,3.2375000000000003,0.92,1.85,,,,11.8,,4.65
2018-09-21,2.18,2.81,2.95,3.07,3.2,0.26,0.92,2.15,1.375,3.2025,0.92,1.83,,,,11.68,-0.597,
2018-09-24,2.22,2.83,2.96,3.08,3.21,0.25,0.92,2.16,1.3800000000000001,3.22,0.92,1.84,,,,12.2,,
2018-09-25,2.21,2.83,2.99,3.1,3.23,0.27,0.94,2.16,1.375,3.2025,0.92,1.83,,,,12.42,,
2018-09-26,2.2,2.83,2.96,3.06,3.19,0.23,0.92,2.14,1.385,3.22,0.93,1.84,,,,12.89,,
2018-09-27,2.18,2.83,2.96,3.06,3.19,0.23,0.91,2.15,1.375,3.2025,0.92,1.83,,,,12.41,,4.72
2018-09-28,2.19,2.81,2.94,3.05,3.19,0.24,0.91,2.14,1.3900000000000001,3.22,0.94,1.84,,,,12.12,-0.592,
2018-10-01,2.23,2.82,2.96,3.09,3.24,0.27,0.95,2.14,1.3800000000000001,3.2025,0.93,1.83,258.917,103.9856,3.8,12.0,,
2018-10-02,2.23,2.82,2.94,3.05,3.2,0.23,0.93,2.12,1.385,3.22,0.93,1.84,,,,12.05,,
2018-10-03,2.23,2.85,3.02,3.15,3.3,0.3,0.99,2.16,1.37,3.2025,0.91,1.83,,,,11.61,,
2018-10-04,2.22,2.87,3.05,3.19,3.35,0.32,1.03,2.16,1.3800000000000001,3.22,0.92,1.84,,,,14.22,,4.71
2018-10-05,2.23,2.88,3.07,3.23,3.4,0.35,1.07,2.16,1.395,3.2375000000000003,0.94,1.85,,,,14.82,-0.586,
2018-10-08,,,,,,,,,,,,,,,,15.69,,
2018-10-09,2.25,2.88,3.05,3.21,3.37,0.33,1.04,2.17,1.385,3.22,0.93,1.84,,,,15.95,,
2018-10-10,2.27,2.88,3.05,3.22,3.39,0.34,1.06,2.16,1.4,3.2550000000000003,0.94,1.86,,,,22.96,,
2018-10-11,2.27,2.85,3.0,3.14,3.32,0.29,1.02,2.12,1.415,3.29,0.95,1.88,,,,24.98,,4.9
2018-10-12,2.28,2.85,3.0,3.15,3.32,0.3,1.03,2.12,1.4249999999999998,3.29,0.97,1.88,,,,21.31,-0.576,
2018-10-15,2.31,2.85,3.01,3.16,3.34,0.31,1.03,2.13,1.435,3.3074999999999997,0.98,1.89,,,,21.3,,
2018-10-16,2.3,2.87,3.02,3.16,3.32,0.29,1.03,2.13,1.405,3.29,0.93,1.88,,,,17.62,,
2018-10-17,2.31,2.89,3.04,3.19,3.35,0.3,1.06,2.13,1.41,3.29,0.94,1.88,,,,17.4,,
2018-10-18,2.32,2.87,3.03,3.17,3.36,0.3,1.07,2.1,1.455,3.36,0.99,1.92,,,,20.06,,4.85
2018-10-19,2.31,2.92,3.05,3.2,3.38,0.28,1.09,2.11,1.45,3.36,0.98,1.92,,,,19.89,-0.565,
2018-10-22,2.34,2.92,3.05,3.2,3.38,0.28,1.09,2.11,1.455,3.36,0.99,1.92,,,,19.64,,
2018-10-23,2.33,2.89,3.01,3.17,3.37,0.28,1.08,2.09,1.49,3.4299999999999997,1.02,1.96,,,,20.71,,
2018-10-24,2.34,2.84,2.94,3.1,3.33,0.26,1.03,2.07,1.525,3.4825,1.06,1.99,,,,25.23,,
2018-10-25,2.34,2.86,2.98,3.14,3.35,0.28,1.09,2.05,1.52,3.465,1.06,1.98,,,,24.22,,4.86
2018-10-26,2.33,2.81,2.91,3.08,3.32,0.27,1.02,2.06,1.56,3.535,1.1,2.02,,,,24.16,-0.551,
2018-10-29,2.34,2.81,2.91,3.08,3.33,0.27,1.02,2.06,1.56,3.535,1.1,2.02,,,,24.7,,
2018-10-30,2.33,2.84,2.94,3.12,3.36,0.28,1.07,2.05,1.5699999999999998,3.5524999999999998,1.11,2.03,,,,23.35,,
2018-10-31,2.34,2.87,2.98,3.15,3.39,0.28,1.1,2.05,1.575,3.5524999999999998,1.12,2.03,,,,21.23,,
2018-11-01,2.32,2.84,2.96,3.14,3.38,0.3,1.12,2.02,1.5899999999999999,3.5700000000000003,1.14,2.04,259.439,104.0681,3.8,19.34,,4.83
2018-11-02,2.33,2.91,3.04,3.22,3.46,0.31,1.16,2.06,1.5350000000000001,3.535,1.05,2.02,,,,19.51,-0.536,
2018-11-05,2.36,2.91,3.03,3.2,3.43,0.29,1.14,2.06,1.5350000000000001,3.535,1.05,2.02,,,,19.96,,
2018-11-06,2.35,2.93,3.05,3.22,3.43,0.29,1.15,2.07,1.5,3.465,1.02,1.98,,,,19.91,,
2018-11-07,2.37,2.96,3.07,3.22,3.43,0.26,1.15,2.07,1.4849999999999999,3.4299999999999997,1.01,1.96,,,,16.36,,
2018-11-08,2.35,2.98,3.09,3.24,3.43,0.26,1.17,2.07,1.46,3.4299999999999997,0.96,1.96,,,,16.72,,4.94
2018-11-09,2.36,2.94,3.05,3.19,3.4,0.25,1.15,2.04,1.475,3.465,0.97,1.98,,,,17.36,-0.521,
2018-11-12,,,,,,,,,,,,,,,,20.45,,
2018-11-13,2.38,2.89,2.99,3.14,3.36,0.25,1.12,2.02,1.5550000000000002,3.5700000000000003,1.07,2.04,,,,20.02,,
2018-11-14,2.38,2.86,2.95,3.12,3.35,0.26,1.12,2.0,1.5899999999999999,3.6574999999999998,1.09,2.09,,,,21.25,,
2018-11-15,2.37,2.86,2.94,3.11,3.36,0.25,1.11,2.0,1.6349999999999998,3.7275,1.14,2.13,,,,19.98,,4.94
2018-11-16,2.36,2.81,2.9,3.08,3.33,0.27,1.06,2.02,1.63,3.7275,1.13,2.13,,,,18.14,-0.502,
2018-11-19,2.38,2.79,2.87,3.06,3.32,0.27,1.07,1.99,1.655,3.7800000000000002,1.15,2.16,,,,20.1,,
2018-11-20,2.39,2.79,2.88,3.06,3.31,0.27,1.09,1.97,1.665,3.7975,1.16,2.17,,,,22.48,,
2018-11-21,2.41,2.81,2.89,3.06,3.31,0.25,1.09,1.97,1.65,3.7975,1.13,2.17,,,,20.8,,4.81
2018-11-22,,,,,,,,,,,,,,,,,,
2018-11-23,2.41,2.81,2.88,3.05,3.31,0.24,1.09,1.96,1.655,3.8150000000000004,1.13,2.18,,,,21.52,-0.481,
2018-11-26,2.41,2.84,2.9,3.07,3.32,0.23,1.11,1.96,1.6350000000000002,3.7800000000000002,1.11,2.16,,,,18.9,,
2018-11-27,2.41,2.83,2.89,3.06,3.32,0.23,1.15,1.91,1.6600000000000001,3.8500000000000005,1.12,2.2,,,,19.02,,
2018-11-28,2.4,2.81,2.87,3.06,3.34,0.25,1.12,1.94,1.695,3.8850000000000002,1.17,2.22,,,,18.49,,
2018-11-29,2.37,2.81,2.85,3.03,3.33,0.22,1.05,1.98,1.7199999999999998,3.9549999999999996,1.18,2.26,,,,18.79,,4.81
2018-11-30,2.37,2.8,2.84,3.01,3.3,0.21,1.04,1.97,1.74,3.9725,1.21,2.27,,,,18.07,-0.461,
2018-12-01,,,,,,,,,,,,,260.063,104.0936,3.9,,,
2018-12-03,2.38,2.83,2.83,2.98,3.27,0.15,1.02,1.96,1.7249999999999999,3.9549999999999996,1.19,2.26,,,,16.44,,
2018-12-04,2.42,2.8,2.79,2.91,3.16,0.11,0.97,1.94,1.7149999999999999,3.9375,1.18,2.25,,,,20.74,,
2018-12-05,,,,,,,,,,,,,,,,,,
2018-12-06,2.41,2.75,2.75,2.87,3.14,0.12,0.97,1.9,1.75,4.0075,1.21,2.29,,,,21.19,,4.75
2018-12-07,2.4,2.72,2.7,2.85,3.14,0.13,0.96,1.89,1.76,4.0425,1.21,2.31,,,,23.23,-0.442,
2018-12-10,2.41,2.72,2.71,2.85,3.13,0.13,0.99,1.86,1.77,4.0425,1.23,2.31,,,,22.64,,
2018-12-11,2.41,2.78,2.75,2.89,3.13,0.11,1.06,1.83,1.6999999999999997,3.9549999999999996,1.14,2.26,,,,21.76,,
2018-12-12,2.43,2.77,2.77,2.91,3.15,0.14,1.08,1.83,1.6700000000000002,3.9200000000000004,1.1,2.24,,,,21.46,,
2018-12-13,2.43,2.75,2.75,2.91,3.16,0.16,1.08,1.83,1.675,3.9375,1.1,2.25,,,,20.65,,4.63
2018-12-14,2.42,2.73,2.73,2.89,3.14,0.16,1.07,1.82,1.69,3.9375,1.13,2.25,,,,21.63,-0.429,
2018-12-17,2.4,2.7,2.69,2.86,3.11,0.16,1.05,1.81,1.69,3.9375,1.13,2.25,,,,24.52,,
2018-12-18,2.39,2.65,2.65,2.82,3.07,0.17,1.01,1.81,1.6949999999999998,3.9549999999999996,1.13,2.26,,,,25.58,,
2018-12-19,2.4,2.63,2.62,2.77,3.0,0.14,0.97,1.8,1.695,3.9725,1.12,2.27,,,,25.58,,
2018-12-20,2.39,2.67,2.65,2.79,3.02,0.12,1.03,1.76,1.7199999999999998,3.9899999999999998,1.16,2.28,,,,28.38,,4.62
2018-12-21,2.39,2.63,2.64,2.79,3.03,0.16,1.02,1.77,1.745,4.0425,1.18,2.31,,,,30.11,-0.423,
2018-12-24,2.45,2.55,2.58,2.74,3.0,0.19,0.99,1.75,1.7850000000000001,4.1125,1.22,2.35,,,,36.07,,
2018-12-25,,,,,,,,,,,,,,,,,,
2018-12-26,2.44,2.61,2.67,2.81,3.06,0.2,1.04,1.77,1.7650000000000001,4.077500000000001,1.2,2.33,,,,30.41,,
2018-12-27,2.41,2.56,2.6,2.77,3.05,0.21,1.03,1.74,1.7999999999999998,4.13,1.24,2.36,,,,29.96,,4.55
2018-12-28,2.4,2.52,2.56,2.72,3.04,0.2,0.99,1.73,1.87,4.27,1.3,2.44,,,,28.34,-0.426,
2018-12-31,2.45,2.48,2.51,2.69,3.02,0.21,0.98,1.71,1.875,4.2875000000000005,1.3,2.45,,,,25.42,,
2019-01-01,,,,,,,,,,,,,260.766,103.4021,4.0,,,
2019-01-02,2.42,2.5,2.49,2.66,2.97,0.16,0.96,1.7,1.87,4.2875000000000005,1.29,2.45,,,,23.22,,
2019-01-03,2.41,2.39,2.37,2.56,2.92,0.17,0.88,1.68,1.915,4.34,1.35,2.48,,,,25.45,,4.51
2019-01-04,2.42,2.5,2.49,2.67,2.98,0.17,0.91,1.76,1.8800000000000001,4.2875000000000005,1.31,2.45,,,,21.38,-0.439,
2019-01-07,2.45,2.53,2.53,2.7,2.99,0.17,0.92,1.78,1.8399999999999999,4.234999999999999,1.26,2.42,,,,21.4,,
2019-01-08,2.46,2.58,2.58,2.73,3.0,0.15,0.91,1.82,1.815,4.1825,1.24,2.39,,,,20.47,,
2019-01-09,2.45,2.56,2.57,2.74,3.03,0.18,0.91,1.83,1.8050000000000002,4.1825,1.22,2.39,,,,19.98,,
2019-01-10,2.43,2.56,2.56,2.74,3.06,0.18,0.93,1.81,1.83,4.234999999999999,1.24,2.42,,,,19.5,,4.45
2019-01-11,2.43,2.55,2.52,2.71,3.04,0.16,0.88,1.83,1.835,4.234999999999999,1.25,2.42,,,,18.19,-0.459,
2019-01-14,2.45,2.53,2.53,2.71,3.06,0.18,0.9,1.81,1.875,4.305,1.29,2.46,,,,19.07,,
2019-01-15,2.45,2.53,2.53,2.72,3.08,0.19,0.91,1.81,1.865,4.305,1.27,2.46,,,,18.6,,
2019-01-16,2.43,2.55,2.54,2.73,3.07,0.18,0.91,1.82,1.86,4.2875000000000005,1.27,2.45,,,,19.04,,
2019-01-17,2.42,2.56,2.58,2.75,3.07,0.19,0.96,1.79,1.84,4.2525,1.25,2.43,,,,18.06,,4.45
2019-01-18,2.41,2.62,2.62,2.79,3.09,0.17,0.96,1.83,1.775,4.165,1.17,2.38,,,,17.8,-0.482,
2019-01-21,,,,,,,,,,,,,,,,,,
2019-01-22,2.43,2.58,2.57,2.74,3.06,0.16,0.95,1.79,1.7799999999999998,4.165,1.18,2.38,,,,20.8,,
2019-01-23,2.41,2.58,2.59,2.76,3.07,0.18,0.96,1.8,1.75,4.1475,1.13,2.37,,,,19.52,,
2019-01-24,2.37,2.56,2.55,2.72,3.04,0.16,0.95,1.77,1.755,4.1475,1.14,2.37,,,,18.89,,4.45
2019-01-25,2.39,2.6,2.59,2.76,3.06,0.16,0.97,1.79,1.72,4.095,1.1,2.34,,,,17.42,-0.506,
2019-01-28,2.42,2.6,2.58,2.75,3.06,0.15,0.97,1.78,1.74,4.13,1.12,2.36,,,,18.87,,
2019-01-29,2.42,2.56,2.55,2.72,3.04,0.16,0.94,1.78,1.7449999999999999,4.13,1.13,2.36,,,,19.13,,
2019-01-30,2.42,2.52,2.49,2.7,3.06,0.18,0.86,1.84,1.76,4.1475,1.15,2.37,,,,17.66,,
2019-01-31,2.41,2.45,2.43,2.63,2.99,0.18,0.78,1.85,1.77,4.165,1.16,2.38,,,,16.57,,4.46
2019-02-01,2.4,2.52,2.51,2.7,3.03,0.18,0.82,1.88,1.71,4.0425,1.11,2.31,261.186,102.8371,3.8,16.14,-0.53,
2019-02-04,2.42,2.53,2.53,2.73,3.06,0.2,0.86,1.87,1.7,4.0249999999999995,1.1,2.3,,,,15.73,,
2019-02-05,2.42,2.53,2.51,2.71,3.03,0.18,0.84,1.87,1.675,3.9725,1.08,2.27,,,,15.57,,
2019-02-06,2.42,2.52,2.5,2.7,3.03,0.18,0.84,1.86,1.68,3.9899999999999998,1.08,2.28,,,,15.38,,
2019-02-07,2.42,2.48,2.46,2.65,3.0,0.17,0.81,1.84,1.705,4.0425,1.1,2.31,,,,16.37,,4.41
2019-02-08,2.43,2.45,2.44,2.63,2.97,0.18,0.81,1.82,1.7199999999999998,4.0249999999999995,1.14,2.3,,,,15.72,-0.55,
2019-02-11,2.45,2.48,2.47,2.65,3.0,0.17,0.83,1.82,1.705,4.0249999999999995,1.11,2.3,,,,15.97,,
2019-02-12,2.43,2.5,2.49,2.68,3.02,0.18,0.85,1.83,1.71,4.0249999999999995,1.12,2.3,,,,15.43,,
2019-02-13,2.44,2.53,2.53,2.71,3.04,0.18,0.85,1.86,1.67,3.9725,1.07,2.27,,,,15.65,,
2019-02-14,2.43,2.5,2.48,2.66,3.01,0.16,0.81,1.85,1.705,4.0249999999999995,1.11,2.3,,,,16.22,,4.37
2019-02-15,2.43,2.52,2.49,2.66,3.0,0.14,0.8,1.86,1.69,3.9899999999999998,1.1,2.28,,,,14.91,-0.567,
2019-02-18,,,,,,,,,,,,,,,,,,
2019-02-19,2.45,2.5,2.47,2.65,2.99,0.15,0.78,1.87,1.685,3.9899999999999998,1.09,2.28,,,,14.88,,
2019-02-20,2.45,2.5,2.47,2.65,3.0,0.15,0.76,1.89,1.67,3.9025,1.11,2.23,,,,14.02,,
2019-02-21,2.45,2.53,2.51,2.69,3.05,0.16,0.78,1.91,1.675,3.9025,1.12,2.23,,,,14.46,,4.35
2019-02-22,2.46,2.48,2.47,2.65,3.02,0.17,0.74,1.91,1.705,3.9375,1.16,2.25,,,,13.51,-0.581,
2019-02-25,2.47,2.51,2.48,2.67,3.03,0.16,0.75,1.92,1.68,3.9025,1.13,2.23,,,,14.85,,
2019-02-26,2.45,2.48,2.45,2.64,3.01,0.16,0.72,1.92,1.69,3.9200000000000004,1.14,2.24,,,,15.17,,
2019-02-27,2.45,2.5,2.49,2.69,3.07,0.19,0.76,1.93,1.705,3.9375,1.16,2.25,,,,14.7,,
2019-02-28,2.45,2.52,2.52,2.73,3.09,0.21,0.78,1.95,1.675,3.8850000000000002,1.13,2.22,,,,14.78,,4.35
2019-03-01,2.44,2.55,2.56,2.76,3.13,0.21,0.8,1.96,1.6800000000000002,3.8850000000000002,1.14,2.22,261.567,102.8757,3.8,13.57,-0.59,
2019-03-04,2.46,2.55,2.53,2.72,3.09,0.17,0.78,1.94,1.685,3.8850000000000002,1.15,2.22,,,,14.63,,
2019-03-05,2.46,2.55,2.53,2.72,3.08,0.17,0.79,1.93,1.685,3.8850000000000002,1.15,2.22,,,,14.74,,
2019-03-06,2.47,2.52,2.49,2.69,3.06,0.17,0.78,1.91,1.71,3.9375,1.17,2.25,,,,15.74,,
2019-03-07,2.45,2.47,2.44,2.64,3.03,0.17,0.74,1.9,1.7149999999999999,3.9375,1.18,2.25,,,,16.59,,4.41
2019-03-08,2.46,2.45,2.42,2.62,3.0,0.17,0.72,1.9,1.7349999999999999,3.9725,1.2,2.27,,,,16.05,-0.595,
2019-03-11,2.46,2.47,2.44,2.64,3.03,0.17,0.73,1.91,1.74,3.9725,1.21,2.27,,,,14.33,,
2019-03-12,2.46,2.45,2.41,2.61,3.0,0.16,0.71,1.9,1.72,3.9375,1.19,2.25,,,,13.77,,
2019-03-13,2.45,2.45,2.42,2.61,3.02,0.16,0.69,1.92,1.7249999999999999,3.9549999999999996,1.19,2.26,,,,13.41,,
2019-03-14,2.45,2.46,2.43,2.63,3.04,0.17,0.69,1.94,1.74,3.9725,1.21,2.27,,,,13.5,,4.31
2019-03-15,2.45,2.43,2.4,2.59,3.02,0.16,0.65,1.94,1.755,3.9899999999999998,1.23,2.28,,,,12.88,-0.599,
2019-03-18,2.44,2.45,2.42,2.6,3.01,0.15,0.64,1.96,1.745,3.9725,1.22,2.27,,,,13.1,,
2019-03-19,2.46,2.46,2.42,2.61,3.02,0.15,0.66,1.95,1.74,3.9725,1.21,2.27,,,,13.56,,
2019-03-20,2.48,2.4,2.34,2.54,2.98,0.14,0.58,1.96,1.7650000000000001,4.0075,1.24,2.29,,,,13.91,,
2019-03-21,2.49,2.41,2.34,2.54,2.96,0.13,0.58,1.96,1.7449999999999999,3.9899999999999998,1.21,2.28,,,,13.63,,4.28
2019-03-22,2.46,2.31,2.24,2.44,2.88,0.13,0.54,1.9,1.765,4.0249999999999995,1.23,2.3,,,,16.48,-0.603,
2019-03-25,2.46,2.26,2.21,2.43,2.87,0.17,0.55,1.88,1.7599999999999998,3.9899999999999998,1.24,2.28,,,,16.33,,
2019-03-26,2.46,2.24,2.18,2.41,2.86,0.17,0.55,1.86,1.765,4.0249999999999995,1.23,2.3,,,,14.68,,
2019-03-27,2.44,2.22,2.18,2.39,2.83,0.17,0.55,1.84,1.755,3.9899999999999998,1.23,2.28,,,,15.15,,
2019-03-28,2.43,2.23,2.2,2.39,2.81,0.16,0.56,1.83,1.745,3.9725,1.22,2.27,,,,14.43,,4.06
2019-03-29,2.4,2.27,2.23,2.41,2.81,0.14,0.53,1.88,1.7349999999999999,3.9549999999999996,1.21,2.26,,,,13.71,-0.605,
2019-04-01,2.43,2.33,2.31,2.49,2.89,0.16,0.59,1.9,1.715,3.9200000000000004,1.19,2.24,261.997,102.274,3.7,13.4,,
2019-04-02,2.42,2.3,2.28,2.48,2.88,0.18,0.58,1.9,1.71,3.9200000000000004,1.18,2.24,,,,13.36,,
2019-04-03,2.44,2.33,2.32,2.52,2.93,0.19,0.61,1.91,1.7,3.9025,1.17,2.23,,,,13.74,,
2019-04-04,2.44,2.33,2.32,2.51,2.92,0.18,0.61,1.9,1.705,3.8850000000000002,1.19,2.22,,,,13.58,,4.08
2019-04-05,2.44,2.35,2.31,2.5,2.91,0.15,0.6,1.9,1.695,3.8850000000000002,1.17,2.22,,,,12.82,-0.609,
2019-04-08,2.43,2.36,2.33,2.52,2.93,0.16,0.61,1.91,1.69,3.8674999999999997,1.17,2.21,,,,13.18,,
2019-04-09,2.42,2.35,2.31,2.51,2.92,0.16,0.6,1.91,1.6749999999999998,3.8325,1.16,2.19,,,,14.28,,
2019-04-10,2.43,2.31,2.28,2.48,2.9,0.17,0.54,1.94,1.69,3.8674999999999997,1.17,2.21,,,,13.3,,
2019-04-11,2.43,2.35,2.31,2.51,2.94,0.16,0.57,1.94,1.685,3.8500000000000005,1.17,2.2,,,,13.02,,4.12
2019-04-12,2.44,2.4,2.38,2.56,2.97,0.16,0.61,1.95,1.65,3.7624999999999997,1.15,2.15,,,,12.01,-0.613,
2019-04-15,2.43,2.4,2.37,2.55,2.96,0.15,0.61,1.94,1.64,3.7624999999999997,1.13,2.15,,,,12.32,,
2019-04-16,2.43,2.41,2.41,2.6,2.99,0.19,0.64,1.96,1.625,3.71,1.13,2.12,,,,12.18,,
2019-04-17,2.44,2.4,2.4,2.59,2.99,0.19,0.65,1.94,1.63,3.7275,1.13,2.13,,,,12.6,,
2019-04-18,2.42,2.38,2.38,2.57,2.96,0.19,0.62,1.95,1.62,3.71,1.12,2.12,,,,12.09,,4.17
2019-04-19,,,,,,,,,,,,,,,,,-0.615,
2019-04-22,2.44,2.38,2.39,2.59,2.99,0.21,0.64,1.95,1.65,3.745,1.16,2.14,,,,12.42,,
2019-04-23,2.45,2.36,2.36,2.57,2.98,0.21,0.62,1.95,1.65,3.745,1.16,2.14,,,,12.28,,
2019-04-24,2.44,2.32,2.32,2.53,2.94,0.21,0.57,1.96,1.65,3.745,1.16,2.14,,,,13.14,,
2019-04-25,2.43,2.33,2.33,2.54,2.94,0.21,0.56,1.98,1.645,3.745,1.15,2.14,,,,13.25,,4.2
2019-04-26,2.42,2.28,2.29,2.51,2.92,0.23,0.54,1.97,1.6549999999999998,3.7275,1.18,2.13,,,,12.73,-0.614,
2019-04-29,2.44,2.3,2.32,2.54,2.96,0.24,0.58,1.96,1.65,3.7275,1.17,2.13,,,,13.11,,
2019-04-30,2.43,2.27,2.28,2.51,2.93,0.24,0.56,1.95,1.67,3.745,1.2,2.14,,,,13.12,,
2019-05-01,2.43,2.31,2.31,2.52,2.92,0.21,0.59,1.93,1.6349999999999998,3.6925,1.16,2.11,262.217,102.392,3.6,14.8,,
2019-05-02,2.47,2.35,2.34,2.55,2.94,0.2,0.66,1.89,1.665,3.71,1.21,2.12,,,,14.42,,4.14
2019-05-03,2.43,2.33,2.33,2.54,2.93,0.21,0.63,1.91,1.65,3.6925,1.19,2.11,,,,12.87,-0.611,
2019-05-06,2.44,2.31,2.3,2.51,2.91,0.2,0.6,1.91,1.675,3.745,1.21,2.14,,,,15.44,,
2019-05-07,2.43,2.28,2.25,2.45,2.86,0.17,0.58,1.87,1.71,3.7975,1.25,2.17,,,,19.32,,
2019-05-08,2.43,2.3,2.28,2.49,2.89,0.19,0.62,1.87,1.69,3.7975,1.21,2.17,,,,19.4,,
2019-05-09,2.43,2.26,2.25,2.45,2.87,0.19,0.6,1.85,1.745,3.8674999999999997,1.28,2.21,,,,19.1,,4.1
2019-05-10,2.43,2.26,2.26,2.47,2.89,0.21,0.59,1.88,1.725,3.8500000000000005,1.25,2.2,,,,16.04,-0.604,
2019-05-13,2.41,2.18,2.18,2.4,2.83,0.22,0.55,1.85,1.78,3.9375,1.31,2.25,,,,20.55,,
2019-05-14,2.41,2.2,2.2,2.42,2.86,0.22,0.56,1.86,1.7650000000000001,3.9200000000000004,1.29,2.24,,,,18.06,,
2019-05-15,2.42,2.16,2.15,2.37,2.82,0.21,0.54,1.83,1.79,3.9549999999999996,1.32,2.26,,,,16.44,,
2019-05-16,2.4,2.2,2.18,2.4,2.84,0.2,0.56,1.84,1.7600000000000002,3.9200000000000004,1.28,2.24,,,,15.29,,4.07
2019-05-17,2.39,2.2,2.17,2.39,2.82,0.19,0.58,1.81,1.7650000000000001,3.9200000000000004,1.29,2.24,,,,15.96,-0.596,
2019-05-20,2.39,2.21,2.21,2.41,2.83,0.2,0.6,1.81,1.7650000000000001,3.9200000000000004,1.29,2.24,,,,16.31,,
2019-05-21,2.39,2.26,2.23,2.43,2.84,0.17,0.6,1.83,1.75,3.9025,1.27,2.23,,,,14.95,,
2019-05-22,2.38,2.23,2.19,2.39,2.82,0.16,0.6,1.79,1.775,3.9549999999999996,1.29,2.26,,,,14.75,,
2019-05-23,2.37,2.12,2.11,2.31,2.75,0.19,0.58,1.73,1.805,3.9899999999999998,1.33,2.28,,,,16.92,,4.06
2019-05-24,2.35,2.16,2.12,2.32,2.75,0.16,0.56,1.76,1.815,4.0425,1.32,2.31,,,,15.85,-0.588,
2019-05-27,,,,,,,,,,,,,,,,,,
2019-05-28,2.37,2.12,2.06,2.26,2.7,0.14,0.53,1.73,1.835,4.06,1.35,2.32,,,,17.5,,
2019-05-29,2.37,2.09,2.05,2.25,2.69,0.16,0.5,1.75,1.835,4.077500000000001,1.34,2.33,,,,17.9,,
2019-05-30,2.38,2.06,2.03,2.22,2.65,0.16,0.48,1.74,1.83,4.077500000000001,1.33,2.33,,,,17.3,,3.99
2019-05-31,2.35,1.95,1.93,2.14,2.58,0.19,0.4,1.74,1.87,4.1475,1.37,2.37,,,,18.71,-0.58,
2019-06-01,,,,,,,,,,,,,262.739,102.4375,3.6,,,
2019-06-03,2.35,1.82,1.83,2.07,2.53,0.25,0.34,1.73,1.9249999999999998,4.234999999999999,1.43,2.42,,,,18.86,,
2019-06-04,2.35,1.88,1.89,2.12,2.6,0.24,0.38,1.74,1.91,4.234999999999999,1.4,2.42,,,,16.97,,
2019-06-05,2.35,1.83,1.86,2.12,2.63,0.29,0.37,1.75,1.935,4.2875000000000005,1.42,2.45,,,,16.09,,
2019-06-06,2.33,1.88,1.88,2.12,2.62,0.24,0.39,1.73,1.9249999999999998,4.27,1.41,2.44,,,,15.93,,3.82
2019-06-07,2.28,1.85,1.85,2.09,2.57,0.24,0.35,1.74,1.9049999999999998,4.234999999999999,1.39,2.42,,,,16.3,-0.575,
2019-06-10,2.29,1.9,1.91,2.15,2.62,0.25,0.42,1.73,1.8650000000000002,4.1825,1.34,2.39,,,,15.94,,
2019-06-11,2.27,1.93,1.92,2.15,2.62,0.22,0.43,1.72,1.8599999999999999,4.165,1.34,2.38,,,,15.99,,
2019-06-12,2.24,1.88,1.88,2.13,2.62,0.25,0.42,1.71,1.895,4.2175,1.38,2.41,,,,15.91,,
2019-06-13,2.19,1.83,1.84,2.1,2.61,0.27,0.42,1.68,1.9,4.234999999999999,1.38,2.42,,,,15.82,,3.82
2019-06-14,2.2,1.84,1.85,2.09,2.59,0.25,0.46,1.63,1.91,4.234999999999999,1.4,2.42,,,,15.28,-0.573,
2019-06-17,2.23,1.86,1.85,2.09,2.58,0.23,0.48,1.61,1.8850000000000002,4.2175,1.36,2.41,,,,15.35,,
2019-06-18,2.22,1.86,1.83,2.06,2.55,0.2,0.42,1.64,1.87,4.2,1.34,2.4,,,,15.15,,
2019-06-19,2.18,1.74,1.77,2.03,2.54,0.29,0.36,1.67,1.8850000000000002,4.2175,1.36,2.41,,,,14.33,,
2019-06-20,2.14,1.72,1.74,2.01,2.53,0.29,0.27,1.74,1.85,4.165,1.32,2.38,,,,14.75,,3.84
2019-06-21,2.11,1.77,1.8,2.07,2.59,0.3,0.34,1.73,1.82,4.1125,1.29,2.35,,,,15.4,-0.573,
2019-06-24,2.13,1.72,1.75,2.02,2.55,0.3,0.31,1.71,1.8050000000000002,4.077500000000001,1.28,2.33,,,,15.26,,
2019-06-25,2.12,1.71,1.73,2.0,2.53,0.29,0.33,1.67,1.83,4.095,1.32,2.34,,,,16.28,,
2019-06-26,2.15,1.77,1.8,2.05,2.57,0.28,0.35,1.7,1.795,4.06,1.27,2.32,,,,16.21,,
2019-06-27,2.14,1.74,1.76,2.01,2.52,0.27,0.33,1.68,1.7850000000000001,4.0425,1.26,2.31,,,,15.82,,3.73
2019-06-28,2.12,1.75,1.76,2.0,2.52,0.25,0.31,1.69,1.78,4.0425,1.25,2.31,,,,15.08,-0.575,
2019-07-01,2.21,1.78,1.79,2.03,2.55,0.25,0.34,1.69,1.7650000000000001,4.0075,1.24,2.29,263.28,101.9408,3.7,14.06,,
2019-07-02,2.2,1.77,1.75,1.98,2.51,0.21,0.33,1.65,1.77,4.0075,1.25,2.29,,,,12.93,,
2019-07-03,2.21,1.77,1.74,1.96,2.47,0.19,0.31,1.65,1.7399999999999998,3.9549999999999996,1.22,2.26,,,,12.57,,3.75
2019-07-04,,,,,,,,,,,,,,,,,,
2019-07-05,2.23,1.87,1.84,2.04,2.54,0.17,0.35,1.69,1.7399999999999998,3.9549999999999996,1.22,2.26,,,,13.28,-0.579,
2019-07-08,2.26,1.88,1.86,2.05,2.53,0.17,0.35,1.7,1.71,3.9025,1.19,2.23,,,,13.96,,
2019-07-09,2.26,1.92,1.88,2.07,2.54,0.15,0.36,1.71,1.705,3.8850000000000002,1.19,2.22,,,,14.09,,
2019-07-10,2.2,1.82,1.82,2.07,2.57,0.25,0.33,1.74,1.74,3.9375,1.23,2.25,,,,13.03,,
2019-07-11,2.17,1.85,1.88,2.13,2.65,0.28,0.36,1.77,1.745,3.9375,1.24,2.25,,,,12.93,,3.75
2019-07-12,2.14,1.84,1.86,2.12,2.64,0.28,0.35,1.77,1.7349999999999999,3.9375,1.22,2.25,,,,12.39,-0.58,
2019-07-15,2.16,1.83,1.84,2.09,2.61,0.26,0.32,1.77,1.755,3.9375,1.26,2.25,,,,12.68,,
2019-07-16,2.15,1.87,1.88,2.13,2.63,0.26,0.33,1.8,1.7349999999999999,3.9025,1.24,2.23,,,,12.86,,
2019-07-17,2.14,1.83,1.83,2.06,2.57,0.23,0.31,1.75,1.7400000000000002,3.9200000000000004,1.24,2.24,,,,13.97,,
2019-07-18,2.05,1.77,1.78,2.04,2.56,0.27,0.25,1.79,1.77,3.9725,1.27,2.27,,,,13.53,,3.81
2019-07-19,2.06,1.8,1.8,2.05,2.57,0.25,0.25,1.8,1.7599999999999998,3.9549999999999996,1.26,2.26,,,,14.45,-0.58,
2019-07-22,2.09,1.8,1.8,2.05,2.58,0.25,0.26,1.79,1.745,3.9200000000000004,1.25,2.24,,,,13.53,,
2019-07-23,2.06,1.83,1.83,2.08,2.61,0.25,0.27,1.81,1.73,3.9025,1.23,2.23,,,,12.61,,
2019-07-24,2.1,1.83,1.82,2.05,2.58,0.22,0.26,1.79,1.6949999999999998,3.7624999999999997,1.24,2.15,,,,12.07,,
2019-07-25,2.1,1.86,1.85,2.08,2.6,0.22,0.28,1.8,1.685,3.745,1.23,2.14,,,,12.74,,3.75
2019-07-26,2.12,1.86,1.85,2.08,2.59,0.22,0.3,1.78,1.68,3.7275,1.23,2.13,,,,12.16,-0.577,
2019-07-29,2.12,1.85,1.84,2.06,2.59,0.21,0.29,1.77,1.68,3.7275,1.23,2.13,,,,12.83,,
2019-07-30,2.08,1.85,1.84,2.06,2.58,0.21,0.28,1.78,1.685,3.745,1.23,2.14,,,,13.94,,
2019-07-31,2.08,1.89,1.84,2.02,2.53,0.13,0.26,1.76,1.685,3.7275,1.24,2.13,,,,16.12,,
2019-08-01,2.07,1.73,1.68,1.9,2.44,0.17,0.2,1.7,1.73,3.7975,1.29,2.17,263.877,102.639,3.6,17.87,,3.75
2019-08-02,2.06,1.72,1.66,1.86,2.39,0.14,0.2,1.66,1.745,3.8150000000000004,1.31,2.18,,,,17.61,-0.569,
2019-08-05,2.05,1.59,1.55,1.75,2.3,0.16,0.15,1.6,1.82,3.9200000000000004,1.4,2.24,,,,24.59,,
2019-08-06,2.05,1.6,1.53,1.73,2.25,0.13,0.11,1.62,1.835,3.9375,1.42,2.25,,,,20.17,,
2019-08-07,2.02,1.59,1.52,1.71,2.22,0.12,0.09,1.62,1.805,3.9025,1.38,2.23,,,,19.49,,
2019-08-08,2.02,1.62,1.54,1.72,2.25,0.1,0.07,1.65,1.81,3.9375,1.37,2.25,,,,16.91,,3.6
2019-08-09,2.0,1.63,1.57,1.74,2.26,0.11,0.08,1.66,1.79,3.9025,1.35,2.23,,,,17.97,-0.558,
2019-08-12,2.0,1.58,1.49,1.65,2.14,0.07,0.04,1.61,1.795,3.9025,1.36,2.23,,,,21.09,,
2019-08-13,2.0,1.66,1.57,1.68,2.15,0.02,0.05,1.63,1.7750000000000001,3.8850000000000002,1.33,2.22,,,,17.52,,
2019-08-14,1.96,1.58,1.51,1.59,2.03,0.01,0.02,1.57,1.795,3.9025,1.36,2.23,,,,22.1,,
2019-08-15,1.91,1.48,1.42,1.52,1.98,0.04,-0.02,1.54,1.825,3.9725,1.38,2.27,,,,21.18,,3.6
2019-08-16,1.87,1.48,1.42,1.55,2.01,0.07,0.01,1.54,1.81,3.9549999999999996,1.36,2.26,,,,18.47,-0.547,
2019-08-19,1.94,1.53,1.47,1.6,2.08,0.07,0.04,1.56,1.82,4.0075,1.35,2.29,,,,16.88,,
2019-08-20,1.94,1.5,1.42,1.55,2.04,0.05,0.02,1.53,1.8199999999999998,4.0249999999999995,1.34,2.3,,,,17.5,,
2019-08-21,1.97,1.56,1.47,1.59,2.07,0.03,0.05,1.54,1.775,3.9375,1.3,2.25,,,,15.8,,
2019-08-22,2.0,1.61,1.5,1.62,2.11,0.01,0.07,1.55,1.78,3.9375,1.31,2.25,,,,16.68,,3.55
2019-08-23,1.97,1.51,1.4,1.52,2.02,0.01,-0.02,1.54,1.815,3.9725,1.36,2.27,,,,19.87,-0.536,
2019-08-26,2.01,1.54,1.43,1.54,2.04,0.0,0.0,1.54,1.815,3.9725,1.36,2.27,,,,19.32,,
2019-08-27,1.98,1.53,1.4,1.49,1.97,-0.04,-0.06,1.55,1.7999999999999998,3.9549999999999996,1.34,2.26,,,,20.31,,
2019-08-28,1.99,1.5,1.37,1.47,1.94,-0.03,-0.08,1.55,1.7999999999999998,3.9549999999999996,1.34,2.26,,,,19.35,,
2019-08-29,1.99,1.53,1.4,1.5,1.97,-0.03,-0.09,1.59,1.815,3.9725,1.36,2.27,,,,17.88,,3.58
2019-08-30,1.99,1.5,1.39,1.5,1.96,0.0,-0.05,1.55,1.805,3.9549999999999996,1.35,2.26,,,,18.98,-0.527,
2019-09-01,,,,,,,,,,,,,264.388,102.2917,3.5,,,
2019-09-02,,,,,,,,,,,,,,,,,,
2019-09-03,1.98,1.47,1.35,1.47,1.95,0.0,-0.03,1.5,1.835,3.9899999999999998,1.39,2.28,,,,19.66,,
2019-09-04,1.97,1.43,1.32,1.47,1.97,0.04,-0.04,1.51,1.8399999999999999,4.0075,1.39,2.29,,,,17.33,,
2019-09-05,1.97,1.55,1.43,1.57,2.06,0.02,0.01,1.56,1.825,3.9899999999999998,1.37,2.28,,,,16.27,,3.49
2019-09-06,1.96,1.53,1.42,1.55,2.02,0.02,0.01,1.54,1.81,3.9549999999999996,1.36,2.26,,,,15.0,-0.52,
2019-09-09,1.96,1.58,1.49,1.63,2.11,0.05,0.06,1.57,1.795,3.9025,1.36,2.23,,,,15.27,,
2019-09-10,1.95,1.67,1.58,1.72,2.19,0.05,0.12,1.6,1.7850000000000001,3.8850000000000002,1.35,2.22,,,,15.2,,
2019-09-11,1.96,1.68,1.6,1.75,2.22,0.07,0.15,1.6,1.7800000000000002,3.8850000000000002,1.34,2.22,,,,14.61,,
2019-09-12,1.95,1.72,1.65,1.79,2.22,0.07,0.16,1.63,1.7850000000000001,3.8850000000000002,1.35,2.22,,,,14.22,,3.56
2019-09-13,1.96,1.79,1.75,1.9,2.37,0.11,0.23,1.67,1.78,3.8674999999999997,1.35,2.21,,,,13.74,-0.515,
2019-09-16,1.99,1.74,1.69,1.84,2.31,0.1,0.17,1.67,1.77,3.8500000000000005,1.34,2.2,,,,14.67,,
2019-09-17,1.99,1.72,1.66,1.81,2.27,0.09,0.15,1.66,1.77,3.8674999999999997,1.33,2.21,,,,14.44,,
2019-09-18,1.95,1.77,1.68,1.8,2.25,0.03,0.21,1.59,1.7400000000000002,3.8150000000000004,1.3,2.18,,,,13.95,,
2019-09-19,1.93,1.74,1.66,1.79,2.22,0.05,0.18,1.61,1.725,3.7975,1.28,2.17,,,,14.05,,3.73
2019-09-20,1.91,1.69,1.61,1.74,2.17,0.05,0.13,1.61,1.74,3.8325,1.29,2.19,,,,15.32,-0.511,
2019-09-23,1.94,1.68,1.59,1.72,2.16,0.04,0.11,1.61,1.7349999999999999,3.7975,1.3,2.17,,,,14.91,,
2019-09-24,1.92,1.6,1.52,1.64,2.09,0.04,0.06,1.58,1.75,3.8500000000000005,1.3,2.2,,,,17.05,,
2019-09-25,1.89,1.68,1.6,1.73,2.18,0.05,0.13,1.6,1.7600000000000002,3.8500000000000005,1.32,2.2,,,,15.96,,
2019-09-26,1.83,1.66,1.59,1.7,2.15,0.04,0.13,1.57,1.735,3.8150000000000004,1.29,2.18,,,,16.07,,3.64
2019-09-27,1.8,1.63,1.56,1.69,2.13,0.06,0.16,1.53,1.75,3.8325,1.31,2.19,,,,17.22,-0.511,
2019-09-30,1.88,1.63,1.55,1.68,2.12,0.05,0.15,1.53,1.7650000000000001,3.8500000000000005,1.33,2.2,,,,16.24,,
2019-10-01,1.82,1.56,1.51,1.65,2.11,0.09,0.13,1.52,1.77,3.8850000000000002,1.32,2.22,264.97,101.4281,3.6,18.56,,
2019-10-02,1.79,1.48,1.43,1.6,2.09,0.12,0.1,1.5,1.8249999999999997,3.9549999999999996,1.39,2.26,,,,20.56,,
2019-10-03,1.7,1.39,1.34,1.54,2.04,0.15,0.06,1.48,1.845,4.0075,1.4,2.29,,,,19.12,,3.65
2019-10-04,1.71,1.4,1.34,1.52,2.01,0.12,0.02,1.5,1.8250000000000002,4.0075,1.36,2.29,,,,17.04,-0.515,
2019-10-07,1.75,1.46,1.38,1.56,2.05,0.1,0.05,1.51,1.8199999999999998,3.9899999999999998,1.36,2.28,,,,17.86,,
2019-10-08,1.72,1.42,1.36,1.54,2.04,0.12,0.06,1.48,1.855,4.0249999999999995,1.41,2.3,,,,20.28,,
2019-10-09,1.69,1.47,1.4,1.59,2.08,0.12,0.1,1.49,1.8250000000000002,4.0075,1.36,2.29,,,,18.64,,
2019-10-10,1.68,1.53,1.48,1.67,2.16,0.14,0.15,1.52,1.81,3.9725,1.35,2.27,,,,17.57,,3.57
2019-10-11,1.68,1.63,1.59,1.76,2.22,0.13,0.2,1.56,1.7600000000000002,3.8850000000000002,1.3,2.22,,,,15.58,-0.523,
2019-10-14,,,,,,,,,,,,,,,,14.57,,
2019-10-15,1.67,1.61,1.59,1.77,2.23,0.16,0.21,1.56,1.75,3.8674999999999997,1.29,2.21,,,,13.54,,
2019-10-16,1.66,1.58,1.57,1.75,2.23,0.17,0.18,1.57,1.7600000000000002,3.8850000000000002,1.3,2.22,,,,13.68,,
2019-10-17,1.66,1.6,1.57,1.76,2.24,0.16,0.17,1.59,1.745,3.8674999999999997,1.28,2.21,,,,13.79,,3.69
2019-10-18,1.66,1.58,1.56,1.76,2.25,0.18,0.16,1.6,1.74,3.8674999999999997,1.27,2.21,,,,14.25,-0.535,
2019-10-21,1.67,1.62,1.61,1.8,2.28,0.18,0.19,1.61,1.7149999999999999,3.8325,1.24,2.19,,,,14.0,,
2019-10-22,1.65,1.6,1.6,1.78,2.26,0.18,0.17,1.61,1.705,3.7975,1.24,2.17,,,,14.46,,
2019-10-23,1.65,1.58,1.58,1.77,2.25,0.19,0.16,1.61,1.71,3.8150000000000004,1.24,2.18,,,,14.01,,
2019-10-24,1.67,1.58,1.58,1.77,2.26,0.19,0.15,1.62,1.7,3.7975,1.23,2.17,,,,13.71,,3.75
2019-10-25,1.66,1.63,1.62,1.8,2.29,0.17,0.15,1.65,1.7000000000000002,3.7800000000000002,1.24,2.16,,,,12.65,-0.549,
2019-10-28,1.65,1.64,1.66,1.85,2.34,0.21,0.21,1.64,1.695,3.7800000000000002,1.23,2.16,,,,13.11,,
2019-10-29,1.63,1.64,1.66,1.84,2.33,0.2,0.23,1.61,1.69,3.7624999999999997,1.23,2.15,,,,13.2,,
2019-10-30,1.62,1.61,1.61,1.78,2.26,0.17,0.21,1.57,1.73,3.7975,1.29,2.17,,,,12.33,,
2019-10-31,1.54,1.52,1.51,1.69,2.17,0.17,0.15,1.54,1.7400000000000002,3.8150000000000004,1.3,2.18,,,,13.22,,3.78
2019-11-01,1.52,1.56,1.55,1.73,2.21,0.17,0.14,1.59,1.725,3.7800000000000002,1.29,2.16,265.548,101.9372,3.6,12.3,-0.561,
2019-11-04,1.53,1.6,1.6,1.79,2.27,0.19,0.15,1.64,1.7200000000000002,3.7800000000000002,1.28,2.16,,,,12.83,,
2019-11-05,1.56,1.63,1.66,1.86,2.34,0.23,0.18,1.68,1.7,3.7624999999999997,1.25,2.15,,,,13.1,,
2019-11-06,1.56,1.61,1.63,1.81,2.3,0.2,0.15,1.66,1.695,3.745,1.25,2.14,,,,12.62,,
2019-11-07,1.56,1.68,1.74,1.92,2.4,0.24,0.23,1.69,1.68,3.7275,1.23,2.13,,,,12.73,,3.69
2019-11-08,1.55,1.68,1.74,1.94,2.43,0.26,0.23,1.71,1.67,3.6925,1.23,2.11,,,,12.07,-0.57,
2019-11-11,,,,,,,,,,,,,,,,12.69,,
2019-11-12,1.59,1.66,1.73,1.92,2.39,0.26,0.22,1.7,1.6600000000000001,3.6750000000000003,1.22,2.1,,,,12.68,,
2019-11-13,1.57,1.63,1.69,1.88,2.36,0.25,0.22,1.66,1.685,3.6925,1.26,2.11,,,,13.0,,
2019-11-14,1.57,1.58,1.63,1.82,2.31,0.24,0.2,1.62,1.6949999999999998,3.7275,1.26,2.13,,,,13.05,,3.75
2019-11-15,1.57,1.61,1.65,1.84,2.31,0.23,0.21,1.63,1.6949999999999998,3.7275,1.26,2.13,,,,12.05,-0.575,
2019-11-18,1.57,1.6,1.63,1.81,2.3,0.21,0.18,1.63,1.705,3.745,1.27,2.14,,,,12.46,,
2019-11-19,1.57,1.6,1.63,1.79,2.26,0.19,0.16,1.63,1.69,3.7275,1.25,2.13,,,,12.86,,
2019-11-20,1.57,1.56,1.58,1.73,2.2,0.17,0.13,1.6,1.73,3.7800000000000002,1.3,2.16,,,,12.78,,
2019-11-21,1.58,1.6,1.62,1.77,2.24,0.17,0.14,1.63,1.71,3.7624999999999997,1.27,2.15,,,,13.13,,3.66
2019-11-22,1.58,1.61,1.62,1.77,2.22,0.16,0.15,1.62,1.7000000000000002,3.745,1.26,2.14,,,,12.34,-0.575,
2019-11-25,1.61,1.61,1.62,1.76,2.21,0.15,0.14,1.62,1.68,3.7275,1.23,2.13,,,,11.87,,
2019-11-26,1.6,1.58,1.58,1.74,2.18,0.16,0.12,1.62,1.66,3.6925,1.21,2.11,,,,11.54,,
2019-11-27,1.62,1.63,1.63,1.77,2.19,0.14,0.14,1.63,1.63,3.6574999999999998,1.17,2.09,,,,11.75,,3.68
2019-11-28,,,,,,,,,,,,,,,,,,
2019-11-29,1.59,1.61,1.62,1.78,2.21,0.17,0.17,1.61,1.625,3.64,1.17,2.08,,,,12.62,-0.57,
2019-12-01,,,,,,,,,,,,,266.02,101.7003,3.6,,,
2019-12-02,1.6,1.61,1.65,1.83,2.28,0.22,0.18,1.65,1.6549999999999998,3.6925,1.2,2.11,,,,14.91,,
2019-12-03,1.57,1.53,1.54,1.72,2.17,0.19,0.09,1.63,1.6749999999999998,3.6925,1.24,2.11,,,,15.96,,
2019-12-04,1.55,1.58,1.6,1.77,2.22,0.19,0.11,1.66,1.68,3.6925,1.25,2.11,,,,14.8,,
2019-12-05,1.54,1.58,1.62,1.8,2.24,0.22,0.13,1.67,1.65,3.6574999999999998,1.21,2.09,,,,14.52,,3.68
2019-12-06,1.53,1.61,1.67,1.84,2.29,0.23,0.15,1.69,1.63,3.6224999999999996,1.19,2.07,,,,13.62,-0.561,
2019-12-09,1.54,1.63,1.67,1.83,2.27,0.2,0.14,1.69,1.6099999999999999,3.5874999999999995,1.17,2.05,,,,15.86,,
2019-12-10,1.56,1.65,1.68,1.85,2.26,0.2,0.14,1.71,1.5799999999999998,3.5174999999999996,1.15,2.01,,,,15.68,,
2019-12-11,1.57,1.61,1.64,1.79,2.23,0.18,0.1,1.69,1.6099999999999999,3.5700000000000003,1.18,2.04,,,,14.99,,
2019-12-12,1.56,1.66,1.73,1.9,2.32,0.24,0.18,1.72,1.585,3.535,1.15,2.02,,,,13.94,,3.73
2019-12-13,1.57,1.61,1.66,1.82,2.26,0.21,0.12,1.7,1.585,3.535,1.15,2.02,,,,12.63,-0.553,
2019-12-16,1.57,1.65,1.72,1.89,2.3,0.24,0.16,1.73,1.565,3.5,1.13,2.0,,,,12.14,,
2019-12-17,1.56,1.63,1.71,1.89,2.31,0.26,0.14,1.75,1.545,3.4825,1.1,1.99,,,,12.29,,
2019-12-18,1.56,1.63,1.74,1.92,2.35,0.29,0.16,1.76,1.545,3.465,1.11,1.98,,,,12.58,,
2019-12-19,1.57,1.62,1.73,1.92,2.35,0.3,0.15,1.77,1.525,3.4299999999999997,1.09,1.96,,,,12.5,,3.73
2019-12-20,1.58,1.63,1.73,1.92,2.34,0.29,0.15,1.77,1.525,3.4299999999999997,1.09,1.96,,,,12.51,-0.549,
2019-12-23,1.59,1.64,1.75,1.93,2.35,0.29,0.18,1.75,1.525,3.4299999999999997,1.09,1.96,,,,12.61,,
2019-12-24,1.58,1.62,1.72,1.9,2.33,0.28,0.15,1.75,1.53,3.4475,1.09,1.97,,,,12.67,,
2019-12-25,,,,,,,,,,,,,,,,,,
2019-12-26,1.58,1.64,1.72,1.9,2.33,0.26,0.16,1.74,1.5350000000000001,3.4475,1.1,1.97,,,,12.65,,3.74
2019-12-27,1.57,1.59,1.68,1.88,2.32,0.29,0.15,1.73,1.53,3.4299999999999997,1.1,1.96,,,,13.43,-0.554,
2019-12-30,1.57,1.58,1.68,1.9,2.34,0.32,0.15,1.75,1.545,3.4475,1.12,1.97,,,,14.82,,
2019-12-31,1.55,1.58,1.69,1.92,2.39,0.34,0.15,1.77,1.55,3.465,1.12,1.98,,,,13.78,,
2020-01-01,,,,,,,,,,,,,266.716,101.0338,3.6,,,
2020-01-02,1.54,1.58,1.67,1.88,2.33,0.3,0.08,1.8,1.55,3.465,1.12,1.98,,,,12.47,,3.72
2020-01-03,1.52,1.53,1.59,1.8,2.26,0.27,0.03,1.77,1.565,3.4825,1.14,1.99,,,,14.02,-0.567,
2020-01-06,1.56,1.54,1.61,1.81,2.28,0.27,0.06,1.75,1.6099999999999999,3.535,1.2,2.02,,,,13.85,,
2020-01-07,1.54,1.54,1.62,1.83,2.31,0.29,0.09,1.74,1.6099999999999999,3.5524999999999998,1.19,2.03,,,,13.79,,
2020-01-08,1.54,1.58,1.67,1.87,2.35,0.29,0.12,1.75,1.64,3.5874999999999995,1.23,2.05,,,,13.45,,
2020-01-09,1.54,1.58,1.65,1.85,2.38,0.27,0.11,1.74,1.6099999999999999,3.5524999999999998,1.19,2.03,,,,12.54,,3.64
2020-01-10,1.54,1.56,1.63,1.83,2.28,0.27,0.07,1.76,1.575,3.4825,1.16,1.99,,,,12.56,-0.587,
2020-01-13,1.57,1.58,1.65,1.85,2.3,0.27,0.08,1.77,1.5699999999999998,3.4825,1.15,1.99,,,,12.32,,
2020-01-14,1.57,1.58,1.63,1.82,2.27,0.24,0.05,1.77,1.585,3.4825,1.18,1.99,,,,12.39,,
2020-01-15,1.57,1.56,1.6,1.79,2.23,0.23,0.04,1.75,1.5949999999999998,3.5174999999999996,1.18,2.01,,,,12.42,,
2020-01-16,1.55,1.58,1.63,1.81,2.26,0.23,0.07,1.74,1.5899999999999999,3.5,1.18,2.0,,,,12.32,,3.65
2020-01-17,1.56,1.58,1.63,1.84,2.29,0.26,0.09,1.75,1.575,3.465,1.17,1.98,,,,12.1,-0.609,
2020-01-20,,,,,,,,,,,,,,,,,,
2020-01-21,1.56,1.53,1.57,1.78,2.23,0.25,0.04,1.74,1.5699999999999998,3.4475,1.17,1.97,,,,12.85,,
2020-01-22,1.55,1.53,1.57,1.77,2.22,0.24,0.05,1.72,1.565,3.4475,1.16,1.97,,,,12.91,,
2020-01-23,1.55,1.51,1.55,1.74,2.18,0.23,0.04,1.7,1.56,3.465,1.14,1.98,,,,12.98,,3.6
2020-01-24,1.54,1.49,1.51,1.7,2.14,0.21,0.02,1.68,1.55,3.465,1.12,1.98,,,,14.56,-0.622,
2020-01-27,1.55,1.44,1.44,1.61,2.05,0.17,-0.02,1.63,1.6099999999999999,3.5700000000000003,1.18,2.04,,,,18.23,,
2020-01-28,1.57,1.45,1.47,1.65,2.1,0.2,0.0,1.65,1.63,3.5700000000000003,1.22,2.04,,,,16.28,,
2020-01-29,1.56,1.42,1.41,1.6,2.05,0.18,-0.04,1.64,1.63,3.5874999999999995,1.21,2.05,,,,16.39,,
2020-01-30,1.57,1.41,1.39,1.57,2.04,0.16,-0.07,1.64,1.665,3.64,1.25,2.08,,,,15.49,,3.51
2020-01-31,1.55,1.33,1.32,1.51,1.99,0.18,-0.14,1.65,1.72,3.7275,1.31,2.13,,,,18.84,-0.62,
2020-02-01,,,,,,,,,,,,,267.37,101.3735,3.5,,,
2020-02-03,1.57,1.36,1.35,1.54,2.01,0.18,-0.09,1.63,1.6800000000000002,3.6750000000000003,1.26,2.1,,,,17.97,,
2020-02-04,1.57,1.41,1.42,1.61,2.08,0.2,-0.03,1.64,1.67,3.6574999999999998,1.25,2.09,,,,16.05,,
2020-02-05,1.57,1.44,1.46,1.66,2.14,0.22,0.0,1.66,1.6549999999999998,3.6224999999999996,1.24,2.07,,,,15.15,,
2020-02-06,1.57,1.44,1.45,1.65,2.11,0.21,-0.02,1.67,1.63,3.5874999999999995,1.21,2.05,,,,14.96,,3.45
2020-02-07,1.56,1.41,1.41,1.59,2.05,0.18,-0.07,1.66,1.6149999999999998,3.5874999999999995,1.18,2.05,,,,15.47,-0.594,
2020-02-10,1.58,1.37,1.38,1.56,2.03,0.19,-0.1,1.66,1.635,3.605,1.21,2.06,,,,15.04,,
2020-02-11,1.57,1.41,1.4,1.59,2.05,0.18,-0.06,1.65,1.63,3.5874999999999995,1.21,2.05,,,,15.18,,
2020-02-12,1.58,1.44,1.45,1.62,2.09,0.18,-0.04,1.66,1.6400000000000001,3.605,1.22,2.06,,,,13.74,,
2020-02-13,1.59,1.44,1.43,1.61,2.07,0.17,-0.06,1.67,1.6349999999999998,3.5874999999999995,1.22,2.05,,,,14.15,,3.47
2020-02-14,1.58,1.42,1.42,1.59,2.04,0.17,-0.07,1.66,1.62,3.5700000000000003,1.2,2.04,,,,13.68,-0.535,
2020-02-17,,,,,,,,,,,,,,,,,,
2020-02-18,1.58,1.41,1.39,1.55,2.0,0.14,-0.1,1.65,1.63,3.5874999999999995,1.21,2.05,,,,14.83,,
2020-02-19,1.58,1.42,1.41,1.56,2.01,0.14,-0.09,1.65,1.64,3.5874999999999995,1.23,2.05,,,,14.38,,
2020-02-20,1.58,1.39,1.37,1.52,1.97,0.13,-0.11,1.63,1.65,3.5874999999999995,1.25,2.05,,,,15.56,,3.49
2020-02-21,1.56,1.34,1.3,1.46,1.9,0.12,-0.15,1.61,1.685,3.6574999999999998,1.28,2.09,,,,17.08,-0.435,
2020-02-24,1.53,1.26,1.21,1.38,1.84,0.12,-0.21,1.59,1.7349999999999999,3.7275,1.34,2.13,,,,25.03,,
2020-02-25,1.53,1.2,1.16,1.33,1.8,0.13,-0.2,1.53,1.785,3.8325,1.38,2.19,,,,27.85,,
2020-02-26,1.53,1.16,1.14,1.33,1.81,0.17,-0.21,1.54,1.7800000000000002,3.8500000000000005,1.36,2.2,,,,27.56,,
2020-02-27,1.45,1.11,1.11,1.3,1.79,0.19,-0.23,1.53,1.835,3.9725,1.4,2.27,,,,39.16,,3.45
2020-02-28,1.27,0.86,0.89,1.13,1.65,0.27,-0.28,1.41,1.975,4.165,1.57,2.38,,,,40.11,-0.297,
2020-03-01,,,,,,,,,,,,,267.054,97.4078,4.4,,,
2020-03-02,1.13,0.84,0.88,1.1,1.66,0.26,-0.31,1.41,1.975,4.27,1.51,2.44,,,,33.42,,
2020-03-03,0.95,0.71,0.77,1.02,1.64,0.31,-0.43,1.45,2.0300000000000002,4.34,1.58,2.48,,,,36.82,,
2020-03-04,0.72,0.67,0.75,1.02,1.67,0.35,-0.44,1.46,2.0,4.322500000000001,1.53,2.47,,,,31.99,,
2020-03-05,0.62,0.59,0.67,0.92,1.56,0.33,-0.48,1.4,2.06,4.41,1.6,2.52,,,,39.62,,3.29
2020-03-06,0.45,0.49,0.58,0.74,1.25,0.25,-0.57,1.31,2.085,4.4624999999999995,1.62,2.55,,,,41.94,-0.136,
2020-03-09,0.33,0.38,0.46,0.54,0.99,0.16,-0.45,0.99,2.425,5.1275,1.92,2.93,,,,54.46,,
2020-03-10,0.44,0.5,0.63,0.76,1.28,0.26,-0.24,1.0,2.42,5.1275,1.91,2.93,,,,47.3,,
2020-03-11,0.42,0.5,0.66,0.82,1.3,0.32,-0.14,0.96,2.42,5.2325,1.85,2.99,,,,53.9,,
2020-03-12,0.33,0.5,0.66,0.88,1.49,0.38,-0.04,0.92,2.63,5.6000000000000005,2.06,3.2,,,,75.47,,3.36
2020-03-13,0.28,0.49,0.7,0.94,1.56,0.45,0.04,0.9,2.695,5.7749999999999995,2.09,3.3,,,,57.83,0.03,
2020-03-16,0.24,0.36,0.49,0.73,1.34,0.37,0.0,0.73,2.7649999999999997,5.915,2.15,3.38,,,,82.69,,
2020-03-17,0.19,0.47,0.66,1.02,1.63,0.55,0.39,0.63,2.935,6.1075,2.38,3.49,,,,75.91,,
2020-03-18,0.02,0.54,0.79,1.18,1.77,0.64,0.55,0.63,3.2750000000000004,6.6675,2.74,3.81,,,,76.45,,
2020-03-19,0.04,0.44,0.66,1.12,1.78,0.68,0.62,0.5,3.375,7.0175,2.74,4.01,,,,72.0,,3.65
2020-03-20,0.05,0.37,0.52,0.92,1.55,0.55,0.17,0.75,3.7150000000000003,7.402500000000001,3.2,4.23,,,,66.04,0.174,
2020-03-23,0.02,0.28,0.38,0.76,1.33,0.48,-0.04,0.8,3.5599999999999996,7.5424999999999995,2.81,4.31,,,,61.59,,
2020-03-24,0.01,0.38,0.52,0.84,1.39,0.46,-0.13,0.97,3.3950000000000005,7.3325000000000005,2.6,4.19,,,,61.67,,
2020-03-25,0.0,0.34,0.56,0.88,1.45,0.54,-0.19,1.07,3.295,7.2275,2.46,4.13,,,,63.95,,
2020-03-26,0.0,0.3,0.51,0.83,1.42,0.53,-0.24,1.07,3.14,7.07,2.24,4.04,,,,61.0,,3.5
2020-03-27,0.03,0.25,0.41,0.72,1.29,0.47,-0.22,0.94,3.105,6.965,2.23,3.98,,,,65.54,0.266,
2020-03-30,0.12,0.23,0.39,0.7,1.31,0.47,-0.25,0.95,2.95,6.8075,2.01,3.89,,,,57.08,,
2020-03-31,0.11,0.23,0.37,0.7,1.35,0.47,-0.17,0.87,2.98,6.8775,2.03,3.93,,,,53.54,,
2020-04-01,0.09,0.23,0.37,0.62,1.27,0.39,-0.29,0.91,3.055,6.947500000000001,2.14,3.97,265.746,84.5619,14.8,57.06,,
2020-04-02,0.09,0.23,0.39,0.63,1.26,0.4,-0.4,1.03,2.965,6.859999999999999,2.01,3.92,,,,50.91,,3.33
2020-04-03,0.1,0.23,0.39,0.62,1.24,0.39,-0.46,1.08,2.965,6.859999999999999,2.01,3.92,,,,46.8,0.304,
2020-04-06,0.15,0.27,0.44,0.67,1.27,0.4,-0.47,1.14,2.935,6.8425,1.96,3.91,,,,45.24,,
2020-04-07,0.14,0.28,0.48,0.75,1.32,0.47,-0.42,1.17,2.795,6.6325,1.8,3.79,,,,46.7,,
2020-04-08,0.22,0.27,0.47,0.77,1.37,0.5,-0.42,1.19,2.77,6.5625,1.79,3.75,,,,43.35,,
2020-04-09,0.25,0.23,0.41,0.73,1.35,0.5,-0.5,1.23,2.67,6.3175,1.73,3.61,,,,41.67,,3.33
2020-04-10,,,,,,,,,,,,,,,,,0.29,
2020-04-13,0.26,0.25,0.44,0.76,1.39,0.51,-0.5,1.26,2.5,5.9675,1.59,3.41,,,,41.17,,
2020-04-14,0.2,0.23,0.42,0.76,1.41,0.53,-0.53,1.29,2.415,5.88,1.47,3.36,,,,37.76,,
2020-04-15,0.14,0.2,0.34,0.63,1.27,0.43,-0.56,1.19,2.535,5.827500000000001,1.74,3.33,,,,40.84,,
2020-04-16,0.14,0.2,0.35,0.61,1.21,0.41,-0.42,1.03,2.4899999999999998,5.739999999999999,1.7,3.28,,,,40.11,,3.31
2020-04-17,0.12,0.2,0.36,0.65,1.27,0.45,-0.36,1.01,2.515,5.7225,1.76,3.27,,,,38.15,0.235,
2020-04-20,0.12,0.2,0.35,0.63,1.23,0.43,-0.31,0.94,2.505,5.739999999999999,1.73,3.28,,,,43.83,,
2020-04-21,0.11,0.2,0.34,0.58,1.17,0.38,-0.38,0.96,2.52,5.7575,1.75,3.29,,,,45.41,,
2020-04-22,0.12,0.22,0.37,0.63,1.22,0.41,-0.43,1.06,2.5149999999999997,5.7749999999999995,1.73,3.3,,,,41.98,,
2020-04-23,0.11,0.22,0.37,0.61,1.18,0.39,-0.44,1.05,2.4499999999999997,5.705,1.64,3.26,,,,41.38,,3.33
2020-04-24,0.12,0.22,0.36,0.6,1.17,0.38,-0.51,1.11,2.475,5.6875,1.7,3.25,,,,35.93,0.156,
2020-04-27,0.12,0.24,0.41,0.67,1.25,0.43,-0.5,1.17,2.48,5.67,1.72,3.24,,,,33.29,,
2020-04-28,0.11,0.2,0.37,0.62,1.2,0.42,-0.52,1.14,2.49,5.6875,1.73,3.25,,,,33.57,,
2020-04-29,0.1,0.2,0.36,0.63,1.24,0.43,-0.51,1.14,2.495,5.67,1.75,3.24,,,,31.23,,
2020-04-30,0.09,0.2,0.36,0.64,1.28,0.44,-0.43,1.07,2.485,5.6525,1.74,3.23,,,,34.15,,3.23
2020-05-01,0.12,0.2,0.36,0.64,1.27,0.44,-0.42,1.06,2.515,5.6875,1.78,3.25,265.412,85.9604,13.2,37.19,0.06,
2020-05-04,0.13,0.19,0.36,0.64,1.29,0.45,-0.43,1.07,2.5149999999999997,5.739999999999999,1.75,3.28,,,,35.97,,
2020-05-05,0.13,0.19,0.36,0.66,1.32,0.47,-0.44,1.1,2.5149999999999997,5.739999999999999,1.75,3.28,,,,33.61,,
2020-05-06,0.12,0.17,0.37,0.72,1.41,0.55,-0.38,1.1,2.6,5.7925,1.89,3.31,,,,34.12,,
2020-05-07,0.11,0.13,0.29,0.63,1.31,0.5,-0.45,1.08,2.6149999999999998,5.845,1.89,3.34,,,,31.44,,3.26
2020-05-08,0.12,0.16,0.33,0.69,1.39,0.53,-0.43,1.12,2.6100000000000003,5.8975,1.85,3.37,,,,27.98,-0.039,
2020-05-11,0.12,0.17,0.36,0.73,1.43,0.56,-0.4,1.13,2.685,5.9675,1.96,3.41,,,,27.57,,
2020-05-12,0.13,0.17,0.34,0.69,1.38,0.52,-0.4,1.09,2.685,5.95,1.97,3.4,,,,33.04,,
2020-05-13,0.13,0.16,0.31,0.64,1.35,0.48,-0.43,1.07,2.665,6.0025,1.9,3.43,,,,35.28,,
2020-05-14,0.12,0.16,0.31,0.63,1.3,0.47,-0.43,1.06,2.645,5.9675,1.88,3.41,,,,32.61,,3.28
2020-05-15,0.12,0.16,0.31,0.64,1.32,0.48,-0.45,1.09,2.64,5.9675,1.87,3.41,,,,31.89,-0.128,
2020-05-18,0.13,0.18,0.38,0.73,1.44,0.55,-0.44,1.17,2.605,5.915,1.83,3.38,,,,29.3,,
2020-05-19,0.13,0.17,0.35,0.7,1.43,0.53,-0.45,1.15,2.55,5.7749999999999995,1.8,3.3,,,,30.53,,
2020-05-20,0.12,0.16,0.34,0.68,1.4,0.52,-0.48,1.16,2.52,5.67,1.8,3.24,,,,27.99,,
2020-05-21,0.12,0.17,0.35,0.68,1.4,0.51,-0.46,1.14,2.475,5.565,1.77,3.18,,,,29.53,,3.24
2020-05-22,0.12,0.17,0.34,0.66,1.37,0.49,-0.46,1.12,2.465,5.565,1.75,3.18,,,,28.16,-0.207,
2020-05-25,,,,,,,,,,,,,,,,,,
2020-05-26,0.14,0.18,0.35,0.69,1.43,0.51,-0.44,1.13,2.47,5.495,1.8,3.14,,,,28.01,,
2020-05-27,0.15,0.19,0.34,0.68,1.44,0.49,-0.46,1.14,2.45,5.4425,1.79,3.11,,,,27.62,,
2020-05-28,0.15,0.17,0.34,0.7,1.47,0.53,-0.48,1.18,2.43,5.425,1.76,3.1,,,,28.59,,3.15
2020-05-29,0.14,0.16,0.3,0.65,1.41,0.49,-0.5,1.15,2.43,5.390000000000001,1.78,3.08,,,,27.51,-0.27,
2020-06-01,0.14,0.14,0.31,0.66,1.46,0.52,-0.52,1.18,2.4450000000000003,5.425,1.79,3.1,265.849,91.5934,11.0,28.23,,
2020-06-02,0.15,0.17,0.32,0.68,1.48,0.51,-0.5,1.18,2.425,5.390000000000001,1.77,3.08,,,,26.84,,
2020-06-03,0.16,0.19,0.38,0.77,1.56,0.58,-0.44,1.21,2.39,5.285,1.76,3.02,,,,25.66,,
2020-06-04,0.15,0.19,0.4,0.82,1.61,0.63,-0.4,1.22,2.38,5.2325,1.77,2.99,,,,25.81,,3.18
2020-06-05,0.15,0.22,0.47,0.91,1.68,0.69,-0.36,1.27,2.245,5.005,1.63,2.86,,,,24.52,-0.316,
2020-06-08,0.17,0.22,0.45,0.88,1.65,0.66,-0.4,1.28,2.205,4.9175,1.6,2.81,,,,25.81,,
2020-06-09,0.19,0.2,0.4,0.84,1.59,0.64,-0.42,1.26,2.215,4.8999999999999995,1.63,2.8,,,,27.57,,
2020-06-10,0.17,0.17,0.33,0.75,1.53,0.58,-0.52,1.27,2.29,5.005,1.72,2.86,,,,27.57,,
2020-06-11,0.17,0.19,0.32,0.66,1.41,0.47,-0.55,1.21,2.325,5.0925,1.74,2.91,,,,40.79,,3.21
2020-06-12,0.16,0.19,0.33,0.71,1.45,0.52,-0.5,1.21,2.31,5.0925,1.71,2.91,,,,36.09,-0.345,
2020-06-15,0.18,0.19,0.33,0.71,1.45,0.52,-0.52,1.23,2.365,5.1275,1.8,2.93,,,,34.4,,
2020-06-16,0.17,0.21,0.34,0.75,1.54,0.54,-0.52,1.27,2.255,5.0575,1.62,2.89,,,,33.67,,
2020-06-17,0.17,0.19,0.34,0.74,1.52,0.55,-0.52,1.26,2.2800000000000002,5.0225,1.69,2.87,,,,33.47,,
2020-06-18,0.16,0.19,0.34,0.71,1.47,0.52,-0.57,1.28,2.26,5.005,1.66,2.86,,,,32.94,,3.13
2020-06-19,0.15,0.19,0.33,0.7,1.47,0.51,-0.6,1.3,2.3,5.0225,1.73,2.87,,,,35.12,-0.368,
2020-06-22,0.16,0.19,0.34,0.71,1.46,0.52,-0.63,1.34,2.275,5.005,1.69,2.86,,,,31.77,,
2020-06-23,0.16,0.18,0.33,0.72,1.49,0.54,-0.66,1.38,2.29,5.0225,1.71,2.87,,,,31.37,,
2020-06-24,0.15,0.19,0.33,0.69,1.44,0.5,-0.64,1.33,2.3,5.0575,1.71,2.89,,,,33.84,,
2020-06-25,0.16,0.17,0.32,0.68,1.43,0.51,-0.65,1.33,2.32,5.109999999999999,1.72,2.92,,,,32.22,,3.13
2020-06-26,0.14,0.17,0.3,0.64,1.37,0.47,-0.68,1.32,2.315,5.109999999999999,1.71,2.92,,,,34.73,-0.386,
2020-06-29,0.14,0.16,0.28,0.64,1.39,0.48,-0.7,1.34,2.34,5.145,1.74,2.94,,,,31.78,,
2020-06-30,0.16,0.16,0.29,0.66,1.41,0.5,-0.68,1.34,2.305,5.1275,1.68,2.93,,,,30.43,,
2020-07-01,0.14,0.17,0.31,0.69,1.43,0.52,-0.68,1.37,2.3,5.0575,1.71,2.89,267.389,95.0256,10.2,28.62,,
2020-07-02,0.14,0.16,0.29,0.68,1.43,0.52,-0.73,1.41,2.2800000000000002,5.0225,1.69,2.87,,,,27.68,,3.07
2020-07-03,,,,,,,,,,,,,,,,,-0.403,
2020-07-06,0.15,0.16,0.31,0.69,1.45,0.53,-0.76,1.45,2.235,4.952500000000001,1.64,2.83,,,,27.94,,
2020-07-07,0.15,0.16,0.29,0.65,1.38,0.49,-0.78,1.43,2.215,4.9175,1.62,2.81,,,,29.43,,
2020-07-08,0.15,0.16,0.3,0.67,1.39,0.51,-0.75,1.42,2.17,4.8475,1.57,2.77,,,,28.08,,
2020-07-09,0.13,0.16,0.28,0.62,1.32,0.46,-0.77,1.39,2.135,4.7775,1.54,2.73,,,,29.26,,3.03
2020-07-10,0.13,0.16,0.3,0.65,1.33,0.49,-0.76,1.41,2.14,4.795,1.54,2.74,,,,27.29,-0.421,
2020-07-13,0.14,0.16,0.3,0.64,1.33,0.48,-0.78,1.42,2.14,4.795,1.54,2.74,,,,32.19,,
2020-07-14,0.15,0.14,0.28,0.63,1.3,0.49,-0.78,1.41,2.105,4.7425,1.5,2.71,,,,29.52,,
2020-07-15,0.16,0.16,0.28,0.64,1.33,0.48,-0.77,1.41,2.11,4.7425,1.51,2.71,,,,27.76,,
2020-07-16,0.11,0.16,0.28,0.62,1.31,0.46,-0.79,1.41,2.105,4.7075,1.52,2.69,,,,28.0,,2.98
2020-07-17,0.11,0.14,0.29,0.64,1.33,0.5,-0.82,1.46,2.085,4.69,1.49,2.68,,,,25.68,-0.44,
2020-07-20,0.13,0.16,0.29,0.62,1.32,0.46,-0.84,1.46,2.0700000000000003,4.655,1.48,2.66,,,,24.46,,
2020-07-21,0.13,0.14,0.27,0.61,1.31,0.47,-0.87,1.48,2.05,4.6025,1.47,2.63,,,,24.84,,
2020-07-22,0.13,0.14,0.27,0.6,1.29,0.46,-0.88,1.48,2.045,4.5675,1.48,2.61,,,,24.32,,
2020-07-23,0.12,0.16,0.27,0.59,1.24,0.43,-0.9,1.49,2.02,4.515000000000001,1.46,2.58,,,,26.08,,3.01
2020-07-24,0.11,0.14,0.27,0.59,1.23,0.45,-0.92,1.51,2.0,4.515000000000001,1.42,2.58,,,,25.84,-0.458,
2020-07-27,0.11,0.15,0.3,0.62,1.25,0.47,-0.9,1.52,1.9849999999999999,4.48,1.41,2.56,,,,24.74,,
2020-07-28,0.11,0.14,0.26,0.59,1.22,0.45,-0.92,1.51,2.0,4.4975,1.43,2.57,,,,25.44,,
2020-07-29,0.11,0.12,0.25,0.58,1.24,0.46,-0.95,1.53,2.045,4.5675,1.48,2.61,,,,24.1,,
2020-07-30,0.09,0.11,0.23,0.55,1.2,0.44,-0.97,1.52,2.04,4.55,1.48,2.6,,,,24.76,,2.99
2020-07-31,0.09,0.11,0.21,0.55,1.2,0.44,-1.0,1.55,2.04,4.55,1.48,2.6,,,,24.46,-0.476,
2020-08-01,,,,,,,,,,,,,268.422,95.9549,8.4,,,
2020-08-03,0.1,0.11,0.22,0.56,1.23,0.45,-1.02,1.58,2.08,4.6025,1.53,2.63,,,,24.28,,
2020-08-04,0.09,0.11,0.19,0.52,1.19,0.41,-1.05,1.57,2.09,4.585,1.56,2.62,,,,23.76,,
2020-08-05,0.1,0.11,0.22,0.55,1.22,0.44,-1.06,1.61,2.035,4.5325,1.48,2.59,,,,22.99,,
2020-08-06,0.1,0.11,0.21,0.55,1.2,0.44,-1.08,1.63,2.03,4.4975,1.49,2.57,,,,22.65,,2.88
2020-08-07,0.1,0.13,0.23,0.57,1.23,0.44,-1.04,1.61,2.0149999999999997,4.4975,1.46,2.57,,,,22.21,-0.489,
2020-08-10,0.11,0.14,0.24,0.59,1.25,0.45,-1.02,1.61,2.015,4.48,1.47,2.56,,,,22.13,,
2020-08-11,0.11,0.16,0.27,0.64,1.32,0.48,-0.99,1.63,2.05,4.5325,1.51,2.59,,,,24.03,,
2020-08-12,0.11,0.16,0.3,0.69,1.37,0.53,-0.98,1.67,2.0149999999999997,4.4624999999999995,1.48,2.55,,,,22.28,,
2020-08-13,0.1,0.16,0.32,0.71,1.42,0.55,-0.96,1.67,2.085,4.5325,1.58,2.59,,,,22.13,,2.96
2020-08-14,0.1,0.14,0.29,0.71,1.45,0.57,-0.94,1.65,2.1,4.5675,1.59,2.61,,,,22.05,-0.499,
2020-08-17,0.1,0.14,0.29,0.69,1.43,0.55,-0.97,1.66,2.135,4.62,1.63,2.64,,,,21.35,,
2020-08-18,0.09,0.14,0.27,0.67,1.4,0.53,-1.01,1.68,2.135,4.62,1.63,2.64,,,,21.51,,
2020-08-19,0.11,0.14,0.29,0.68,1.42,0.54,-0.99,1.67,2.15,4.6375,1.65,2.65,,,,22.54,,
2020-08-20,0.11,0.13,0.26,0.65,1.38,0.52,-0.97,1.62,2.165,4.6375,1.68,2.65,,,,22.72,,2.99
2020-08-21,0.1,0.16,0.27,0.64,1.35,0.48,-1.0,1.64,2.15,4.62,1.66,2.64,,,,22.54,-0.506,
2020-08-24,0.12,0.14,0.28,0.65,1.35,0.51,-1.02,1.67,2.145,4.6025,1.66,2.63,,,,22.37,,
2020-08-25,0.11,0.15,0.3,0.69,1.39,0.54,-1.01,1.7,2.15,4.6025,1.67,2.63,,,,22.03,,
2020-08-26,0.11,0.16,0.28,0.69,1.41,0.53,-1.03,1.72,2.185,4.655,1.71,2.66,,,,23.27,,
2020-08-27,0.11,0.16,0.31,0.74,1.5,0.58,-0.99,1.73,2.215,4.7425,1.72,2.71,,,,24.47,,2.91
2020-08-28,0.1,0.14,0.28,0.74,1.52,0.6,-1.03,1.77,2.185,4.7425,1.66,2.71,,,,22.96,-0.508,
2020-08-31,0.11,0.14,0.28,0.72,1.49,0.58,-1.08,1.8,2.185,4.672499999999999,1.7,2.67,,,,26.41,,
2020-09-01,0.12,0.13,0.26,0.68,1.43,0.55,-1.08,1.76,2.165,4.672499999999999,1.66,2.67,268.933,95.9669,7.8,26.12,,
2020-09-02,0.12,0.14,0.26,0.66,1.38,0.52,-1.07,1.73,2.12,4.62,1.6,2.64,,,,26.57,,
2020-09-03,0.11,0.13,0.24,0.63,1.34,0.5,-1.02,1.65,2.115,4.62,1.59,2.64,,,,33.6,,2.93
2020-09-04,0.11,0.14,0.3,0.72,1.46,0.58,-0.98,1.7,2.1500000000000004,4.69,1.62,2.68,,,,30.75,-0.506,
2020-09-07,,,,,,,,,,,,,,,,,,
2020-09-08,0.13,0.14,0.28,0.69,1.43,0.55,-0.99,1.68,2.135,4.672499999999999,1.6,2.67,,,,31.46,,
2020-09-09,0.12,0.14,0.28,0.71,1.45,0.57,-1.0,1.71,2.185,4.7075,1.68,2.69,,,,28.81,,
2020-09-10,0.12,0.14,0.26,0.68,1.43,0.54,-1.01,1.69,2.175,4.7075,1.66,2.69,,,,29.71,,2.86
2020-09-11,0.11,0.13,0.26,0.67,1.42,0.54,-0.98,1.65,2.17,4.7075,1.65,2.69,,,,26.87,-0.501,
2020-09-14,0.11,0.14,0.27,0.68,1.42,0.54,-0.97,1.65,2.15,4.655,1.64,2.66,,,,25.85,,
2020-09-15,0.11,0.14,0.27,0.68,1.43,0.54,-0.99,1.67,2.165,4.69,1.65,2.68,,,,25.59,,
2020-09-16,0.12,0.14,0.28,0.69,1.45,0.55,-0.99,1.68,2.145,4.672499999999999,1.62,2.67,,,,26.04,,
2020-09-17,0.09,0.13,0.28,0.69,1.43,0.56,-0.97,1.66,2.13,4.6375,1.61,2.65,,,,26.46,,2.87
2020-09-18,0.1,0.14,0.29,0.7,1.45,0.56,-0.97,1.67,2.13,4.655,1.6,2.66,,,,25.83,-0.498,
2020-09-21,0.1,0.14,0.27,0.68,1.43,0.54,-0.94,1.62,2.13,4.655,1.6,2.66,,,,27.78,,
2020-09-22,0.1,0.13,0.27,0.68,1.42,0.55,-0.94,1.62,2.125,4.655,1.59,2.66,,,,26.86,,
2020-09-23,0.11,0.14,0.28,0.68,1.42,0.54,-0.92,1.6,2.1550000000000002,4.69,1.63,2.68,,,,28.58,,
2020-09-24,0.1,0.14,0.27,0.67,1.4,0.53,-0.91,1.58,2.18,4.7250000000000005,1.66,2.7,,,,28.51,,2.9
2020-09-25,0.1,0.12,0.26,0.66,1.4,0.54,-0.92,1.58,2.1950000000000003,4.795,1.65,2.74,,,,26.38,-0.492,
2020-09-28,0.11,0.14,0.26,0.67,1.42,0.53,-0.94,1.61,2.2249999999999996,4.83,1.69,2.76,,,,26.19,,
2020-09-29,0.09,0.11,0.24,0.66,1.41,0.55,-0.98,1.64,2.21,4.795,1.68,2.74,,,,26.27,,
2020-09-30,0.1,0.13,0.28,0.69,1.46,0.56,-0.94,1.63,2.19,4.8125,1.63,2.75,,,,26.37,,
2020-10-01,0.09,0.14,0.27,0.68,1.45,0.54,-0.95,1.63,2.2,4.8125,1.65,2.75,269.306,96.7394,6.9,26.7,,2.88
2020-10-02,0.09,0.13,0.28,0.7,1.48,0.57,-0.94,1.64,2.215,4.83,1.67,2.76,,,,27.63,-0.489,
2020-10-05,0.1,0.14,0.33,0.78,1.57,0.64,-0.9,1.68,2.205,4.795,1.67,2.74,,,,27.96,,
2020-10-06,0.1,0.14,0.32,0.76,1.56,0.62,-0.9,1.66,2.165,4.7250000000000005,1.63,2.7,,,,29.48,,
2020-10-07,0.1,0.16,0.35,0.81,1.6,0.65,-0.9,1.71,2.13,4.7075,1.57,2.69,,,,28.06,,
2020-10-08,0.09,0.13,0.33,0.78,1.57,0.65,-0.94,1.72,2.115,4.69,1.55,2.68,,,,26.36,,2.87
2020-10-09,0.1,0.16,0.34,0.79,1.58,0.63,-0.94,1.73,2.11,4.672499999999999,1.55,2.67,,,,25.0,-0.49,
2020-10-12,,,,,,,,,,,,,,,,25.07,,
2020-10-13,0.11,0.16,0.31,0.74,1.52,0.58,-0.96,1.7,2.1,4.6375,1.55,2.65,,,,26.07,,
2020-10-14,0.12,0.14,0.3,0.73,1.5,0.59,-0.96,1.69,2.09,4.62,1.54,2.64,,,,26.4,,
2020-10-15,0.11,0.14,0.32,0.74,1.52,0.6,-0.95,1.69,2.0949999999999998,4.6375,1.54,2.65,,,,26.97,,2.81
2020-10-16,0.11,0.14,0.32,0.76,1.52,0.62,-0.95,1.71,2.085,4.62,1.53,2.64,,,,27.41,-0.492,
2020-10-19,0.11,0.16,0.34,0.78,1.55,0.62,-0.93,1.71,2.06,4.5675,1.51,2.61,,,,29.18,,
2020-10-20,0.1,0.14,0.34,0.81,1.6,0.67,-0.91,1.72,2.095,4.62,1.55,2.64,,,,29.35,,
2020-10-21,0.1,0.14,0.36,0.83,1.62,0.69,-0.91,1.74,2.1,4.6025,1.57,2.63,,,,28.65,,
2020-10-22,0.09,0.16,0.38,0.87,1.67,0.71,-0.89,1.76,2.085,4.5675,1.56,2.61,,,,28.11,,2.8
2020-10-23,0.1,0.18,0.37,0.85,1.64,0.67,-0.9,1.75,2.08,4.55,1.56,2.6,,,,27.55,-0.498,
2020-10-26,0.11,0.16,0.35,0.81,1.59,0.65,-0.91,1.72,2.075,4.55,1.55,2.6,,,,32.46,,
2020-10-27,0.1,0.16,0.34,0.79,1.57,0.63,-0.92,1.71,2.08,4.55,1.56,2.6,,,,33.35,,
2020-10-28,0.1,0.16,0.34,0.79,1.56,0.63,-0.91,1.7,2.08,4.585,1.54,2.62,,,,40.28,,
2020-10-29,0.09,0.16,0.38,0.85,1.62,0.69,-0.86,1.71,2.08,4.5675,1.55,2.61,,,,37.59,,2.81
2020-10-30,0.09,0.14,0.38,0.88,1.65,0.74,-0.82,1.7,2.06,4.5675,1.51,2.61,,,,38.02,-0.507,
2020-11-01,,,,,,,,,,,,,269.981,97.0816,6.7,,,
2020-11-02,0.09,0.16,0.38,0.87,1.63,0.71,-0.84,1.71,2.05,4.55,1.5,2.6,,,,37.13,,
2020-11-03,0.1,0.17,0.39,0.9,1.66,0.73,-0.82,1.72,2.045,4.515000000000001,1.51,2.58,,,,35.55,,
2020-11-04,0.1,0.14,0.33,0.78,1.55,0.64,-0.86,1.64,2.045,4.515000000000001,1.51,2.58,,,,29.57,,
2020-11-05,0.1,0.14,0.33,0.79,1.54,0.65,-0.87,1.66,1.9849999999999999,4.41,1.45,2.52,,,,27.58,,2.78
2020-11-06,0.1,0.16,0.36,0.83,1.6,0.67,-0.82,1.65,1.9949999999999999,4.3925,1.48,2.51,,,,24.86,-0.52,
2020-11-09,0.11,0.17,0.44,0.96,1.73,0.79,-0.77,1.73,1.9500000000000002,4.322500000000001,1.43,2.47,,,,25.75,,
2020-11-10,0.1,0.19,0.46,0.98,1.75,0.79,-0.78,1.76,1.94,4.27,1.44,2.44,,,,24.8,,
2020-11-11,,,,,,,,,,,,,,,,23.45,,
2020-11-12,0.1,0.17,0.4,0.88,1.64,0.71,-0.83,1.71,1.965,4.2875000000000005,1.48,2.45,,,,25.35,,2.84
2020-11-13,0.09,0.17,0.41,0.89,1.65,0.72,-0.83,1.72,1.95,4.27,1.46,2.44,,,,23.1,-0.537,
2020-11-16,0.09,0.19,0.41,0.91,1.66,0.72,-0.81,1.72,1.93,4.234999999999999,1.44,2.42,,,,22.45,,
2020-11-17,0.09,0.18,0.39,0.87,1.62,0.69,-0.83,1.7,1.93,4.234999999999999,1.44,2.42,,,,22.71,,
2020-11-18,0.09,0.16,0.4,0.88,1.62,0.72,-0.82,1.7,1.885,4.1825,1.38,2.39,,,,23.84,,
2020-11-19,0.07,0.18,0.39,0.86,1.58,0.68,-0.84,1.7,1.885,4.1125,1.42,2.35,,,,23.11,,2.72
2020-11-20,0.07,0.16,0.38,0.83,1.53,0.67,-0.86,1.69,1.88,4.1125,1.41,2.35,,,,23.7,-0.553,
2020-11-23,0.08,0.16,0.39,0.86,1.56,0.7,-0.85,1.71,1.855,4.077500000000001,1.38,2.33,,,,22.66,,
2020-11-24,0.09,0.16,0.39,0.88,1.6,0.72,-0.86,1.74,1.845,4.0425,1.38,2.31,,,,21.64,,
2020-11-25,0.09,0.17,0.39,0.88,1.62,0.71,-0.87,1.75,1.8499999999999999,4.06,1.38,2.32,,,,21.25,,2.72
2020-11-26,,,,,,,,,,,,,,,,,,
2020-11-27,0.09,0.16,0.37,0.84,1.57,0.68,-0.91,1.75,1.8399999999999999,4.06,1.36,2.32,,,,20.84,-0.567,
2020-11-30,0.08,0.16,0.36,0.84,1.58,0.68,-0.93,1.77,1.8250000000000002,4.0075,1.36,2.29,,,,20.57,,
2020-12-01,0.09,0.17,0.42,0.92,1.66,0.75,-0.89,1.81,1.795,3.9899999999999998,1.31,2.28,270.341,98.363,6.7,20.77,,
2020-12-02,0.09,0.16,0.42,0.95,1.7,0.79,-0.9,1.85,1.77,3.9200000000000004,1.3,2.24,,,,21.17,,
2020-12-03,0.08,0.16,0.4,0.92,1.67,0.76,-0.94,1.86,1.76,3.9025,1.29,2.23,,,,21.28,,2.71
2020-12-04,0.09,0.16,0.42,0.97,1.73,0.81,-0.92,1.89,1.76,3.9025,1.29,2.23,,,,20.79,-0.58,
2020-12-07,0.08,0.14,0.4,0.94,1.69,0.8,-0.94,1.88,1.77,3.8850000000000002,1.32,2.22,,,,21.3,,
2020-12-08,0.09,0.14,0.39,0.92,1.67,0.78,-0.97,1.89,1.7750000000000001,3.8850000000000002,1.33,2.22,,,,20.68,,
2020-12-09,0.08,0.16,0.41,0.95,1.69,0.79,-0.96,1.91,1.79,3.9200000000000004,1.34,2.24,,,,22.27,,
2020-12-10,0.08,0.14,0.39,0.92,1.65,0.78,-0.96,1.88,1.7950000000000002,3.8850000000000002,1.37,2.22,,,,22.52,,2.71
2020-12-11,0.08,0.11,0.37,0.9,1.63,0.79,-0.97,1.87,1.8,3.9025,1.37,2.23,,,,23.31,-0.59,
2020-12-14,0.09,0.13,0.37,0.9,1.63,0.77,-0.98,1.88,1.7950000000000002,3.9200000000000004,1.35,2.24,,,,24.72,,
2020-12-15,0.08,0.11,0.37,0.92,1.65,0.81,-0.99,1.91,1.8249999999999997,3.9549999999999996,1.39,2.26,,,,22.89,,
2020-12-16,0.09,0.13,0.37,0.92,1.66,0.79,-1.0,1.92,1.8,3.9375,1.35,2.25,,,,22.5,,
2020-12-17,0.08,0.13,0.38,0.94,1.68,0.81,-1.0,1.94,1.7850000000000001,3.9025,1.34,2.23,,,,21.93,,2.67
2020-12-18,0.08,0.13,0.39,0.95,1.7,0.82,-1.0,1.95,1.8050000000000002,3.9200000000000004,1.37,2.24,,,,21.57,-0.598,
2020-12-21,0.09,0.13,0.39,0.95,1.68,0.82,-1.0,1.95,1.78,3.9025,1.33,2.23,,,,25.16,,
2020-12-22,0.09,0.13,0.37,0.93,1.65,0.8,-1.01,1.94,1.7600000000000002,3.8850000000000002,1.3,2.22,,,,24.23,,
2020-12-23,0.09,0.13,0.38,0.96,1.7,0.83,-1.01,1.97,1.7800000000000002,3.9200000000000004,1.32,2.24,,,,23.31,,
2020-12-24,0.09,0.13,0.37,0.94,1.66,0.81,-1.03,1.97,1.775,3.9025,1.32,2.23,,,,21.53,,2.66
2020-12-25,,,,,,,,,,,,,,,,,-0.604,
2020-12-28,0.11,0.13,0.38,0.94,1.67,0.81,-1.03,1.97,1.7650000000000001,3.8850000000000002,1.31,2.22,,,,21.7,,
2020-12-29,0.1,0.12,0.37,0.94,1.67,0.82,-1.02,1.96,1.7650000000000001,3.8850000000000002,1.31,2.22,,,,23.08,,
2020-12-30,0.08,0.12,0.37,0.93,1.66,0.81,-1.03,1.96,1.745,3.8500000000000005,1.29,2.2,,,,22.77,,
2020-12-31,0.09,0.13,0.36,0.93,1.65,0.8,-1.06,1.99,1.7400000000000002,3.8150000000000004,1.3,2.18,,,,22.75,,2.67
2021-01-01,,,,,,,,,,,,,270.387,98.8822,6.4,,-0.609,
2021-01-04,0.09,0.11,0.36,0.93,1.66,0.82,-1.08,2.01,1.77,3.8325,1.35,2.19,,,,26.97,,
2021-01-05,0.09,0.13,0.38,0.96,1.7,0.83,-1.07,2.03,1.775,3.9025,1.32,2.23,,,,25.34,,
2021-01-06,0.09,0.14,0.43,1.04,1.81,0.9,-1.02,2.06,1.795,3.9725,1.32,2.27,,,,25.07,,
2021-01-07,0.09,0.14,0.46,1.08,1.85,0.94,-1.01,2.09,1.805,3.9025,1.38,2.23,,,,22.37,,2.65
2021-01-08,0.08,0.14,0.49,1.13,1.87,0.99,-0.93,2.06,1.77,3.8325,1.35,2.19,,,,21.56,-0.614,
2021-01-11,0.08,0.14,0.5,1.15,1.88,1.01,-0.91,2.06,1.74,3.7624999999999997,1.33,2.15,,,,24.08,,
2021-01-12,0.09,0.14,0.5,1.15,1.88,1.01,-0.93,2.08,1.7550000000000001,3.7800000000000002,1.35,2.16,,,,23.33,,
2021-01-13,0.09,0.14,0.48,1.1,1.82,0.96,-0.96,2.06,1.73,3.7275,1.33,2.13,,,,22.21,,
2021-01-14,0.09,0.16,0.49,1.15,1.88,0.99,-0.94,2.09,1.755,3.71,1.39,2.12,,,,23.25,,2.79
2021-01-15,0.09,0.13,0.46,1.11,1.85,0.98,-0.99,2.1,1.74,3.7275,1.35,2.13,,,,24.34,-0.616,
2021-01-18,,,,,,,,,,,,,,,,,,
2021-01-19,0.09,0.14,0.45,1.1,1.84,0.96,-1.0,2.1,1.725,3.6925,1.34,2.11,,,,23.24,,
2021-01-20,0.08,0.13,0.45,1.1,1.84,0.97,-1.02,2.12,1.73,3.6925,1.35,2.11,,,,21.58,,
2021-01-21,0.09,0.13,0.45,1.12,1.87,0.99,-0.98,2.1,1.7650000000000001,3.71,1.41,2.12,,,,21.32,,2.77
2021-01-22,0.08,0.13,0.44,1.1,1.85,0.97,-0.99,2.09,1.775,3.745,1.41,2.14,,,,21.91,-0.618,
2021-01-25,0.09,0.13,0.42,1.05,1.8,0.92,-1.03,2.08,1.795,3.7624999999999997,1.44,2.15,,,,23.19,,
2021-01-26,0.07,0.11,0.42,1.05,1.8,0.94,-1.03,2.08,1.79,3.7800000000000002,1.42,2.16,,,,23.02,,
2021-01-27,0.08,0.12,0.41,1.04,1.79,0.92,-1.04,2.08,1.77,3.7800000000000002,1.38,2.16,,,,37.21,,
2021-01-28,0.07,0.12,0.42,1.07,1.81,0.95,-1.06,2.13,1.79,3.7975,1.41,2.17,,,,30.21,,2.73
2021-01-29,0.06,0.11,0.45,1.11,1.87,1.0,-1.02,2.13,1.785,3.7975,1.4,2.17,,,,33.09,-0.619,
2021-02-01,0.07,0.11,0.42,1.09,1.84,0.98,-1.02,2.11,1.815,3.8325,1.44,2.19,270.793,95.6149,6.2,30.24,,
2021-02-02,0.07,0.11,0.45,1.12,1.87,1.01,-1.03,2.15,1.82,3.8150000000000004,1.46,2.18,,,,25.56,,
2021-02-03,0.04,0.11,0.46,1.15,1.92,1.04,-1.04,2.19,1.83,3.7975,1.49,2.17,,,,22.91,,
2021-02-04,0.04,0.11,0.46,1.15,1.93,1.04,-1.02,2.17,1.825,3.8325,1.46,2.19,,,,21.77,,2.73
2021-02-05,0.03,0.09,0.47,1.19,1.97,1.1,-1.02,2.21,1.81,3.8150000000000004,1.44,2.18,,,,20.87,-0.621,
2021-02-08,0.05,0.11,0.48,1.19,1.96,1.08,-1.03,2.22,1.78,3.745,1.42,2.14,,,,21.24,,
2021-02-09,0.04,0.11,0.48,1.18,1.95,1.07,-1.04,2.22,1.785,3.7624999999999997,1.42,2.15,,,,21.63,,
2021-02-10,0.05,0.11,0.46,1.15,1.92,1.04,-1.06,2.21,1.795,3.7800000000000002,1.43,2.16,,,,21.99,,
2021-02-11,0.05,0.11,0.46,1.16,1.94,1.05,-1.04,2.2,1.81,3.8150000000000004,1.44,2.18,,,,21.25,,2.73
2021-02-12,0.04,0.11,0.5,1.2,2.01,1.09,-1.01,2.21,1.8199999999999998,3.8325,1.45,2.19,,,,19.97,-0.623,
2021-02-15,,,,,,,,,,,,,,,,,,
2021-02-16,0.04,0.13,0.57,1.3,2.08,1.17,-0.94,2.24,1.785,3.7624999999999997,1.42,2.15,,,,21.46,,
2021-02-17,0.04,0.11,0.57,1.29,2.06,1.18,-0.92,2.21,1.75,3.7275,1.37,2.13,,,,21.5,,
2021-02-18,0.03,0.11,0.56,1.29,2.08,1.18,-0.87,2.16,1.77,3.7275,1.41,2.13,,,,22.49,,2.81
2021-02-19,0.04,0.11,0.59,1.34,2.14,1.23,-0.8,2.14,1.78,3.745,1.42,2.14,,,,22.05,-0.625,
2021-02-22,0.03,0.11,0.61,1.37,2.19,1.26,-0.79,2.16,1.8,3.7800000000000002,1.44,2.16,,,,23.45,,
2021-02-23,0.04,0.11,0.59,1.37,2.21,1.26,-0.79,2.16,1.855,3.8500000000000005,1.51,2.2,,,,23.11,,
2021-02-24,0.03,0.12,0.62,1.38,2.24,1.26,-0.79,2.17,1.8800000000000001,3.8850000000000002,1.54,2.22,,,,21.34,,
2021-02-25,0.04,0.17,0.81,1.54,2.33,1.37,-0.6,2.14,1.77,3.71,1.42,2.12,,,,28.89,,2.97
2021-02-26,0.04,0.14,0.75,1.44,2.17,1.3,-0.71,2.15,1.77,3.71,1.42,2.12,,,,27.95,-0.627,
2021-03-01,0.05,0.13,0.71,1.45,2.23,1.32,-0.71,2.16,1.765,3.7275,1.4,2.13,271.459,98.3856,6.1,23.35,,
2021-03-02,0.04,0.13,0.67,1.42,2.21,1.29,-0.78,2.2,1.805,3.7624999999999997,1.46,2.15,,,,24.1,,
2021-03-03,0.05,0.14,0.73,1.47,2.25,1.33,-0.74,2.21,1.8050000000000002,3.745,1.47,2.14,,,,26.67,,
2021-03-04,0.04,0.14,0.77,1.54,2.3,1.4,-0.66,2.2,1.795,3.7275,1.46,2.13,,,,28.57,,3.02
2021-03-05,0.04,0.14,0.79,1.56,2.28,1.42,-0.66,2.22,1.77,3.7275,1.41,2.13,,,,24.66,-0.631,
2021-03-08,0.05,0.17,0.86,1.59,2.31,1.42,-0.62,2.21,1.775,3.745,1.41,2.14,,,,25.47,,
2021-03-09,0.05,0.17,0.83,1.55,2.26,1.38,-0.66,2.21,1.795,3.7800000000000002,1.43,2.16,,,,24.03,,
2021-03-10,0.04,0.16,0.8,1.53,2.24,1.37,-0.73,2.26,1.815,3.7975,1.46,2.17,,,,22.56,,
2021-03-11,0.04,0.14,0.78,1.54,2.29,1.4,-0.74,2.28,1.83,3.8150000000000004,1.48,2.18,,,,21.91,,3.05
2021-03-12,0.04,0.14,0.85,1.64,2.4,1.5,-0.62,2.26,1.8399999999999999,3.8325,1.49,2.19,,,,20.69,-0.636,
2021-03-15,0.04,0.14,0.84,1.62,2.37,1.48,-0.65,2.27,1.83,3.8150000000000004,1.48,2.18,,,,20.03,,
2021-03-16,0.02,0.15,0.83,1.62,2.38,1.47,-0.68,2.3,1.845,3.8325,1.5,2.19,,,,19.79,,
2021-03-17,0.02,0.13,0.8,1.63,2.42,1.5,-0.67,2.3,1.885,3.9025,1.54,2.23,,,,19.23,,
2021-03-18,0.01,0.16,0.86,1.71,2.45,1.55,-0.56,2.27,1.825,3.7975,1.48,2.17,,,,21.58,,3.09
2021-03-19,0.01,0.16,0.9,1.74,2.45,1.58,-0.57,2.31,1.745,3.6750000000000003,1.39,2.1,,,,20.95,-0.642,
2021-03-22,0.03,0.15,0.87,1.69,2.38,1.54,-0.64,2.33,1.73,3.64,1.38,2.08,,,,18.88,,
2021-03-23,0.01,0.15,0.83,1.63,2.34,1.48,-0.66,2.29,1.755,3.6925,1.4,2.11,,,,20.3,,
2021-03-24,0.02,0.14,0.83,1.62,2.31,1.48,-0.69,2.31,1.74,3.6750000000000003,1.38,2.1,,,,21.2,,
2021-03-25,0.02,0.14,0.82,1.63,2.34,1.49,-0.69,2.32,1.75,3.6925,1.39,2.11,,,,19.81,,3.17
2021-03-26,0.02,0.14,0.85,1.67,2.37,1.53,-0.67,2.34,1.7399999999999998,3.6574999999999998,1.39,2.09,,,,18.86,-0.649,
2021-03-29,0.03,0.14,0.89,1.73,2.43,1.59,-0.63,2.36,1.715,3.64,1.35,2.08,,,,20.74,,
2021-03-30,0.02,0.16,0.9,1.73,2.38,1.57,-0.62,2.35,1.675,3.5700000000000003,1.31,2.04,,,,19.61,,
2021-03-31,0.03,0.16,0.92,1.74,2.41,1.58,-0.63,2.37,1.665,3.5524999999999998,1.3,2.03,,,,19.4,,
2021-04-01,0.02,0.17,0.9,1.69,2.34,1.52,-0.66,2.35,1.6,3.465,1.22,1.98,273.66,98.5587,6.1,17.33,,3.18
2021-04-02,0.02,0.19,0.97,1.72,2.35,1.53,-0.64,2.36,,,,,,,,,-0.656,
2021-04-05,0.03,0.17,0.94,1.73,2.36,1.56,-0.62,2.35,1.5699999999999998,3.3775,1.21,1.93,,,,17.91,,
2021-04-06,0.02,0.16,0.88,1.67,2.32,1.51,-0.65,2.32,1.6,3.4125,1.25,1.95,,,,18.12,,
2021-04-07,0.02,0.16,0.87,1.68,2.35,1.52,-0.66,2.34,1.62,3.4299999999999997,1.28,1.96,,,,17.16,,
2021-04-08,0.01,0.14,0.85,1.64,2.32,1.5,-0.69,2.33,1.635,3.465,1.29,1.98,,,,16.95,,3.13
2021-04-09,0.02,0.16,0.87,1.67,2.34,1.51,-0.64,2.31,1.605,3.4299999999999997,1.25,1.96,,,,16.69,-0.664,
2021-04-12,0.02,0.18,0.89,1.69,2.34,1.51,-0.64,2.33,1.595,3.4125,1.24,1.95,,,,16.91,,
2021-04-13,0.03,0.16,0.85,1.64,2.32,1.48,-0.69,2.33,1.6099999999999999,3.4475,1.25,1.97,,,,16.65,,
2021-04-14,0.02,0.16,0.87,1.64,2.32,1.48,-0.69,2.33,1.62,3.465,1.26,1.98,,,,16.99,,
2021-04-15,0.02,0.16,0.81,1.56,2.23,1.4,-0.77,2.33,1.585,3.4125,1.22,1.95,,,,16.57,,3.04
2021-04-16,0.02,0.16,0.84,1.59,2.26,1.43,-0.77,2.36,1.615,3.4475,1.26,1.97,,,,16.25,-0.67,
2021-04-19,0.02,0.16,0.85,1.61,2.29,1.45,-0.73,2.34,1.6400000000000001,3.4825,1.29,1.99,,,,17.29,,
2021-04-20,0.03,0.15,0.81,1.58,2.27,1.43,-0.74,2.32,1.645,3.5,1.29,2.0,,,,18.68,,
2021-04-21,0.03,0.15,0.81,1.57,2.26,1.42,-0.76,2.33,1.6549999999999998,3.5174999999999996,1.3,2.01,,,,17.5,,
2021-04-22,0.03,0.16,0.81,1.57,2.24,1.41,-0.76,2.33,1.6400000000000001,3.4825,1.29,1.99,,,,18.71,,2.97
2021-04-23,0.03,0.16,0.83,1.58,2.25,1.42,-0.76,2.34,1.645,3.4825,1.3,1.99,,,,17.33,-0.677,
2021-04-26,0.03,0.18,0.85,1.58,2.24,1.4,-0.78,2.36,1.635,3.465,1.29,1.98,,,,17.64,,
2021-04-27,0.01,0.17,0.88,1.63,2.29,1.46,-0.76,2.39,1.625,3.4475,1.28,1.97,,,,17.56,,
2021-04-28,0.01,0.17,0.86,1.63,2.29,1.46,-0.78,2.41,1.635,3.465,1.29,1.98,,,,17.28,,
2021-04-29,0.01,0.16,0.86,1.65,2.31,1.49,-0.77,2.42,1.62,3.4475,1.27,1.97,,,,17.61,,2.98
2021-04-30,0.01,0.16,0.86,1.65,2.3,1.49,-0.76,2.41,1.625,3.4299999999999997,1.29,1.96,,,,18.61,-0.682,
2021-05-01,,,,,,,,,,,,,275.465,99.4333,5.8,,,
2021-05-03,0.04,0.16,0.84,1.63,2.3,1.47,-0.79,2.42,1.625,3.4299999999999997,1.29,1.96,,,,18.31,,
2021-05-04,0.02,0.16,0.82,1.61,2.27,1.45,-0.81,2.42,1.63,3.4475,1.29,1.97,,,,19.48,,
2021-05-05,0.02,0.16,0.8,1.59,2.25,1.43,-0.88,2.47,1.6400000000000001,3.465,1.3,1.98,,,,19.15,,
2021-05-06,0.02,0.16,0.81,1.58,2.24,1.42,-0.87,2.45,1.625,3.4299999999999997,1.29,1.96,,,,18.39,,2.96
2021-05-07,0.02,0.14,0.77,1.6,2.28,1.46,-0.89,2.49,1.6400000000000001,3.4475,1.31,1.97,,,,16.69,-0.687,
2021-05-10,0.02,0.16,0.8,1.63,2.32,1.47,-0.91,2.54,1.65,3.465,1.32,1.98,,,,19.66,,
2021-05-11,0.01,0.16,0.8,1.64,2.35,1.48,-0.89,2.53,1.69,3.5174999999999996,1.37,2.01,,,,21.84,,
2021-05-12,0.02,0.16,0.87,1.69,2.4,1.53,-0.85,2.54,1.705,3.535,1.39,2.02,,,,27.59,,
2021-05-13,0.02,0.16,0.84,1.66,2.39,1.5,-0.85,2.51,1.7149999999999999,3.5700000000000003,1.39,2.04,,,,23.13,,2.94
2021-05-14,0.01,0.16,0.82,1.63,2.35,1.47,-0.88,2.51,1.7,3.5524999999999998,1.37,2.03,,,,18.81,-0.689,
2021-05-17,0.02,0.16,0.84,1.64,2.36,1.48,-0.9,2.54,1.69,3.535,1.36,2.02,,,,19.72,,
2021-05-18,0.02,0.16,0.83,1.64,2.37,1.48,-0.88,2.52,1.7,3.5524999999999998,1.37,2.03,,,,21.34,,
2021-05-19,0.01,0.16,0.87,1.68,2.38,1.52,-0.8,2.48,1.69,3.535,1.36,2.02,,,,22.18,,
2021-05-20,0.01,0.15,0.83,1.63,2.34,1.48,-0.78,2.41,1.685,3.535,1.35,2.02,,,,20.67,,3.0
2021-05-21,0.01,0.17,0.84,1.63,2.33,1.46,-0.8,2.43,1.6749999999999998,3.5174999999999996,1.34,2.01,,,,20.15,-0.691,
2021-05-24,0.02,0.15,0.82,1.61,2.31,1.46,-0.83,2.44,1.665,3.5,1.33,2.0,,,,18.4,,
2021-05-25,0.02,0.15,0.79,1.56,2.26,1.41,-0.86,2.42,1.67,3.5174999999999996,1.33,2.01,,,,18.84,,
2021-05-26,0.02,0.14,0.8,1.58,2.27,1.44,-0.82,2.4,1.6400000000000001,3.465,1.3,1.98,,,,17.36,,
2021-05-27,0.02,0.14,0.81,1.61,2.29,1.47,-0.81,2.42,1.65,3.465,1.32,1.98,,,,16.74,,2.95
2021-05-28,0.01,0.14,0.79,1.58,2.26,1.44,-0.84,2.42,1.655,3.4825,1.32,1.99,,,,16.76,-0.693,
2021-05-31,,,,,,,,,,,,,,,,,,
2021-06-01,0.02,0.16,0.81,1.62,2.3,1.46,-0.84,2.46,1.6400000000000001,3.4475,1.31,1.97,277.651,99.7987,5.9,17.9,,
2021-06-02,0.02,0.13,0.8,1.59,2.28,1.46,-0.85,2.44,1.665,3.465,1.35,1.98,,,,17.48,,
2021-06-03,0.02,0.16,0.84,1.63,2.3,1.47,-0.79,2.42,1.645,3.4299999999999997,1.33,1.96,,,,18.04,,2.99
2021-06-04,0.02,0.14,0.78,1.56,2.24,1.42,-0.84,2.4,1.65,3.465,1.32,1.98,,,,16.42,-0.694,
2021-06-07,0.02,0.16,0.79,1.57,2.25,1.41,-0.82,2.39,1.6600000000000001,3.465,1.34,1.98,,,,16.42,,
2021-06-08,0.02,0.14,0.77,1.53,2.21,1.39,-0.83,2.36,1.655,3.465,1.33,1.98,,,,17.07,,
2021-06-09,0.03,0.16,0.75,1.5,2.17,1.34,-0.82,2.32,1.635,3.4299999999999997,1.31,1.96,,,,17.89,,
2021-06-10,0.03,0.14,0.73,1.45,2.15,1.31,-0.9,2.35,1.6800000000000002,3.5,1.36,2.0,,,,16.1,,2.96
2021-06-11,0.03,0.16,0.76,1.47,2.15,1.31,-0.85,2.32,1.65,3.4475,1.33,1.97,,,,15.65,-0.693,
2021-06-14,0.03,0.16,0.8,1.51,2.19,1.35,-0.85,2.36,1.6400000000000001,3.4299999999999997,1.32,1.96,,,,16.39,,
2021-06-15,0.03,0.16,0.79,1.51,2.2,1.35,-0.87,2.38,1.6400000000000001,3.4299999999999997,1.32,1.96,,,,17.02,,
2021-06-16,0.04,0.21,0.89,1.57,2.2,1.36,-0.75,2.32,1.5699999999999998,3.3425,1.23,1.91,,,,18.15,,
2021-06-17,0.04,0.23,0.9,1.52,2.11,1.29,-0.75,2.27,1.5150000000000001,3.22,1.19,1.84,,,,17.75,,2.93
2021-06-18,0.05,0.26,0.89,1.45,2.01,1.19,-0.79,2.24,1.52,3.2375000000000003,1.19,1.85,,,,20.7,-0.69,
2021-06-21,0.05,0.27,0.9,1.5,2.11,1.23,-0.75,2.25,1.545,3.29,1.21,1.88,,,,17.89,,
2021-06-22,0.04,0.25,0.87,1.48,2.1,1.23,-0.83,2.31,1.5699999999999998,3.3249999999999997,1.24,1.9,,,,16.66,,
2021-06-23,0.05,0.26,0.9,1.5,2.11,1.24,-0.84,2.34,1.555,3.3074999999999997,1.22,1.89,,,,16.32,,
2021-06-24,0.05,0.26,0.9,1.49,2.1,1.23,-0.81,2.3,1.5499999999999998,3.29,1.22,1.88,,,,15.97,,3.02
2021-06-25,0.06,0.28,0.92,1.54,2.16,1.26,-0.8,2.34,1.565,3.3249999999999997,1.23,1.9,,,,15.62,-0.686,
2021-06-28,0.05,0.25,0.9,1.49,2.1,1.24,-0.84,2.33,1.5299999999999998,3.29,1.18,1.88,,,,15.76,,
2021-06-29,0.04,0.27,0.89,1.49,2.1,1.22,-0.83,2.32,1.525,3.2725,1.18,1.87,,,,16.02,,
2021-06-30,0.05,0.25,0.87,1.45,2.06,1.2,-0.87,2.32,1.525,3.2725,1.18,1.87,,,,15.83,,
2021-07-01,0.05,0.25,0.89,1.48,2.07,1.23,-0.87,2.35,1.51,3.2550000000000003,1.16,1.86,278.648,100.2519,5.4,15.48,,2.98
2021-07-02,0.05,0.24,0.86,1.44,2.05,1.2,-0.89,2.33,1.525,3.2725,1.18,1.87,,,,15.07,-0.681,
2021-07-05,,,,,,,,,,,,,,,,,,
2021-07-06,0.05,0.22,0.81,1.37,2.0,1.15,-0.94,2.31,1.565,3.3249999999999997,1.23,1.9,,,,16.44,,
2021-07-07,0.05,0.22,0.79,1.33,1.94,1.11,-0.95,2.28,1.565,3.3074999999999997,1.24,1.89,,,,16.2,,
2021-07-08,0.06,0.19,0.74,1.3,1.91,1.11,-0.92,2.22,1.575,3.3425,1.24,1.91,,,,19.0,,2.9
2021-07-09,0.06,0.23,0.79,1.37,1.99,1.14,-0.91,2.28,1.58,3.3425,1.25,1.91,,,,16.18,-0.674,
2021-07-12,0.05,0.23,0.81,1.38,2.0,1.15,-0.95,2.33,1.585,3.3425,1.26,1.91,,,,16.17,,
2021-07-13,0.05,0.26,0.85,1.42,2.04,1.16,-0.94,2.36,1.58,3.3425,1.25,1.91,,,,17.12,,
2021-07-14,0.06,0.23,0.8,1.37,1.98,1.14,-0.97,2.34,1.58,3.3425,1.25,1.91,,,,16.33,,
2021-07-15,0.05,0.23,0.78,1.31,1.92,1.08,-1.01,2.32,1.58,3.36,1.24,1.92,,,,17.01,,2.88
2021-07-16,0.05,0.25,0.79,1.31,1.93,1.06,-1.02,2.33,1.5899999999999999,3.3775,1.25,1.93,,,,18.45,-0.667,
2021-07-19,0.05,0.21,0.7,1.19,1.81,0.98,-1.05,2.24,1.635,3.4475,1.3,1.97,,,,22.5,,
2021-07-20,0.05,0.2,0.69,1.23,1.88,1.03,-1.03,2.26,1.635,3.465,1.29,1.98,,,,19.73,,
2021-07-21,0.05,0.22,0.74,1.3,1.94,1.08,-0.98,2.28,1.615,3.4299999999999997,1.27,1.96,,,,17.91,,
2021-07-22,0.05,0.2,0.71,1.27,1.9,1.07,-1.01,2.28,1.6099999999999999,3.4125,1.27,1.95,,,,17.69,,2.78
2021-07-23,0.05,0.22,0.72,1.3,1.92,1.08,-1.05,2.35,1.6,3.3775,1.27,1.93,,,,17.2,-0.661,
2021-07-26,0.05,0.22,0.73,1.29,1.93,1.07,-1.11,2.4,1.605,3.395,1.27,1.94,,,,17.58,,
2021-07-27,0.05,0.2,0.71,1.25,1.89,1.05,-1.13,2.38,1.615,3.4125,1.28,1.95,,,,19.36,,
2021-07-28,0.05,0.2,0.72,1.26,1.9,1.06,-1.15,2.41,1.6099999999999999,3.4299999999999997,1.26,1.96,,,,18.31,,
2021-07-29,0.06,0.2,0.73,1.28,1.91,1.08,-1.15,2.43,1.585,3.395,1.23,1.94,,,,17.7,,2.8
2021-07-30,0.06,0.19,0.69,1.24,1.89,1.05,-1.16,2.4,1.6099999999999999,3.4125,1.27,1.95,,,,18.24,-0.655,
2021-08-01,,,,,,,,,,,,,278.997,100.0437,5.1,,,
2021-08-02,0.05,0.17,0.66,1.2,1.86,1.03,-1.17,2.37,1.615,3.4125,1.28,1.95,,,,19.46,,
2021-08-03,0.05,0.17,0.65,1.19,1.85,1.02,-1.19,2.38,1.635,3.4475,1.3,1.97,,,,18.04,,
2021-08-04,0.05,0.17,0.67,1.19,1.83,1.02,-1.16,2.35,1.63,3.4299999999999997,1.3,1.96,,,,17.97,,
2021-08-05,0.05,0.21,0.72,1.23,1.86,1.02,-1.1,2.33,1.6099999999999999,3.4125,1.27,1.95,,,,17.28,,2.77
2021-08-06,0.06,0.21,0.77,1.31,1.94,1.1,-1.06,2.37,1.605,3.395,1.27,1.94,,,,16.15,-0.651,
2021-08-09,0.06,0.23,0.79,1.33,1.96,1.1,-1.04,2.37,1.6099999999999999,3.4125,1.27,1.95,,,,16.72,,
2021-08-10,0.05,0.24,0.82,1.36,1.99,1.12,-1.04,2.4,1.605,3.4125,1.26,1.95,,,,16.79,,
2021-08-11,0.05,0.23,0.81,1.35,1.99,1.12,-1.07,2.42,1.65,3.4825,1.31,1.99,,,,16.06,,
2021-08-12,0.06,0.23,0.83,1.36,2.03,1.13,-1.05,2.41,1.645,3.4825,1.3,1.99,,,,15.59,,2.87
2021-08-13,0.06,0.23,0.79,1.29,1.94,1.06,-1.08,2.37,1.635,3.465,1.29,1.98,,,,15.45,-0.648,
2021-08-16,0.06,0.21,0.75,1.26,1.92,1.05,-1.1,2.36,1.625,3.4475,1.28,1.97,,,,16.12,,
2021-08-17,0.07,0.23,0.77,1.26,1.92,1.03,-1.07,2.33,1.63,3.465,1.28,1.98,,,,17.91,,
2021-08-18,0.07,0.23,0.79,1.27,1.91,1.04,-1.05,2.32,1.615,3.4475,1.26,1.97,,,,21.57,,
2021-08-19,0.06,0.22,0.78,1.24,1.88,1.02,-1.04,2.28,1.63,3.465,1.28,1.98,,,,21.67,,2.86
2021-08-20,0.05,0.23,0.8,1.26,1.87,1.03,-1.01,2.27,1.605,3.4299999999999997,1.25,1.96,,,,18.56,-0.646,
2021-08-23,0.05,0.23,0.78,1.25,1.87,1.02,-1.02,2.27,1.605,3.4475,1.24,1.97,,,,17.15,,
2021-08-24,0.05,0.24,0.8,1.29,1.91,1.05,-1.01,2.3,1.595,3.4125,1.24,1.95,,,,17.22,,
2021-08-25,0.06,0.23,0.84,1.35,1.96,1.12,-1.0,2.35,1.58,3.3775,1.23,1.93,,,,16.79,,
2021-08-26,0.05,0.25,0.84,1.34,1.94,1.09,-0.99,2.33,1.575,3.36,1.23,1.92,,,,18.84,,2.87
2021-08-27,0.05,0.22,0.79,1.31,1.91,1.09,-1.08,2.39,1.575,3.36,1.23,1.92,,,,16.39,-0.647,
2021-08-30,0.05,0.2,0.77,1.29,1.9,1.09,-1.08,2.37,1.5699999999999998,3.36,1.22,1.92,,,,16.19,,
2021-08-31,0.04,0.2,0.77,1.3,1.92,1.1,-1.03,2.33,1.5899999999999999,3.395,1.24,1.94,,,,16.48,,
2021-09-01,0.05,0.2,0.78,1.31,1.92,1.11,-1.03,2.34,1.575,3.36,1.23,1.92,279.698,98.8579,4.7,16.11,,
2021-09-02,0.05,0.2,0.78,1.29,1.9,1.09,-1.03,2.32,1.5699999999999998,3.36,1.22,1.92,,,,16.41,,2.87
2021-09-03,0.05,0.21,0.78,1.33,1.94,1.12,-1.01,2.34,1.56,3.3425,1.21,1.91,,,,16.41,-0.648,
2021-09-06,,,,,,,,,,,,,,,,,,
2021-09-07,0.05,0.22,0.82,1.38,1.99,1.16,-0.98,2.36,1.56,3.3425,1.21,1.91,,,,18.14,,
2021-09-08,0.05,0.22,0.81,1.35,1.95,1.13,-1.03,2.38,1.555,3.3425,1.2,1.91,,,,17.96,,
2021-09-09,0.04,0.23,0.79,1.3,1.9,1.07,-1.08,2.38,1.555,3.3249999999999997,1.21,1.9,,,,18.8,,2.88
2021-09-10,0.05,0.23,0.82,1.35,1.94,1.12,-1.05,2.4,1.52,3.29,1.16,1.88,,,,20.95,-0.65,
2021-09-13,0.06,0.21,0.81,1.33,1.91,1.12,-1.04,2.37,1.51,3.2725,1.15,1.87,,,,19.37,,
2021-09-14,0.04,0.21,0.79,1.28,1.85,1.07,-1.05,2.33,1.505,3.2725,1.14,1.87,,,,19.46,,
2021-09-15,0.04,0.21,0.81,1.31,1.87,1.1,-1.04,2.35,1.49,3.2375000000000003,1.13,1.85,,,,18.18,,
2021-09-16,0.04,0.23,0.84,1.34,1.88,1.11,-1.01,2.35,1.475,3.22,1.11,1.84,,,,18.69,,2.86
2021-09-17,0.04,0.23,0.88,1.37,1.91,1.14,-0.96,2.33,1.4700000000000002,3.2025,1.11,1.83,,,,20.81,-0.652,
2021-09-20,0.04,0.23,0.83,1.31,1.85,1.08,-0.98,2.29,1.475,3.22,1.11,1.84,,,,25.71,,
2021-09-21,0.03,0.22,0.84,1.33,1.86,1.11,-0.96,2.29,1.475,3.2025,1.12,1.83,,,,24.36,,
2021-09-22,0.03,0.25,0.86,1.32,1.84,1.07,-0.96,2.28,1.48,3.2025,1.13,1.83,,,,20.87,,
2021-09-23,0.03,0.27,0.94,1.41,1.92,1.14,-0.9,2.31,1.46,3.1675,1.11,1.81,,,,18.63,,2.88
2021-09-24,0.03,0.29,0.97,1.47,1.99,1.18,-0.87,2.34,1.46,3.15,1.12,1.8,,,,17.75,-0.653,
2021-09-27,0.04,0.31,0.98,1.48,1.99,1.17,-0.87,2.35,1.445,3.115,1.11,1.78,,,,18.76,,
2021-09-28,0.04,0.31,1.02,1.54,2.07,1.23,-0.84,2.38,1.47,3.15,1.14,1.8,,,,23.25,,
2021-09-29,0.04,0.3,1.01,1.55,2.09,1.25,-0.82,2.37,1.475,3.1675,1.14,1.81,,,,22.56,,
2021-09-30,0.04,0.28,0.98,1.52,2.08,1.24,-0.85,2.37,1.5150000000000001,3.2375000000000003,1.18,1.85,,,,23.14,,3.01
2021-10-01,0.04,0.27,0.93,1.48,2.04,1.21,-0.9,2.38,1.51,3.2375000000000003,1.17,1.85,281.668,100.1861,4.5,21.15,-0.654,
2021-10-04,0.04,0.27,0.95,1.49,2.05,1.22,-0.89,2.38,1.505,3.2375000000000003,1.16,1.85,,,,22.96,,
2021-10-05,0.04,0.28,0.98,1.54,2.1,1.26,-0.91,2.45,1.505,3.22,1.17,1.84,,,,21.3,,
2021-10-06,0.04,0.3,0.99,1.53,2.08,1.23,-0.9,2.43,1.5,3.22,1.16,1.84,,,,21.0,,
2021-10-07,0.05,0.32,1.02,1.58,2.13,1.26,-0.88,2.46,1.51,3.2375000000000003,1.17,1.85,,,,19.54,,2.99
2021-10-08,0.05,0.32,1.05,1.61,2.16,1.29,-0.89,2.5,1.5,3.22,1.16,1.84,,,,18.77,-0.652,
2021-10-11,,,,,,,,,,,,,,,,20.0,,
2021-10-12,0.06,0.35,1.08,1.59,2.1,1.24,-0.9,2.49,1.49,3.185,1.16,1.82,,,,19.85,,
2021-10-13,0.05,0.37,1.09,1.56,2.05,1.19,-0.96,2.52,1.445,3.1325000000000003,1.1,1.79,,,,18.64,,
2021-10-14,0.05,0.36,1.05,1.52,2.02,1.16,-1.0,2.52,1.455,3.1675,1.1,1.81,,,,16.86,,3.05
2021-10-15,0.05,0.41,1.13,1.59,2.05,1.18,-0.97,2.56,1.415,3.08,1.07,1.76,,,,16.3,-0.646,
2021-10-18,0.06,0.44,1.16,1.59,2.01,1.15,-0.95,2.54,1.38,3.01,1.04,1.72,,,,16.31,,
2021-10-19,0.05,0.41,1.17,1.65,2.09,1.24,-0.89,2.54,1.385,3.01,1.05,1.72,,,,15.7,,
2021-10-20,0.05,0.4,1.16,1.65,2.12,1.25,-0.92,2.57,1.415,3.0625,1.08,1.75,,,,15.49,,
2021-10-21,0.06,0.45,1.23,1.68,2.13,1.23,-0.96,2.64,1.4100000000000001,3.045,1.08,1.74,,,,15.01,,3.09
2021-10-22,0.06,0.48,1.22,1.66,2.08,1.18,-0.98,2.64,1.3900000000000001,3.01,1.06,1.72,,,,15.43,-0.636,
2021-10-25,0.06,0.47,1.19,1.64,2.09,1.17,-1.02,2.66,1.405,3.0275,1.08,1.73,,,,15.24,,
2021-10-26,0.06,0.47,1.2,1.63,2.05,1.16,-1.06,2.69,1.3900000000000001,2.9924999999999997,1.07,1.71,,,,15.98,,
2021-10-27,0.06,0.5,1.16,1.54,1.95,1.04,-1.11,2.65,1.37,2.9575,1.05,1.69,,,,16.98,,
2021-10-28,0.06,0.5,1.18,1.57,1.96,1.07,-1.0,2.57,1.365,2.9575,1.04,1.69,,,,16.53,,3.14
2021-10-29,0.05,0.48,1.18,1.55,1.93,1.07,-0.96,2.51,1.365,2.9575,1.04,1.69,,,,16.26,-0.622,
2021-11-01,0.05,0.5,1.2,1.58,1.98,1.08,-0.92,2.5,1.3599999999999999,2.9575,1.03,1.69,283.406,100.8654,4.1,16.41,,
2021-11-02,0.05,0.46,1.15,1.56,1.96,1.1,-0.95,2.51,1.3900000000000001,2.9924999999999997,1.07,1.71,,,,16.03,,
2021-11-03,0.05,0.47,1.19,1.6,2.0,1.13,-0.93,2.53,1.37,2.975,1.04,1.7,,,,15.1,,
2021-11-04,0.04,0.41,1.1,1.53,1.96,1.12,-1.03,2.56,1.3900000000000001,3.0275,1.05,1.73,,,,15.44,,3.09
2021-11-05,0.05,0.39,1.04,1.45,1.87,1.06,-1.09,2.54,1.3900000000000001,3.0275,1.05,1.73,,,,16.48,-0.604,
2021-11-08,0.06,0.45,1.13,1.51,1.89,1.06,-1.11,2.62,1.33,2.9225,0.99,1.67,,,,17.22,,
2021-11-09,0.04,0.41,1.08,1.46,1.83,1.05,-1.17,2.63,1.335,2.9225,1.0,1.67,,,,17.78,,
2021-11-10,0.05,0.51,1.23,1.56,1.92,1.05,-1.14,2.7,1.335,2.905,1.01,1.66,,,,18.73,,2.98
2021-11-11,,,,,,,,,,,,,,,,17.66,,
2021-11-12,0.05,0.53,1.24,1.58,1.95,1.05,-1.15,2.73,1.3599999999999999,2.9575,1.03,1.69,,,,16.29,-0.585,
2021-11-15,0.05,0.53,1.26,1.63,2.01,1.1,-1.13,2.76,1.365,2.975,1.03,1.7,,,,16.49,,
2021-11-16,0.05,0.54,1.27,1.63,2.02,1.09,-1.1,2.73,1.4,3.01,1.08,1.72,,,,16.37,,
2021-11-17,0.05,0.52,1.24,1.6,2.0,1.08,-1.1,2.7,1.4,3.045,1.06,1.74,,,,17.11,,
2021-11-18,0.05,0.52,1.22,1.59,1.97,1.07,-1.14,2.73,1.415,3.0275,1.1,1.73,,,,17.59,,3.1
2021-11-19,0.05,0.52,1.22,1.54,1.91,1.02,-1.11,2.65,1.4100000000000001,3.0275,1.09,1.73,,,,17.91,-0.567,
2021-11-22,0.05,0.63,1.33,1.63,1.98,1.0,-0.98,2.61,1.3900000000000001,2.9924999999999997,1.07,1.71,,,,19.17,,
2021-11-23,0.06,0.6,1.33,1.67,2.02,1.07,-0.95,2.62,1.4100000000000001,3.0275,1.09,1.73,,,,19.38,,
2021-11-24,0.06,0.64,1.34,1.64,1.96,1.0,-0.97,2.61,1.4,3.01,1.08,1.72,,,,18.58,,3.1
2021-11-25,,,,,,,,,,,,,,,,,,
2021-11-26,0.06,0.5,1.16,1.48,1.83,0.98,-1.07,2.55,1.475,3.185,1.13,1.82,,,,28.62,-0.551,
2021-11-29,0.06,0.51,1.18,1.52,1.87,1.01,-1.02,2.54,1.48,3.1675,1.15,1.81,,,,22.96,,
2021-11-30,0.05,0.52,1.14,1.43,1.78,0.91,-1.07,2.5,1.475,3.1675,1.14,1.81,,,,27.19,,
2021-12-01,0.06,0.56,1.15,1.43,1.77,0.87,-1.01,2.44,1.4849999999999999,3.1675,1.16,1.81,285.18,100.5726,3.9,31.12,,
2021-12-02,0.05,0.63,1.21,1.44,1.76,0.81,-1.03,2.47,1.475,3.15,1.15,1.8,,,,27.95,,3.11
2021-12-03,0.06,0.6,1.13,1.35,1.69,0.75,-1.08,2.43,1.475,3.1675,1.14,1.81,,,,30.67,-0.54,
2021-12-06,0.05,0.65,1.21,1.43,1.75,0.78,-1.01,2.44,1.4500000000000002,3.1325000000000003,1.11,1.79,,,,27.18,,
2021-12-07,0.06,0.7,1.26,1.48,1.8,0.78,-0.99,2.47,1.415,3.0625,1.08,1.75,,,,21.89,,
2021-12-08,0.07,0.68,1.27,1.52,1.87,0.84,-1.0,2.52,1.4500000000000002,3.1325000000000003,1.11,1.79,,,,19.9,,
2021-12-09,0.06,0.7,1.26,1.49,1.87,0.79,-0.98,2.47,1.4849999999999999,3.1675,1.16,1.81,,,,21.58,,3.1
2021-12-10,0.06,0.67,1.25,1.48,1.88,0.81,-0.96,2.44,1.51,3.2025,1.19,1.83,,,,18.69,-0.538,
2021-12-13,0.05,0.66,1.21,1.42,1.81,0.76,-0.98,2.4,1.5,3.185,1.18,1.82,,,,20.31,,
2021-12-14,0.05,0.67,1.23,1.44,1.82,0.77,-0.93,2.37,1.49,3.185,1.16,1.82,,,,21.89,,
2021-12-15,0.05,0.69,1.26,1.47,1.86,0.78,-0.92,2.39,1.5150000000000001,3.2025,1.2,1.83,,,,19.29,,
2021-12-16,0.05,0.64,1.19,1.44,1.87,0.8,-0.98,2.42,1.55,3.2725,1.23,1.87,,,,20.57,,3.12
2021-12-17,0.05,0.66,1.18,1.41,1.82,0.75,-0.97,2.38,1.545,3.2725,1.22,1.87,,,,21.57,-0.541,
2021-12-20,0.07,0.65,1.17,1.43,1.85,0.78,-0.96,2.39,1.56,3.3074999999999997,1.23,1.89,,,,22.87,,
2021-12-21,0.07,0.7,1.24,1.48,1.89,0.78,-0.96,2.44,1.5499999999999998,3.29,1.22,1.88,,,,21.01,,
2021-12-22,0.08,0.68,1.23,1.46,1.86,0.78,-1.01,2.47,1.545,3.2550000000000003,1.23,1.86,,,,18.63,,
2021-12-23,0.07,0.71,1.25,1.5,1.91,0.79,-0.97,2.47,1.55,3.2550000000000003,1.24,1.86,,,,17.96,,3.05
2021-12-24,,,,,,,,,,,,,,,,,-0.548,
2021-12-27,0.06,0.76,1.26,1.48,1.88,0.72,-1.02,2.5,1.5550000000000002,3.2550000000000003,1.25,1.86,,,,17.68,,
2021-12-28,0.06,0.74,1.27,1.49,1.9,0.75,-1.01,2.5,1.54,3.2550000000000003,1.22,1.86,,,,17.54,,
2021-12-29,0.05,0.75,1.29,1.55,1.96,0.8,-0.98,2.53,1.5,3.2375000000000003,1.15,1.85,,,,16.95,,
2021-12-30,0.05,0.73,1.27,1.52,1.93,0.79,-1.06,2.58,1.52,3.2375000000000003,1.19,1.85,,,,17.33,,3.11
2021-12-31,0.06,0.73,1.26,1.52,1.9,0.79,-1.04,2.56,,,,,,,,17.22,-0.556,
2022-01-01,,,,,,,,,,,,,286.757,100.1856,4.0,,,
2022-01-03,0.08,0.78,1.37,1.63,2.01,0.85,-0.97,2.6,1.49,3.185,1.16,1.82,,,,16.6,,
2022-01-04,0.08,0.77,1.37,1.66,2.07,0.89,-0.91,2.57,1.5,3.22,1.16,1.84,,,,16.91,,
2022-01-05,0.09,0.83,1.43,1.71,2.09,0.88,-0.82,2.53,1.4649999999999999,3.15,1.13,1.8,,,,19.73,,
2022-01-06,0.1,0.88,1.47,1.73,2.09,0.85,-0.73,2.46,1.4300000000000002,3.115,1.08,1.78,,,,19.61,,3.22
2022-01-07,0.1,0.87,1.5,1.76,2.11,0.89,-0.72,2.48,1.4500000000000002,3.115,1.12,1.78,,,,18.76,-0.562,
2022-01-10,0.13,0.92,1.53,1.78,2.11,0.86,-0.7,2.48,1.45,3.08,1.14,1.76,,,,19.4,,
2022-01-11,0.11,0.9,1.51,1.75,2.08,0.85,-0.79,2.54,1.435,3.08,1.11,1.76,,,,18.41,,
2022-01-12,0.12,0.92,1.5,1.74,2.08,0.82,-0.74,2.48,1.445,3.0975,1.12,1.77,,,,17.62,,
2022-01-13,0.12,0.91,1.47,1.7,2.05,0.79,-0.73,2.43,1.4649999999999999,3.15,1.13,1.8,,,,20.31,,3.45
2022-01-14,0.13,0.99,1.55,1.78,2.12,0.79,-0.66,2.44,1.4649999999999999,3.1325000000000003,1.14,1.79,,,,19.19,-0.562,
2022-01-17,,,,,,,,,,,,,,,,,,
2022-01-18,0.16,1.06,1.65,1.87,2.18,0.81,-0.59,2.46,1.455,3.115,1.13,1.78,,,,22.79,,
2022-01-19,0.17,1.04,1.62,1.83,2.14,0.79,-0.57,2.4,1.445,3.0975,1.12,1.77,,,,23.85,,
2022-01-20,0.17,1.08,1.62,1.83,2.14,0.75,-0.5,2.33,1.48,3.1325000000000003,1.17,1.79,,,,25.59,,3.56
2022-01-21,0.17,1.01,1.54,1.75,2.07,0.74,-0.59,2.34,1.52,3.22,1.2,1.84,,,,28.85,-0.555,
2022-01-24,0.19,0.99,1.53,1.75,2.1,0.76,-0.63,2.38,1.58,3.3074999999999997,1.27,1.89,,,,29.9,,
2022-01-25,0.19,1.02,1.56,1.78,2.12,0.76,-0.63,2.41,1.585,3.3425,1.26,1.91,,,,31.16,,
2022-01-26,0.19,1.13,1.66,1.85,2.16,0.72,-0.53,2.38,1.53,3.22,1.22,1.84,,,,31.96,,
2022-01-27,0.2,1.18,1.66,1.81,2.09,0.63,-0.59,2.4,1.53,3.2550000000000003,1.2,1.86,,,,30.49,,3.55
2022-01-28,0.19,1.15,1.61,1.78,2.07,0.63,-0.66,2.44,1.5899999999999999,3.3425,1.27,1.91,,,,27.66,-0.541,
2022-01-31,0.22,1.18,1.62,1.79,2.11,0.61,-0.65,2.44,1.6,3.3775,1.27,1.93,,,,24.83,,
2022-02-01,0.19,1.18,1.63,1.81,2.12,0.63,-0.62,2.43,1.595,3.36,1.27,1.92,288.273,100.8064,3.9,21.96,,
2022-02-02,0.19,1.16,1.6,1.78,2.11,0.62,-0.63,2.41,1.5899999999999999,3.3425,1.27,1.91,,,,22.09,,
2022-02-03,0.2,1.19,1.66,1.82,2.14,0.63,-0.56,2.38,1.6099999999999999,3.36,1.3,1.92,,,,24.35,,3.55
2022-02-04,0.23,1.31,1.78,1.93,2.23,0.62,-0.48,2.41,1.605,3.36,1.29,1.92,,,,23.22,-0.522,
2022-02-07,0.27,1.3,1.76,1.92,2.22,0.62,-0.48,2.4,1.605,3.3775,1.28,1.93,,,,22.86,,
2022-02-08,0.25,1.35,1.81,1.96,2.25,0.61,-0.46,2.42,1.58,3.3425,1.25,1.91,,,,21.44,,
2022-02-09,0.26,1.36,1.82,1.94,2.25,0.58,-0.48,2.42,1.575,3.36,1.23,1.92,,,,19.96,,
2022-02-10,0.4,1.61,1.96,2.03,2.3,0.42,-0.42,2.45,1.565,3.3425,1.22,1.91,,,,23.91,,3.69
2022-02-11,0.36,1.5,1.84,1.92,2.24,0.42,-0.51,2.43,1.65,3.5,1.3,2.0,,,,27.36,-0.497,
2022-02-14,0.43,1.58,1.9,1.98,2.29,0.4,-0.5,2.48,1.6400000000000001,3.5,1.28,2.0,,,,28.33,,
2022-02-15,0.4,1.58,1.94,2.05,2.37,0.47,-0.43,2.48,1.625,3.4825,1.26,1.99,,,,25.7,,
2022-02-16,0.38,1.52,1.9,2.03,2.34,0.51,-0.43,2.46,1.685,3.5874999999999995,1.32,2.05,,,,24.29,,
2022-02-17,0.36,1.49,1.85,1.97,2.31,0.48,-0.46,2.43,1.745,3.71,1.37,2.12,,,,28.11,,3.92
2022-02-18,0.35,1.47,1.82,1.92,2.24,0.45,-0.49,2.41,1.75,3.7275,1.37,2.13,,,,27.75,-0.468,
2022-02-21,,,,,,,,,,,,,,,,,,
2022-02-22,0.37,1.56,1.85,1.94,2.24,0.38,-0.51,2.45,1.765,3.7275,1.4,2.13,,,,28.81,,
2022-02-23,0.34,1.58,1.89,1.99,2.29,0.41,-0.54,2.53,1.735,3.6750000000000003,1.37,2.1,,,,31.02,,
2022-02-24,0.32,1.54,1.84,1.96,2.28,0.42,-0.59,2.55,1.82,3.9200000000000004,1.4,2.24,,,,30.32,,3.89
2022-02-25,0.33,1.55,1.86,1.97,2.29,0.42,-0.57,2.54,1.8,3.8500000000000005,1.4,2.2,,,,27.59,-0.439,
2022-02-28,0.35,1.44,1.71,1.83,2.17,0.39,-0.79,2.62,1.8849999999999998,4.095,1.43,2.34,,,,30.15,,
2022-03-01,0.32,1.31,1.56,1.72,2.11,0.41,-0.9,2.62,1.865,3.9375,1.48,2.25,289.056,101.3907,3.7,33.32,,
2022-03-02,0.34,1.5,1.74,1.86,2.24,0.36,-0.85,2.71,1.85,3.9200000000000004,1.46,2.24,,,,30.74,,
2022-03-03,0.38,1.53,1.74,1.86,2.24,0.33,-0.83,2.69,1.8450000000000002,3.9200000000000004,1.45,2.24,,,,30.48,,3.76
2022-03-04,0.34,1.5,1.65,1.74,2.16,0.24,-0.93,2.67,1.905,4.0425,1.5,2.31,,,,31.98,-0.412,
2022-03-07,0.38,1.55,1.71,1.78,2.19,0.23,-0.99,2.77,1.9249999999999998,4.06,1.53,2.32,,,,36.45,,
2022-03-08,0.36,1.63,1.8,1.86,2.24,0.23,-1.04,2.9,1.9500000000000002,4.1125,1.55,2.35,,,,35.13,,
2022-03-09,0.38,1.68,1.87,1.94,2.29,0.26,-0.9,2.84,1.895,4.06,1.47,2.32,,,,32.45,,
2022-03-10,0.39,1.72,1.92,1.98,2.38,0.26,-0.88,2.86,1.95,4.165,1.52,2.38,,,,30.23,,3.85
2022-03-11,0.4,1.75,1.96,2.0,2.36,0.25,-0.94,2.94,1.9100000000000001,4.1125,1.47,2.35,,,,30.75,-0.391,
2022-03-14,0.45,1.87,2.1,2.14,2.47,0.27,-0.79,2.93,1.88,4.077500000000001,1.43,2.33,,,,31.77,,
2022-03-15,0.46,1.85,2.1,2.15,2.49,0.3,-0.69,2.84,1.92,4.13,1.48,2.36,,,,29.83,,
2022-03-16,0.44,1.95,2.18,2.19,2.46,0.24,-0.61,2.8,1.8,3.9025,1.37,2.23,,,,26.67,,
2022-03-17,0.4,1.94,2.17,2.2,2.5,0.26,-0.71,2.91,1.72,3.7975,1.27,2.17,,,,25.67,,4.16
2022-03-18,0.42,1.97,2.14,2.14,2.42,0.17,-0.72,2.86,1.6400000000000001,3.745,1.14,2.14,,,,23.87,-0.379,
2022-03-21,0.54,2.14,2.33,2.32,2.55,0.18,-0.58,2.9,1.605,3.6224999999999996,1.14,2.07,,,,23.53,,
2022-03-22,0.51,2.18,2.39,2.38,2.6,0.2,-0.53,2.91,1.5899999999999999,3.5874999999999995,1.13,2.05,,,,22.94,,
2022-03-23,0.5,2.13,2.34,2.32,2.52,0.19,-0.62,2.94,1.6099999999999999,3.5524999999999998,1.19,2.03,,,,23.57,,
2022-03-24,0.52,2.13,2.37,2.34,2.51,0.21,-0.58,2.92,1.5799999999999998,3.5174999999999996,1.15,2.01,,,,21.67,,4.42
2022-03-25,0.55,2.3,2.55,2.48,2.6,0.18,-0.47,2.95,1.51,3.4299999999999997,1.06,1.96,,,,20.81,-0.374,
2022-03-28,0.59,2.35,2.54,2.46,2.57,0.11,-0.49,2.95,1.495,3.395,1.05,1.94,,,,19.63,,
2022-03-29,0.55,2.35,2.49,2.41,2.53,0.06,-0.45,2.86,1.4849999999999999,3.3425,1.06,1.91,,,,18.9,,
2022-03-30,0.55,2.31,2.44,2.35,2.48,0.04,-0.51,2.86,1.49,3.3775,1.05,1.93,,,,19.33,,
2022-03-31,0.52,2.28,2.42,2.32,2.44,0.04,-0.52,2.84,1.495,3.3775,1.06,1.93,,,,20.56,,4.67
2022-04-01,0.53,2.44,2.55,2.39,2.44,-0.05,-0.41,2.8,1.37,3.1675,0.93,1.81,290.514,101.44,3.7,19.63,-0.371,
2022-04-04,0.66,2.43,2.56,2.42,2.48,-0.01,-0.38,2.8,1.36,3.1675,0.91,1.81,,,,18.57,,
2022-04-05,0.65,2.51,2.69,2.54,2.57,0.03,-0.3,2.84,1.335,3.0975,0.9,1.77,,,,21.03,,
2022-04-06,0.67,2.5,2.7,2.61,2.63,0.11,-0.22,2.83,1.335,3.0975,0.9,1.77,,,,22.1,,
2022-04-07,0.68,2.47,2.7,2.66,2.69,0.19,-0.16,2.82,1.335,3.115,0.89,1.78,,,,21.55,,4.72
2022-04-08,0.7,2.53,2.76,2.72,2.76,0.19,-0.15,2.87,1.33,3.115,0.88,1.78,,,,21.16,-0.368,
2022-04-11,0.77,2.5,2.79,2.79,2.84,0.29,-0.12,2.91,1.38,3.185,0.94,1.82,,,,24.37,,
2022-04-12,0.74,2.39,2.66,2.72,2.82,0.33,-0.14,2.86,1.475,3.36,1.03,1.92,,,,24.26,,
2022-04-13,0.75,2.37,2.66,2.7,2.81,0.33,-0.1,2.8,1.505,3.395,1.07,1.94,,,,21.82,,
2022-04-14,0.79,2.47,2.79,2.83,2.92,0.36,-0.06,2.89,1.49,3.3775,1.05,1.93,,,,22.7,,5.0
2022-04-15,,,,,,,,,,,,,,,,,-0.362,
2022-04-18,0.81,2.46,2.79,2.85,2.95,0.39,-0.07,2.92,1.49,3.395,1.04,1.94,,,,22.17,,
2022-04-19,0.81,2.61,2.91,2.93,3.01,0.32,0.0,2.93,1.4649999999999999,3.3425,1.02,1.91,,,,21.37,,
2022-04-20,0.82,2.6,2.87,2.85,2.9,0.25,-0.07,2.92,1.4649999999999999,3.3425,1.02,1.91,,,,20.32,,
2022-04-21,0.83,2.68,2.96,2.9,2.94,0.22,-0.12,3.02,1.475,3.3775,1.02,1.93,,,,22.68,,5.11
2022-04-22,0.83,2.72,2.94,2.9,2.95,0.18,-0.08,2.98,1.51,3.4299999999999997,1.06,1.96,,,,28.21,-0.351,
2022-04-25,0.91,2.63,2.84,2.81,2.88,0.18,-0.1,2.91,1.5699999999999998,3.5524999999999998,1.11,2.03,,,,27.02,,
2022-04-26,0.83,2.54,2.79,2.77,2.86,0.23,-0.08,2.85,1.605,3.605,1.15,2.06,,,,33.52,,
2022-04-27,0.82,2.58,2.81,2.82,2.91,0.24,-0.06,2.88,1.5999999999999999,3.5874999999999995,1.15,2.05,,,,31.6,,
2022-04-28,0.82,2.63,2.86,2.85,2.92,0.22,-0.12,2.97,1.6,3.605,1.14,2.06,,,,29.99,,5.1
2022-04-29,0.85,2.7,2.92,2.89,2.96,0.19,0.01,2.88,1.585,3.5874999999999995,1.12,2.05,,,,33.4,-0.336,
2022-05-01,,,,,,,,,,,,,292.063,101.3335,3.6,,,
2022-05-02,0.9,2.73,3.01,2.99,3.07,0.26,0.18,2.81,1.635,3.64,1.19,2.08,,,,32.34,,
2022-05-03,0.91,2.78,3.01,2.97,3.03,0.19,0.14,2.83,1.5949999999999998,3.5874999999999995,1.14,2.05,,,,29.25,,
2022-05-04,0.89,2.66,2.93,2.93,3.01,0.27,0.07,2.86,1.615,3.64,1.15,2.08,,,,25.42,,
2022-05-05,0.85,2.71,3.01,3.05,3.15,0.34,0.18,2.87,1.665,3.6750000000000003,1.23,2.1,,,,31.2,,5.27
2022-05-06,0.85,2.72,3.06,3.12,3.23,0.4,0.26,2.86,1.625,3.6574999999999998,1.16,2.09,,,,30.19,-0.319,
2022-05-09,0.92,2.61,2.95,3.05,3.19,0.44,0.3,2.75,1.7,3.7975,1.23,2.17,,,,34.75,,
2022-05-10,0.89,2.62,2.91,2.99,3.12,0.37,0.34,2.65,1.685,3.7800000000000002,1.21,2.16,,,,32.99,,
2022-05-11,0.91,2.66,2.89,2.91,3.05,0.25,0.21,2.7,1.69,3.7975,1.21,2.17,,,,32.56,,
2022-05-12,0.96,2.56,2.81,2.84,3.0,0.28,0.25,2.59,1.705,3.8500000000000005,1.21,2.2,,,,31.77,,5.3
2022-05-13,1.03,2.61,2.89,2.93,3.1,0.32,0.24,2.69,1.75,3.9200000000000004,1.26,2.24,,,,28.87,-0.3,
2022-05-16,1.07,2.58,2.83,2.88,3.09,0.3,0.2,2.68,1.795,4.0075,1.3,2.29,,,,27.47,,
2022-05-17,1.06,2.71,2.96,2.98,3.17,0.27,0.27,2.71,1.775,3.9725,1.28,2.27,,,,26.1,,
2022-05-18,1.03,2.68,2.89,2.89,3.07,0.21,0.17,2.72,1.8,4.0425,1.29,2.31,,,,30.96,,
2022-05-19,1.05,2.63,2.84,2.84,3.05,0.21,0.25,2.59,1.855,4.1475,1.34,2.37,,,,29.35,,5.25
2022-05-20,1.03,2.6,2.8,2.78,2.99,0.18,0.23,2.55,1.845,4.13,1.33,2.36,,,,29.43,-0.281,
2022-05-23,1.07,2.65,2.88,2.86,3.08,0.21,0.26,2.6,1.81,4.077500000000001,1.29,2.33,,,,28.48,,
2022-05-24,1.06,2.5,2.76,2.76,2.98,0.26,0.21,2.55,1.8199999999999998,4.095,1.3,2.34,,,,29.45,,
2022-05-25,1.06,2.48,2.71,2.75,2.97,0.27,0.19,2.56,1.775,4.0075,1.26,2.29,,,,28.37,,
2022-05-26,1.07,2.46,2.7,2.75,2.99,0.29,0.13,2.62,1.74,3.9375,1.23,2.25,,,,27.5,,5.1
2022-05-27,1.08,2.47,2.71,2.74,2.97,0.27,0.11,2.63,1.7349999999999999,3.9549999999999996,1.21,2.26,,,,25.72,-0.259,
2022-05-30,,,,,,,,,,,,,,,,26.54,,
2022-05-31,1.16,2.53,2.81,2.85,3.07,0.32,0.21,2.64,1.665,3.8150000000000004,1.15,2.18,,,,26.19,,
2022-06-01,1.15,2.66,2.94,2.94,3.09,0.28,0.29,2.65,1.58,3.64,1.08,2.08,294.05,101.018,3.6,25.69,,
2022-06-02,1.17,2.65,2.92,2.92,3.09,0.27,0.26,2.66,1.6,3.6750000000000003,1.1,2.1,,,,24.72,,5.09
2022-06-03,1.21,2.66,2.95,2.96,3.11,0.3,0.22,2.74,1.595,3.6574999999999998,1.1,2.09,,,,24.79,-0.236,
2022-06-06,1.26,2.73,3.03,3.04,3.19,0.31,0.28,2.76,1.59,3.64,1.1,2.08,,,,25.07,,
2022-06-07,1.26,2.75,2.99,2.98,3.13,0.23,0.25,2.73,1.575,3.6224999999999996,1.08,2.07,,,,24.02,,
2022-06-08,1.28,2.78,3.03,3.03,3.18,0.25,0.28,2.75,1.585,3.6224999999999996,1.1,2.07,,,,23.96,,
2022-06-09,1.3,2.83,3.07,3.04,3.18,0.21,0.29,2.75,1.585,3.6224999999999996,1.1,2.07,,,,26.09,,5.23
2022-06-10,1.39,3.06,3.25,3.15,3.2,0.09,0.39,2.76,1.545,3.5700000000000003,1.05,2.04,,,,27.75,-0.212,
2022-06-13,1.73,3.4,3.56,3.43,3.42,0.03,0.69,2.74,1.495,3.465,1.01,1.98,,,,34.02,,
2022-06-14,1.83,3.45,3.61,3.49,3.45,0.04,0.89,2.6,1.5,3.4825,1.01,1.99,,,,32.69,,
2022-06-15,1.74,3.2,3.38,3.33,3.39,0.13,0.63,2.7,1.58,3.6750000000000003,1.06,2.1,,,,29.62,,
2022-06-16,1.59,3.14,3.35,3.28,3.35,0.14,0.66,2.62,1.63,3.7275,1.13,2.13,,,,32.95,,5.78
2022-06-17,1.63,3.17,3.34,3.25,3.3,0.08,0.67,2.58,1.6,3.7275,1.07,2.13,,,,31.13,-0.188,
2022-06-20,,,,,,,,,,,,,,,,31.03,,
2022-06-21,1.7,3.21,3.38,3.31,3.39,0.1,0.7,2.61,1.6099999999999999,3.7275,1.09,2.13,,,,30.19,,
2022-06-22,1.61,3.06,3.22,3.16,3.25,0.1,0.62,2.54,1.6400000000000001,3.7975,1.11,2.17,,,,28.95,,
2022-06-23,1.65,3.01,3.14,3.09,3.21,0.08,0.59,2.5,1.6600000000000001,3.8500000000000005,1.12,2.2,,,,29.05,,5.81
2022-06-24,1.73,3.04,3.18,3.13,3.26,0.09,0.57,2.56,1.6700000000000002,3.8850000000000002,1.12,2.22,,,,27.23,-0.172,
2022-06-27,1.79,3.08,3.24,3.2,3.31,0.12,0.65,2.55,1.6400000000000001,3.8325,1.09,2.19,,,,26.95,,
2022-06-28,1.79,3.1,3.25,3.2,3.3,0.1,0.72,2.48,1.6600000000000001,3.8850000000000002,1.1,2.22,,,,28.36,,
2022-06-29,1.78,3.06,3.15,3.1,3.22,0.04,0.74,2.36,1.6750000000000003,3.9200000000000004,1.11,2.24,,,,28.16,,
2022-06-30,1.72,2.92,3.01,2.98,3.14,0.06,0.65,2.33,1.76,4.0425,1.21,2.31,,,,28.71,,5.7
2022-07-01,1.73,2.84,2.88,2.88,3.11,0.04,0.54,2.34,1.9,4.234999999999999,1.38,2.42,295.088,101.223,3.5,26.7,-0.166,
2022-07-04,,,,,,,,,,,,,,,,27.53,,
2022-07-05,1.9,2.82,2.82,2.82,3.05,0.0,0.52,2.3,1.855,4.2175,1.3,2.41,,,,27.54,,
2022-07-06,1.9,2.97,2.96,2.93,3.14,-0.04,0.64,2.29,1.815,4.1825,1.24,2.39,,,,26.73,,
2022-07-07,1.95,3.03,3.05,3.01,3.2,-0.02,0.68,2.33,1.76,4.077500000000001,1.19,2.33,,,,26.08,,5.3
2022-07-08,1.98,3.12,3.13,3.09,3.27,-0.03,0.72,2.37,1.725,4.0425,1.14,2.31,,,,24.64,-0.17,
2022-07-11,2.18,3.07,3.05,2.99,3.18,-0.08,0.67,2.32,1.72,4.06,1.12,2.32,,,,26.17,,
2022-07-12,2.22,3.03,3.01,2.96,3.13,-0.07,0.64,2.32,1.74,4.0425,1.17,2.31,,,,27.29,,
2022-07-13,2.39,3.13,3.02,2.91,3.08,-0.22,0.6,2.31,1.7349999999999999,4.06,1.15,2.32,,,,26.82,,
2022-07-14,2.4,3.15,3.06,2.96,3.11,-0.19,0.62,2.34,1.72,4.0425,1.13,2.31,,,,26.4,,5.51
2022-07-15,2.37,3.13,3.05,2.93,3.1,-0.2,0.57,2.36,1.7199999999999998,4.0249999999999995,1.14,2.3,,,,24.23,-0.183,
2022-07-18,2.5,3.15,3.06,2.96,3.14,-0.19,0.59,2.37,1.6949999999999998,3.9899999999999998,1.11,2.28,,,,25.3,,
2022-07-19,2.52,3.23,3.14,3.01,3.17,-0.22,0.62,2.39,1.68,3.9549999999999996,1.1,2.26,,,,24.5,,
2022-07-20,2.51,3.25,3.18,3.04,3.17,-0.21,0.66,2.38,1.62,3.8500000000000005,1.04,2.2,,,,23.88,,
2022-07-21,2.48,3.1,3.0,2.91,3.08,-0.19,0.58,2.33,1.645,3.9025,1.06,2.23,,,,23.11,,5.54
2022-07-22,2.49,2.98,2.87,2.77,3.0,-0.21,0.43,2.34,1.71,3.9899999999999998,1.14,2.28,,,,23.03,-0.202,
2022-07-25,2.62,3.0,2.89,2.81,3.04,-0.19,0.45,2.36,1.7349999999999999,4.0425,1.16,2.31,,,,23.36,,
2022-07-26,2.55,3.02,2.89,2.81,3.03,-0.21,0.45,2.36,1.72,4.0075,1.15,2.29,,,,24.69,,
2022-07-27,2.44,2.96,2.82,2.78,3.03,-0.18,0.36,2.42,1.71,4.0249999999999995,1.12,2.3,,,,23.24,,
2022-07-28,2.42,2.85,2.69,2.68,3.02,-0.17,0.2,2.48,1.8199999999999998,4.234999999999999,1.22,2.42,,,,22.33,,5.3
2022-07-29,2.41,2.89,2.7,2.67,3.0,-0.22,0.14,2.53,1.77,4.13,1.18,2.36,,,,21.33,-0.22,
2022-08-01,2.56,2.9,2.66,2.6,2.92,-0.3,0.09,2.51,1.79,4.165,1.2,2.38,296.535,101.0963,3.6,22.84,,
2022-08-02,2.56,3.06,2.85,2.75,3.0,-0.31,0.27,2.48,1.72,4.0075,1.15,2.29,,,,23.93,,
2022-08-03,2.52,3.1,2.86,2.73,2.96,-0.37,0.23,2.5,1.7349999999999999,4.0075,1.18,2.29,,,,21.95,,
2022-08-04,2.5,3.03,2.76,2.68,2.97,-0.35,0.22,2.46,1.765,4.06,1.21,2.32,,,,21.44,,4.99
2022-08-05,2.58,3.24,2.97,2.83,3.06,-0.41,0.37,2.46,1.745,4.0075,1.2,2.29,,,,21.15,-0.233,
2022-08-08,2.65,3.21,2.91,2.77,3.0,-0.44,0.29,2.48,1.73,3.9549999999999996,1.2,2.26,,,,21.29,,
2022-08-09,2.67,3.28,2.97,2.8,3.01,-0.48,0.33,2.47,1.7049999999999998,3.9549999999999996,1.15,2.26,,,,21.77,,
2022-08-10,2.65,3.23,2.93,2.78,3.04,-0.45,0.35,2.43,1.74,4.0075,1.19,2.29,,,,19.74,,
2022-08-11,2.62,3.23,2.98,2.87,3.15,-0.36,0.4,2.47,1.745,4.0075,1.2,2.29,,,,20.2,,5.22
2022-08-12,2.63,3.25,2.97,2.84,3.12,-0.41,0.37,2.47,1.74,3.9725,1.21,2.27,,,,19.53,-0.24,
2022-08-15,2.72,3.2,2.91,2.79,3.1,-0.41,0.35,2.44,1.72,3.9725,1.17,2.27,,,,19.95,,
2022-08-16,2.7,3.25,2.95,2.82,3.11,-0.43,0.38,2.44,1.7349999999999999,3.9725,1.2,2.27,,,,19.69,,
2022-08-17,2.68,3.28,3.04,2.89,3.15,-0.39,0.43,2.46,1.715,3.9200000000000004,1.19,2.24,,,,19.9,,
2022-08-18,2.71,3.22,3.02,2.88,3.14,-0.34,0.36,2.52,1.7200000000000002,3.9200000000000004,1.2,2.24,,,,19.56,,5.13
2022-08-19,2.74,3.25,3.11,2.98,3.22,-0.27,0.43,2.55,1.725,3.9375,1.2,2.25,,,,20.6,-0.238,
2022-08-22,2.82,3.32,3.17,3.03,3.24,-0.29,0.46,2.57,1.7000000000000002,3.9200000000000004,1.16,2.24,,,,23.8,,
2022-08-23,2.8,3.29,3.18,3.05,3.26,-0.24,0.47,2.58,1.71,3.9200000000000004,1.18,2.24,,,,24.11,,
2022-08-24,2.82,3.36,3.2,3.11,3.32,-0.25,0.49,2.62,1.6949999999999998,3.9025,1.16,2.23,,,,22.82,,
2022-08-25,2.88,3.35,3.15,3.03,3.25,-0.32,0.43,2.6,1.6749999999999998,3.8674999999999997,1.14,2.21,,,,21.78,,5.55
2022-08-26,2.89,3.37,3.2,3.04,3.21,-0.33,0.47,2.57,1.655,3.8325,1.12,2.19,,,,25.56,-0.226,
2022-08-29,2.97,3.42,3.27,3.12,3.25,-0.3,0.54,2.58,1.65,3.8325,1.11,2.19,,,,26.21,,
2022-08-30,2.97,3.46,3.27,3.11,3.23,-0.35,0.56,2.55,1.6400000000000001,3.7975,1.11,2.17,,,,26.21,,
2022-08-31,2.96,3.45,3.3,3.15,3.27,-0.3,0.67,2.48,1.6500000000000001,3.8150000000000004,1.12,2.18,,,,25.87,,
2022-09-01,2.97,3.51,3.39,3.26,3.37,-0.25,0.81,2.45,1.685,3.8850000000000002,1.15,2.22,298.226,101.2918,3.5,25.56,,5.66
2022-09-02,2.94,3.4,3.3,3.2,3.35,-0.2,0.73,2.47,1.71,3.9200000000000004,1.18,2.24,,,,25.47,-0.205,
2022-09-05,,,,,,,,,,,,,,,,25.99,,
2022-09-06,3.04,3.5,3.43,3.33,3.49,-0.17,0.85,2.48,1.745,3.9725,1.22,2.27,,,,26.91,,
2022-09-07,3.07,3.45,3.37,3.27,3.42,-0.18,0.82,2.45,1.7000000000000002,3.9200000000000004,1.16,2.24,,,,24.64,,
2022-09-08,3.06,3.48,3.39,3.29,3.45,-0.19,0.88,2.41,1.72,3.9375,1.19,2.25,,,,23.61,,5.89
2022-09-09,3.08,3.56,3.45,3.33,3.47,-0.23,0.91,2.42,1.67,3.8500000000000005,1.14,2.2,,,,22.79,-0.179,
2022-09-12,3.17,3.58,3.47,3.37,3.53,-0.21,0.95,2.42,1.645,3.8500000000000005,1.09,2.2,,,,23.87,,
2022-09-13,3.28,3.75,3.58,3.42,3.51,-0.33,0.98,2.44,1.6300000000000001,3.8150000000000004,1.08,2.18,,,,27.27,,
2022-09-14,3.24,3.78,3.6,3.41,3.47,-0.37,0.95,2.46,1.595,3.7624999999999997,1.04,2.15,,,,26.16,,
2022-09-15,3.22,3.87,3.66,3.45,3.48,-0.42,1.02,2.43,1.5750000000000002,3.71,1.03,2.12,,,,26.27,,6.02
2022-09-16,3.2,3.85,3.62,3.45,3.52,-0.4,1.07,2.38,1.6300000000000001,3.8150000000000004,1.08,2.18,,,,26.3,-0.152,
2022-09-19,3.37,3.95,3.69,3.49,3.52,-0.46,1.15,2.34,1.5899999999999999,3.7624999999999997,1.03,2.15,,,,25.76,,
2022-09-20,3.35,3.96,3.75,3.57,3.59,-0.39,1.17,2.4,1.575,3.7275,1.02,2.13,,,,27.16,,
2022-09-21,3.31,4.02,3.74,3.51,3.5,-0.51,1.13,2.38,1.56,3.71,1.0,2.12,,,,27.99,,
2022-09-22,3.29,4.11,3.91,3.7,3.65,-0.41,1.29,2.41,1.5150000000000001,3.64,0.95,2.08,,,,27.35,,6.29
2022-09-23,3.24,4.2,3.96,3.69,3.61,-0.51,1.32,2.37,1.5299999999999998,3.6574999999999998,0.97,2.09,,,,29.92,-0.127,
2022-09-26,3.39,4.27,4.15,3.88,3.72,-0.39,1.56,2.32,1.4349999999999998,3.5174999999999996,0.86,2.01,,,,32.26,,
2022-09-27,3.35,4.3,4.21,3.97,3.87,-0.33,1.64,2.33,1.5150000000000001,3.64,0.95,2.08,,,,32.6,,
2022-09-28,3.4,4.07,3.92,3.72,3.7,-0.35,1.39,2.33,1.67,3.9375,1.09,2.25,,,,30.18,,
2022-09-29,3.36,4.16,3.98,3.76,3.71,-0.4,1.57,2.19,1.7,3.9725,1.13,2.27,,,,31.84,,6.7
2022-09-30,3.33,4.22,4.06,3.83,3.79,-0.39,1.68,2.15,1.6600000000000001,3.9200000000000004,1.08,2.24,,,,31.62,-0.108,
2022-10-01,,,,,,,,,,,,,299.399,101.2529,3.6,,,
2022-10-03,3.46,4.12,3.9,3.67,3.73,-0.45,1.43,2.24,1.73,4.0075,1.17,2.29,,,,30.1,,
2022-10-04,3.45,4.1,3.84,3.62,3.7,-0.48,1.38,2.24,1.71,3.9725,1.15,2.27,,,,29.07,,
2022-10-05,3.46,4.15,3.96,3.76,3.78,-0.39,1.54,2.22,1.6600000000000001,3.8850000000000002,1.1,2.22,,,,28.55,,
2022-10-06,3.46,4.23,4.05,3.83,3.81,-0.4,1.61,2.22,1.6,3.7800000000000002,1.04,2.16,,,,30.52,,6.66
2022-10-07,3.45,4.3,4.14,3.89,3.86,-0.41,1.62,2.27,1.5899999999999999,3.7975,1.01,2.17,,,,31.36,-0.1,
2022-10-10,,,,,,,,,,,,,,,,32.45,,
2022-10-11,3.67,4.3,4.14,3.93,3.92,-0.37,1.62,2.31,1.67,3.9025,1.11,2.23,,,,33.63,,
2022-10-12,3.7,4.28,4.12,3.91,3.9,-0.37,1.62,2.29,1.7349999999999999,3.9725,1.2,2.27,,,,33.57,,
2022-10-13,3.79,4.47,4.21,3.97,3.97,-0.5,1.63,2.34,1.6949999999999998,3.9899999999999998,1.11,2.28,,,,31.94,,6.92
2022-10-14,3.81,4.48,4.25,4.0,3.99,-0.48,1.59,2.41,1.685,3.9899999999999998,1.09,2.28,,,,32.02,-0.101,
2022-10-17,3.97,4.45,4.24,4.02,4.04,-0.43,1.57,2.45,1.68,3.9899999999999998,1.08,2.28,,,,31.37,,
2022-10-18,4.04,4.43,4.21,4.01,4.04,-0.42,1.6,2.41,1.69,3.9899999999999998,1.1,2.28,,,,30.5,,
2022-10-19,4.07,4.55,4.35,4.14,4.15,-0.41,1.72,2.42,1.675,3.9375,1.1,2.25,,,,30.76,,
2022-10-20,4.09,4.62,4.45,4.24,4.24,-0.38,1.73,2.51,1.6550000000000002,3.9200000000000004,1.07,2.24,,,,29.98,,6.94
2022-10-21,4.09,4.49,4.34,4.21,4.33,-0.28,1.69,2.52,1.765,4.13,1.17,2.36,,,,29.69,-0.111,
2022-10-24,4.16,4.5,4.36,4.25,4.4,-0.25,1.66,2.59,1.75,4.095,1.16,2.34,,,,29.85,,
2022-10-25,4.14,4.42,4.25,4.1,4.26,-0.32,1.59,2.51,1.7850000000000001,4.1475,1.2,2.37,,,,28.46,,
2022-10-26,4.11,4.39,4.2,4.04,4.19,-0.35,1.6,2.44,1.75,4.077500000000001,1.17,2.33,,,,27.28,,
2022-10-27,4.13,4.3,4.09,3.96,4.12,-0.34,1.51,2.45,1.755,4.095,1.17,2.34,,,,27.39,,7.08
2022-10-28,4.18,4.41,4.19,4.02,4.15,-0.39,1.51,2.51,1.705,4.0249999999999995,1.11,2.3,,,,25.75,-0.126,
2022-10-31,4.22,4.51,4.27,4.1,4.22,-0.41,1.58,2.52,1.68,3.9899999999999998,1.08,2.28,,,,25.88,,
2022-11-01,4.23,4.54,4.27,4.07,4.14,-0.47,1.56,2.51,1.62,3.8850000000000002,1.02,2.22,300.325,100.9552,3.6,25.81,,
2022-11-02,4.22,4.61,4.3,4.1,4.15,-0.51,1.57,2.53,1.58,3.8150000000000004,0.98,2.18,,,,25.86,,
2022-11-03,4.25,4.71,4.36,4.14,4.18,-0.57,1.74,2.4,1.6099999999999999,3.8325,1.03,2.19,,,,25.3,,6.95
2022-11-04,4.21,4.66,4.33,4.17,4.27,-0.49,1.69,2.48,1.6400000000000001,3.8850000000000002,1.06,2.22,,,,24.55,-0.144,
2022-11-07,4.29,4.72,4.39,4.22,4.34,-0.5,1.69,2.53,1.645,3.8850000000000002,1.07,2.22,,,,24.35,,
2022-11-08,4.28,4.67,4.31,4.14,4.28,-0.53,1.64,2.5,1.655,3.9025,1.08,2.23,,,,25.54,,
2022-11-09,4.29,4.61,4.27,4.12,4.31,-0.49,1.7,2.42,1.75,4.077500000000001,1.17,2.33,,,,26.09,,
2022-11-10,4.28,4.34,3.95,3.82,4.03,-0.52,1.43,2.39,1.7799999999999998,4.13,1.2,2.36,,,,23.53,,7.08
2022-11-11,,,,,,,,,,,,,,,,22.52,-0.16,
2022-11-14,4.34,4.4,4.0,3.88,4.07,-0.52,1.51,2.37,1.685,3.9725,1.1,2.27,,,,23.73,,
2022-11-15,4.31,4.37,3.93,3.8,3.98,-0.57,1.45,2.35,1.645,3.9025,1.06,2.23,,,,24.54,,
2022-11-16,4.32,4.35,3.83,3.67,3.85,-0.68,1.38,2.29,1.6600000000000001,3.9200000000000004,1.08,2.24,,,,24.11,,
2022-11-17,4.32,4.43,3.93,3.77,3.89,-0.66,1.49,2.28,1.59,3.8150000000000004,1.0,2.18,,,,23.93,,6.61
2022-11-18,4.34,4.51,3.99,3.82,3.92,-0.69,1.57,2.25,1.545,3.7275,0.96,2.13,,,,23.12,-0.173,
2022-11-21,4.41,4.48,3.97,3.83,3.91,-0.65,1.52,2.31,1.5,3.64,0.92,2.08,,,,22.36,,
2022-11-22,4.4,4.47,3.93,3.76,3.83,-0.71,1.44,2.32,1.5,3.6224999999999996,0.93,2.07,,,,21.29,,
2022-11-23,4.4,4.46,3.88,3.71,3.74,-0.75,1.39,2.32,1.435,3.535,0.85,2.02,,,,20.35,,6.58
2022-11-24,,,,,,,,,,,,,,,,20.42,,
2022-11-25,4.41,4.42,3.85,3.68,3.74,-0.74,1.36,2.32,1.465,3.605,0.87,2.06,,,,20.5,-0.181,
2022-11-28,4.41,4.46,3.88,3.69,3.74,-0.77,1.43,2.26,1.4649999999999999,3.5874999999999995,0.88,2.05,,,,22.21,,
2022-11-29,4.38,4.48,3.92,3.75,3.81,-0.73,1.5,2.25,1.47,3.605,0.88,2.06,,,,21.89,,
2022-11-30,4.37,4.38,3.82,3.68,3.8,-0.7,1.34,2.34,1.565,3.7624999999999997,0.98,2.15,,,,20.58,,
2022-12-01,4.33,4.25,3.68,3.53,3.64,-0.72,1.17,2.36,1.4949999999999999,3.6574999999999998,0.9,2.09,301.394,99.7664,3.5,19.84,,6.49
2022-12-02,4.34,4.28,3.67,3.51,3.56,-0.77,1.08,2.43,1.44,3.5524999999999998,0.85,2.03,,,,19.06,-0.186,
2022-12-05,4.36,4.41,3.8,3.6,3.62,-0.81,1.21,2.39,1.4,3.4825,0.81,1.99,,,,20.75,,
2022-12-06,4.37,4.34,3.73,3.51,3.52,-0.83,1.2,2.31,1.385,3.4475,0.8,1.97,,,,22.17,,
2022-12-07,4.29,4.26,3.62,3.42,3.42,-0.84,1.16,2.26,1.37,3.4125,0.79,1.95,,,,22.68,,
2022-12-08,4.28,4.31,3.71,3.48,3.44,-0.83,1.2,2.28,1.315,3.3425,0.72,1.91,,,,22.29,,6.33
2022-12-09,4.31,4.33,3.75,3.57,3.56,-0.76,1.31,2.26,1.3199999999999998,3.3249999999999997,0.74,1.9,,,,22.83,-0.19,
2022-12-12,4.38,4.39,3.8,3.61,3.57,-0.78,1.33,2.28,1.295,3.29,0.71,1.88,,,,25.0,,
2022-12-13,4.35,4.22,3.66,3.51,3.53,-0.71,1.27,2.24,1.33,3.3425,0.75,1.91,,,,22.55,,
2022-12-14,4.33,4.23,3.64,3.49,3.52,-0.74,1.3,2.19,1.37,3.4125,0.79,1.95,,,,21.14,,
2022-12-15,4.34,4.23,3.62,3.44,3.48,-0.79,1.28,2.16,1.385,3.4475,0.8,1.97,,,,22.83,,6.31
2022-12-16,4.31,4.17,3.61,3.48,3.53,-0.69,1.35,2.13,1.41,3.465,0.84,1.98,,,,22.62,-0.196,
2022-12-19,4.37,4.25,3.7,3.57,3.62,-0.68,1.42,2.15,1.395,3.465,0.81,1.98,,,,22.42,,
2022-12-20,4.35,4.25,3.79,3.69,3.74,-0.56,1.45,2.24,1.415,3.4825,0.84,1.99,,,,21.48,,
2022-12-21,4.33,4.21,3.78,3.68,3.74,-0.53,1.41,2.27,1.4349999999999998,3.5174999999999996,0.86,2.01,,,,20.07,,
2022-12-22,4.35,4.24,3.79,3.67,3.73,-0.57,1.48,2.19,1.415,3.4825,0.84,1.99,,,,21.97,,6.27
2022-12-23,4.34,4.31,3.86,3.75,3.82,-0.56,1.55,2.2,1.425,3.5,0.85,2.0,,,,20.87,-0.206,
2022-12-26,,,,,,,,,,,,,,,,,,
2022-12-27,4.46,4.32,3.94,3.84,3.93,-0.48,1.58,2.26,1.435,3.535,0.85,2.02,,,,21.65,,
2022-12-28,4.46,4.31,3.97,3.88,3.98,-0.43,1.6,2.28,1.4249999999999998,3.5174999999999996,0.84,2.01,,,,22.14,,
2022-12-29,4.45,4.34,3.94,3.83,3.92,-0.51,1.56,2.27,1.43,3.5174999999999996,0.85,2.01,,,,21.44,,6.42
2022-12-30,4.42,4.41,3.99,3.88,3.97,-0.53,1.58,2.3,1.405,3.4825,0.82,1.99,,,,21.67,-0.224,
2023-01-01,,,,,,,,,,,,,302.642,100.505,3.5,,,
2023-01-02,,,,,,,,,,,,,,,,,,
2023-01-03,4.53,4.4,3.94,3.79,3.88,-0.61,1.53,2.26,1.4649999999999999,3.5524999999999998,0.9,2.03,,,,22.9,,
2023-01-04,4.55,4.36,3.85,3.69,3.81,-0.67,1.47,2.22,1.4849999999999999,3.6224999999999996,0.9,2.07,,,,22.01,,
2023-01-05,4.66,4.45,3.9,3.71,3.78,-0.74,1.49,2.22,1.44,3.5524999999999998,0.85,2.03,,,,22.46,,6.48
2023-01-06,4.67,4.24,3.69,3.55,3.67,-0.69,1.34,2.21,1.49,3.6224999999999996,0.91,2.07,,,,21.13,-0.246,
2023-01-09,4.7,4.19,3.66,3.53,3.66,-0.66,1.31,2.22,1.455,3.535,0.89,2.02,,,,21.97,,
2023-01-10,4.73,4.24,3.72,3.61,3.74,-0.63,1.37,2.24,1.46,3.535,0.9,2.02,,,,20.58,,
2023-01-11,4.72,4.2,3.66,3.54,3.67,-0.66,1.31,2.23,1.425,3.4825,0.86,1.99,,,,21.09,,
2023-01-12,4.66,4.12,3.53,3.43,3.56,-0.69,1.22,2.21,1.415,3.4475,0.86,1.97,,,,18.83,,6.33
2023-01-13,4.67,4.22,3.6,3.49,3.61,-0.73,1.31,2.18,1.4,3.4125,0.85,1.95,,,,18.35,-0.27,
2023-01-16,,,,,,,,,,,,,,,,19.49,,
2023-01-17,4.71,4.18,3.6,3.53,3.64,-0.65,1.36,2.17,1.355,3.3425,0.8,1.91,,,,19.36,,
2023-01-18,4.69,4.06,3.43,3.37,3.54,-0.69,1.25,2.12,1.41,3.4299999999999997,0.86,1.96,,,,20.34,,
2023-01-19,4.71,4.09,3.48,3.39,3.57,-0.7,1.19,2.2,1.435,3.4825,0.88,1.99,,,,20.52,,6.15
2023-01-20,4.72,4.14,3.56,3.48,3.66,-0.66,1.25,2.23,1.43,3.465,0.88,1.98,,,,19.85,-0.291,
2023-01-23,4.73,4.21,3.61,3.52,3.69,-0.69,1.24,2.28,1.415,3.4299999999999997,0.87,1.96,,,,19.81,,
2023-01-24,4.72,4.12,3.58,3.46,3.62,-0.66,1.19,2.27,1.405,3.395,0.87,1.94,,,,19.2,,
2023-01-25,4.72,4.11,3.54,3.46,3.62,-0.65,1.17,2.29,1.425,3.4299999999999997,0.89,1.96,,,,19.08,,
2023-01-26,4.71,4.17,3.58,3.49,3.62,-0.68,1.16,2.33,1.38,3.3425,0.85,1.91,,,,18.73,,6.13
2023-01-27,4.73,4.19,3.62,3.52,3.64,-0.67,1.19,2.33,1.3499999999999999,3.29,0.82,1.88,,,,18.51,-0.308,
2023-01-30,4.72,4.25,3.68,3.55,3.66,-0.7,1.26,2.29,1.35,3.2725,0.83,1.87,,,,19.94,,
2023-01-31,4.7,4.21,3.63,3.52,3.65,-0.69,1.28,2.24,1.395,3.3249999999999997,0.89,1.9,,,,19.4,,
2023-02-01,4.66,4.09,3.48,3.39,3.55,-0.7,1.14,2.25,1.405,3.3425,0.9,1.91,304.123,100.6416,3.6,17.87,,
2023-02-02,4.66,4.09,3.49,3.4,3.55,-0.69,1.18,2.22,1.38,3.29,0.88,1.88,,,,18.73,,6.09
2023-02-03,4.7,4.3,3.67,3.53,3.63,-0.77,1.31,2.22,1.325,3.2025,0.82,1.83,,,,18.33,-0.315,
2023-02-06,4.71,4.44,3.81,3.63,3.67,-0.81,1.38,2.25,1.275,3.0975,0.78,1.77,,,,19.43,,
2023-02-07,4.71,4.47,3.85,3.67,3.72,-0.8,1.36,2.31,1.2850000000000001,3.115,0.79,1.78,,,,18.66,,
2023-02-08,4.72,4.45,3.82,3.63,3.7,-0.82,1.29,2.34,1.33,3.2025,0.83,1.83,,,,19.63,,
2023-02-09,4.77,4.48,3.87,3.67,3.75,-0.81,1.34,2.33,1.335,3.22,0.83,1.84,,,,20.71,,6.12
2023-02-10,4.79,4.5,3.93,3.74,3.83,-0.76,1.41,2.33,1.355,3.2375000000000003,0.86,1.85,,,,20.53,-0.311,
2023-02-13,4.81,4.52,3.93,3.72,3.79,-0.8,1.41,2.31,1.335,3.22,0.83,1.84,,,,20.34,,
2023-02-14,4.8,4.6,4.0,3.77,3.81,-0.83,1.46,2.31,1.295,3.1675,0.78,1.81,,,,18.91,,
2023-02-15,4.79,4.62,4.04,3.81,3.85,-0.81,1.46,2.35,1.3,3.185,0.78,1.82,,,,18.23,,
2023-02-16,4.84,4.62,4.06,3.86,3.92,-0.76,1.49,2.37,1.31,3.22,0.78,1.84,,,,20.17,,6.32
2023-02-17,4.84,4.6,4.03,3.82,3.88,-0.78,1.46,2.36,1.3599999999999999,3.3074999999999997,0.83,1.89,,,,20.02,-0.296,
2023-02-20,,,,,,,,,,,,,,,,21.23,,
2023-02-21,4.86,4.67,4.16,3.95,3.98,-0.72,1.53,2.42,1.34,3.2725,0.81,1.87,,,,22.87,,
2023-02-22,4.84,4.66,4.13,3.93,3.94,-0.73,1.52,2.41,1.315,3.2375000000000003,0.78,1.85,,,,22.29,,
2023-02-23,4.84,4.66,4.09,3.88,3.88,-0.78,1.49,2.39,1.33,3.2550000000000003,0.8,1.86,,,,21.14,,6.5
2023-02-24,4.86,4.78,4.19,3.95,3.93,-0.83,1.57,2.38,1.33,3.2550000000000003,0.8,1.86,,,,21.67,-0.271,
2023-02-27,4.89,4.78,4.17,3.92,3.93,-0.86,1.56,2.36,1.34,3.2725,0.81,1.87,,,,20.95,,
2023-02-28,4.88,4.81,4.18,3.92,3.93,-0.89,1.49,2.43,1.3699999999999999,3.3249999999999997,0.84,1.9,,,,20.7,,
2023-03-01,4.9,4.89,4.27,4.01,3.97,-0.88,1.57,2.44,1.3050000000000002,3.22,0.77,1.84,305.147,101.0205,3.5,20.58,,
2023-03-02,4.91,4.89,4.32,4.08,4.03,-0.81,1.6,2.48,1.2850000000000001,3.185,0.75,1.82,,,,19.59,,6.65
2023-03-03,4.91,4.86,4.26,3.97,3.9,-0.89,1.45,2.52,1.25,3.1325000000000003,0.71,1.79,,,,18.49,-0.24,
2023-03-06,4.93,4.89,4.27,3.98,3.92,-0.91,1.49,2.49,1.255,3.1325000000000003,0.72,1.79,,,,18.61,,
2023-03-07,5.04,5.0,4.31,3.97,3.88,-1.03,1.59,2.38,1.26,3.1325000000000003,0.73,1.79,,,,19.59,,
2023-03-08,5.06,5.05,4.34,3.98,3.88,-1.07,1.66,2.32,1.2650000000000001,3.1325000000000003,0.74,1.79,,,,19.11,,
2023-03-09,5.05,4.9,4.22,3.93,3.88,-0.97,1.63,2.3,1.3250000000000002,3.2375000000000003,0.8,1.85,,,,22.61,,6.73
2023-03-10,5.01,4.6,3.96,3.7,3.7,-0.9,1.44,2.26,1.42,3.4299999999999997,0.88,1.96,,,,24.8,-0.208,
2023-03-13,4.87,4.03,3.68,3.55,3.7,-0.48,1.31,2.24,1.6,3.745,1.06,2.14,,,,26.52,,
2023-03-14,4.88,4.2,3.78,3.64,3.77,-0.56,1.33,2.31,1.575,3.6925,1.04,2.11,,,,23.73,,
2023-03-15,4.75,3.93,3.59,3.51,3.7,-0.42,1.22,2.29,1.6550000000000002,3.8850000000000002,1.09,2.22,,,,26.14,,
2023-03-16,4.74,4.14,3.72,3.56,3.71,-0.58,1.34,2.22,1.5950000000000002,3.7800000000000002,1.03,2.16,,,,22.99,,6.6
2023-03-17,4.52,3.81,3.44,3.39,3.6,-0.42,1.29,2.1,1.645,3.8674999999999997,1.08,2.21,,,,25.51,-0.176,
2023-03-20,4.81,3.92,3.56,3.47,3.65,-0.45,1.33,2.14,1.62,3.8325,1.05,2.19,,,,24.15,,
2023-03-21,4.78,4.17,3.73,3.59,3.73,-0.58,1.36,2.23,1.555,3.6925,1.0,2.11,,,,21.38,,
2023-03-22,4.79,3.96,3.54,3.48,3.68,-0.48,1.2,2.28,1.605,3.7800000000000002,1.05,2.16,,,,22.26,,
2023-03-23,4.73,3.76,3.39,3.38,3.66,-0.38,1.19,2.19,1.7049999999999998,3.9549999999999996,1.15,2.26,,,,22.61,,6.42
2023-03-24,4.74,3.76,3.41,3.38,3.64,-0.38,1.16,2.22,1.6500000000000001,3.9200000000000004,1.06,2.24,,,,21.74,-0.158,
2023-03-27,4.91,3.94,3.59,3.53,3.77,-0.41,1.29,2.24,1.6,3.8325,1.01,2.19,,,,20.6,,
2023-03-28,4.8,4.02,3.63,3.55,3.77,-0.47,1.24,2.31,1.575,3.8325,0.96,2.19,,,,19.97,,
2023-03-29,4.8,4.08,3.67,3.57,3.78,-0.51,1.24,2.33,1.5499999999999998,3.7624999999999997,0.95,2.15,,,,19.12,,
2023-03-30,4.97,4.1,3.66,3.55,3.74,-0.55,1.21,2.34,1.52,3.6925,0.93,2.11,,,,19.02,,6.32
2023-03-31,4.85,4.06,3.6,3.48,3.67,-0.58,1.16,2.32,1.505,3.6925,0.9,2.11,,,,18.7,-0.154,
2023-04-01,,,,,,,,,,,,,306.534,101.253,3.4,,,
2023-04-03,4.9,3.97,3.52,3.43,3.64,-0.54,1.14,2.29,1.515,3.6925,0.92,2.11,,,,18.55,,
2023-04-04,4.88,3.84,3.39,3.35,3.6,-0.49,1.1,2.25,1.58,3.6750000000000003,1.06,2.1,,,,19.0,,
2023-04-05,4.86,3.79,3.36,3.3,3.56,-0.49,1.07,2.23,1.61,3.745,1.08,2.14,,,,19.08,,
2023-04-06,4.91,3.82,3.37,3.3,3.54,-0.52,1.06,2.24,1.585,3.6925,1.06,2.11,,,,18.4,,6.28
2023-04-07,4.95,3.97,3.49,3.39,3.61,-0.58,1.14,2.25,,,,,,,,,-0.157,
2023-04-10,5.08,4.0,3.52,3.41,3.62,-0.59,1.14,2.27,1.565,3.6574999999999998,1.04,2.09,,,,18.97,,
2023-04-11,5.04,4.03,3.54,3.43,3.62,-0.6,1.14,2.29,1.525,3.5874999999999995,1.0,2.05,,,,19.1,,
2023-04-12,5.02,3.95,3.46,3.41,3.64,-0.54,1.14,2.27,1.56,3.64,1.04,2.08,,,,19.09,,
2023-04-13,5.1,3.96,3.51,3.45,3.69,-0.51,1.16,2.29,1.5499999999999998,3.6224999999999996,1.03,2.07,,,,17.8,,6.27
2023-04-14,5.14,4.08,3.6,3.52,3.74,-0.56,1.22,2.3,1.525,3.5874999999999995,1.0,2.05,,,,17.07,-0.168,
2023-04-17,5.21,4.18,3.69,3.6,3.81,-0.58,1.28,2.32,1.49,3.535,0.96,2.02,,,,16.95,,
2023-04-18,5.2,4.19,3.69,3.58,3.79,-0.61,1.3,2.28,1.4749999999999999,3.5174999999999996,0.94,2.01,,,,16.83,,
2023-04-19,5.16,4.24,3.71,3.6,3.79,-0.64,1.32,2.28,1.47,3.5174999999999996,0.93,2.01,,,,16.46,,
2023-04-20,5.12,4.14,3.63,3.54,3.75,-0.6,1.28,2.26,1.515,3.5874999999999995,0.98,2.05,,,,17.17,,6.39
2023-04-21,5.14,4.17,3.66,3.57,3.78,-0.6,1.29,2.28,1.505,3.5700000000000003,0.97,2.04,,,,16.77,-0.181,
2023-04-24,5.2,4.12,3.6,3.52,3.73,-0.6,1.24,2.28,1.5,3.5700000000000003,0.96,2.04,,,,16.89,,
2023-04-25,5.12,3.86,3.43,3.4,3.65,-0.46,1.15,2.25,1.555,3.6574999999999998,1.02,2.09,,,,18.76,,
2023-04-26,5.16,3.9,3.46,3.43,3.7,-0.47,1.18,2.25,1.5699999999999998,3.6925,1.03,2.11,,,,18.84,,
2023-04-27,5.18,4.07,3.6,3.53,3.76,-0.54,1.26,2.27,1.535,3.6224999999999996,1.0,2.07,,,,17.03,,6.43
2023-04-28,5.1,4.04,3.51,3.44,3.67,-0.6,1.26,2.18,1.545,3.64,1.01,2.08,,,,15.78,-0.192,
2023-05-01,5.27,4.14,3.64,3.59,3.84,-0.55,1.36,2.23,1.54,3.605,1.02,2.06,307.652,100.9286,3.6,16.08,,
2023-05-02,5.24,3.97,3.46,3.44,3.72,-0.53,1.24,2.2,1.625,3.7800000000000002,1.09,2.16,,,,17.78,,
2023-05-03,5.26,3.89,3.37,3.38,3.7,-0.51,1.18,2.2,1.67,3.8500000000000005,1.14,2.2,,,,18.34,,
2023-05-04,5.26,3.75,3.29,3.37,3.73,-0.38,1.18,2.19,1.71,3.9200000000000004,1.18,2.24,,,,20.09,,6.39
2023-05-05,5.26,3.92,3.41,3.44,3.76,-0.48,1.23,2.21,1.6600000000000001,3.8500000000000005,1.12,2.2,,,,17.19,-0.201,
2023-05-08,5.31,4.0,3.49,3.52,3.84,-0.48,1.29,2.23,1.6600000000000001,3.8500000000000005,1.12,2.2,,,,16.98,,
2023-05-09,5.29,4.01,3.51,3.53,3.85,-0.48,1.3,2.23,1.67,3.8674999999999997,1.13,2.21,,,,17.71,,
2023-05-10,5.24,3.9,3.37,3.43,3.8,-0.47,1.26,2.17,1.7149999999999999,3.9549999999999996,1.17,2.26,,,,16.94,,
2023-05-11,5.2,3.89,3.36,3.39,3.73,-0.5,1.23,2.16,1.7,3.9375,1.15,2.25,,,,16.93,,6.35
2023-05-12,5.25,3.98,3.45,3.46,3.78,-0.52,1.28,2.18,1.65,3.8674999999999997,1.09,2.21,,,,17.03,-0.208,
2023-05-15,5.21,3.99,3.46,3.5,3.84,-0.49,1.31,2.19,1.7149999999999999,3.9725,1.16,2.27,,,,17.12,,
2023-05-16,5.23,4.06,3.52,3.54,3.87,-0.52,1.35,2.19,1.7349999999999999,3.9899999999999998,1.19,2.28,,,,17.99,,
2023-05-17,5.26,4.12,3.58,3.57,3.88,-0.55,1.35,2.22,1.71,3.9549999999999996,1.16,2.26,,,,16.87,,
2023-05-18,5.31,4.24,3.69,3.65,3.91,-0.59,1.42,2.23,1.6400000000000001,3.8500000000000005,1.08,2.2,,,,16.05,,6.39
2023-05-19,5.29,4.28,3.76,3.7,3.95,-0.58,1.46,2.24,1.62,3.8150000000000004,1.06,2.18,,,,16.81,-0.212,
2023-05-22,5.4,4.29,3.77,3.72,3.97,-0.57,1.48,2.24,1.625,3.8325,1.06,2.19,,,,17.21,,
2023-05-23,5.34,4.26,3.76,3.7,3.96,-0.56,1.44,2.26,1.63,3.8325,1.07,2.19,,,,18.53,,
2023-05-24,5.37,4.31,3.75,3.73,3.97,-0.58,1.48,2.25,1.625,3.8150000000000004,1.07,2.18,,,,20.03,,
2023-05-25,5.38,4.5,3.9,3.83,4.01,-0.67,1.58,2.25,1.54,3.6750000000000003,0.98,2.1,,,,19.14,,6.57
2023-05-26,5.34,4.54,3.92,3.8,3.96,-0.74,1.57,2.23,1.5350000000000001,3.6750000000000003,0.97,2.1,,,,17.95,-0.215,
2023-05-29,,,,,,,,,,,,,,,,17.46,,
2023-05-30,5.55,4.46,3.81,3.69,3.9,-0.77,1.47,2.22,1.58,3.745,1.02,2.14,,,,17.46,,
2023-05-31,5.52,4.4,3.74,3.64,3.85,-0.76,1.46,2.18,1.5950000000000002,3.7800000000000002,1.03,2.16,,,,17.94,,
2023-06-01,5.5,4.33,3.7,3.61,3.84,-0.72,1.45,2.16,1.5899999999999999,3.7624999999999997,1.03,2.15,308.322,100.1196,3.6,15.65,,6.79
2023-06-02,5.5,4.5,3.84,3.69,3.88,-0.81,1.51,2.18,1.5499999999999998,3.6925,0.99,2.11,,,,14.6,-0.217,
2023-06-05,5.46,4.46,3.82,3.69,3.89,-0.77,1.5,2.19,1.55,3.6750000000000003,1.0,2.1,,,,14.73,,
2023-06-06,5.44,4.51,3.85,3.7,3.87,-0.81,1.5,2.2,1.525,3.64,0.97,2.08,,,,13.96,,
2023-06-07,5.42,4.56,3.93,3.79,3.95,-0.77,1.58,2.21,1.505,3.605,0.95,2.06,,,,13.94,,
2023-06-08,5.38,4.52,3.87,3.73,3.89,-0.79,1.53,2.2,1.515,3.6224999999999996,0.96,2.07,,,,13.65,,6.71
2023-06-09,5.37,4.59,3.92,3.75,3.89,-0.84,1.55,2.2,1.5,3.5874999999999995,0.95,2.05,,,,13.83,-0.218,
2023-06-12,5.4,4.55,3.89,3.73,3.87,-0.82,1.56,2.17,1.545,3.6750000000000003,0.99,2.1,,,,15.01,,
2023-06-13,5.36,4.67,4.01,3.84,3.94,-0.83,1.64,2.2,1.45,3.5,0.9,2.0,,,,14.61,,
2023-06-14,5.36,4.74,4.06,3.83,3.9,-0.91,1.62,2.21,1.395,3.395,0.85,1.94,,,,13.88,,
2023-06-15,5.33,4.62,3.91,3.72,3.85,-0.9,1.51,2.21,1.465,3.535,0.91,2.02,,,,14.5,,6.69
2023-06-16,5.34,4.7,3.99,3.77,3.86,-0.93,1.55,2.22,1.405,3.4299999999999997,0.85,1.96,,,,13.54,-0.22,
2023-06-19,,,,,,,,,,,,,,,,14.19,,
2023-06-20,5.39,4.68,3.96,3.74,3.83,-0.94,1.52,2.22,1.4,3.4125,0.85,1.95,,,,13.88,,
2023-06-21,5.4,4.68,3.95,3.72,3.81,-0.96,1.51,2.21,1.405,3.4299999999999997,0.85,1.96,,,,13.2,,
2023-06-22,5.4,4.77,4.03,3.8,3.88,-0.97,1.56,2.24,1.39,3.395,0.84,1.94,,,,12.91,,6.67
2023-06-23,5.41,4.71,3.99,3.74,3.82,-0.97,1.53,2.21,1.41,3.4299999999999997,0.86,1.96,,,,13.44,-0.224,
2023-06-26,5.5,4.65,3.96,3.72,3.83,-0.93,1.54,2.18,1.43,3.465,0.88,1.98,,,,14.25,,
2023-06-27,5.44,4.74,4.02,3.77,3.84,-0.97,1.57,2.2,1.395,3.395,0.85,1.94,,,,13.74,,
2023-06-28,5.44,4.71,3.97,3.71,3.81,-1.0,1.53,2.18,1.41,3.4299999999999997,0.86,1.96,,,,13.43,,
2023-06-29,5.46,4.87,4.14,3.85,3.92,-1.02,1.65,2.2,1.3699999999999999,3.36,0.82,1.92,,,,13.54,,6.71
2023-06-30,5.43,4.87,4.13,3.81,3.85,-1.06,1.59,2.22,1.335,3.29,0.79,1.88,,,,13.59,-0.23,
2023-07-01,,,,,,,,,,,,,308.96,100.9067,3.5,,,
2023-07-03,5.44,4.94,4.19,3.86,3.87,-1.08,1.61,2.25,1.31,3.2375000000000003,0.77,1.85,,,,13.57,,
2023-07-04,,,,,,,,,,,,,,,,13.7,,
2023-07-05,5.44,4.94,4.25,3.95,3.95,-0.99,1.69,2.26,1.2850000000000001,3.2025,0.74,1.83,,,,14.18,,
2023-07-06,5.46,4.99,4.37,4.05,4.01,-0.94,1.78,2.27,1.25,3.15,0.7,1.8,,,,15.44,,6.81
2023-07-07,5.46,4.94,4.35,4.06,4.05,-0.88,1.79,2.27,1.26,3.1675,0.71,1.81,,,,14.83,-0.238,
2023-07-10,5.48,4.85,4.25,4.01,4.05,-0.84,1.76,2.25,1.29,4.13,0.79,1.86,,,,15.07,,
2023-07-11,5.49,4.88,4.24,3.99,4.03,-0.89,1.75,2.24,1.28,4.05,0.78,1.84,,,,14.84,,
2023-07-12,5.47,4.72,4.07,3.86,3.96,-0.86,1.6,2.26,1.27,3.95,0.82,1.88,,,,13.54,,
2023-07-13,5.47,4.59,3.93,3.76,3.9,-0.83,1.52,2.24,1.27,3.97,0.84,1.91,,,,13.61,,6.96
2023-07-14,5.49,4.74,4.04,3.83,3.93,-0.91,1.59,2.24,1.28,3.9,0.8,1.87,,,,13.34,-0.251,
2023-07-17,5.49,4.74,4.02,3.81,3.94,-0.93,1.56,2.25,1.29,3.97,0.81,1.9,,,,13.48,,
2023-07-18,5.49,4.74,4.0,3.8,3.91,-0.94,1.57,2.23,1.28,3.9,0.81,1.89,,,,13.3,,
2023-07-19,5.49,4.74,3.98,3.75,3.84,-0.99,1.53,2.22,1.28,3.89,0.78,1.87,,,,13.76,,
2023-07-20,5.49,4.8,4.08,3.85,3.91,-0.95,1.5,2.35,1.27,3.9,0.77,1.85,,,,13.99,,6.78
2023-07-21,5.5,4.82,4.09,3.84,3.91,-0.98,1.49,2.35,1.26,3.89,0.78,1.85,,,,13.6,-0.266,
2023-07-24,5.51,4.81,4.13,3.86,3.92,-0.95,1.48,2.38,1.25,3.82,0.76,1.84,,,,13.91,,
2023-07-25,5.51,4.85,4.15,3.91,3.95,-0.94,1.52,2.39,1.24,3.84,0.73,1.81,,,,13.86,,
2023-07-26,5.51,4.82,4.09,3.86,3.94,-0.96,1.5,2.36,1.23,3.91,0.76,1.83,,,,13.19,,
2023-07-27,5.51,4.91,4.24,4.01,4.06,-0.9,1.64,2.37,1.2,3.78,0.73,1.78,,,,14.41,,6.81
2023-07-28,5.52,4.87,4.18,3.96,4.03,-0.91,1.58,2.38,1.19,3.82,0.72,1.8,,,,13.33,-0.281,
2023-07-31,5.55,4.88,4.18,3.97,4.02,-0.91,1.6,2.37,1.19,3.79,0.69,1.77,,,,13.63,,
2023-08-01,5.54,4.92,4.24,4.05,4.11,-0.87,1.68,2.37,1.19,3.82,0.71,1.77,309.58,100.8393,3.7,13.93,,
2023-08-02,5.53,4.88,4.24,4.08,4.17,-0.8,1.72,2.36,1.21,3.96,0.75,1.82,,,,16.09,,
2023-08-03,5.54,4.9,4.3,4.2,4.32,-0.7,1.83,2.37,1.22,3.98,0.8,1.84,,,,15.92,,6.9
2023-08-04,5.54,4.78,4.15,4.05,4.21,-0.73,1.67,2.38,1.22,4.01,0.83,1.9,,,,17.1,-0.299,
2023-08-07,5.56,4.76,4.16,4.09,4.27,-0.67,1.68,2.41,1.22,3.97,0.85,1.9,,,,15.77,,
2023-08-08,5.57,4.74,4.1,4.02,4.2,-0.72,1.66,2.36,1.23,4.0,0.87,1.93,,,,15.99,,
2023-08-09,5.55,4.79,4.12,4.0,4.18,-0.79,1.66,2.34,1.23,3.94,0.85,1.92,,,,15.96,,
2023-08-10,5.54,4.82,4.21,4.09,4.24,-0.73,1.76,2.33,1.22,3.83,0.83,1.89,,,,15.85,,6.96
2023-08-11,5.54,4.89,4.31,4.16,4.27,-0.73,1.8,2.36,1.22,3.83,0.81,1.87,,,,14.84,-0.314,
2023-08-14,5.56,4.96,4.36,4.19,4.29,-0.77,1.83,2.36,1.22,3.79,0.76,1.84,,,,14.82,,
2023-08-15,5.56,4.92,4.36,4.21,4.32,-0.71,1.89,2.32,1.23,3.85,0.79,1.86,,,,16.46,,
2023-08-16,5.56,4.97,4.42,4.28,4.38,-0.69,1.96,2.32,1.25,3.81,0.77,1.84,,,,16.78,,
2023-08-17,5.56,4.94,4.42,4.3,4.41,-0.64,1.97,2.33,1.26,3.95,0.81,1.87,,,,17.89,,7.09
2023-08-18,5.55,4.92,4.38,4.26,4.38,-0.66,1.94,2.32,1.27,4.02,0.83,1.89,,,,17.3,-0.327,
2023-08-21,5.57,4.97,4.46,4.34,4.45,-0.63,2.0,2.34,1.26,3.97,0.82,1.88,,,,17.13,,
2023-08-22,5.57,5.02,4.49,4.34,4.42,-0.68,1.99,2.35,1.25,3.93,0.76,1.82,,,,16.97,,
2023-08-23,5.57,4.95,4.36,4.19,4.27,-0.76,1.84,2.35,1.25,3.92,0.78,1.83,,,,15.98,,
2023-08-24,5.58,4.98,4.39,4.23,4.3,-0.75,1.91,2.32,1.23,3.91,0.73,1.8,,,,17.2,,7.23
2023-08-25,5.61,5.03,4.44,4.25,4.3,-0.78,1.92,2.33,1.23,3.9,0.7,1.76,,,,15.68,-0.335,
2023-08-28,5.58,4.98,4.38,4.2,4.29,-0.78,1.9,2.3,1.22,3.86,0.73,1.82,,,,15.08,,
2023-08-29,5.56,4.87,4.26,4.12,4.23,-0.75,1.83,2.29,1.22,3.87,0.76,1.84,,,,14.45,,
2023-08-30,5.56,4.9,4.27,4.12,4.23,-0.78,1.86,2.26,1.22,3.8,0.75,1.82,,,,13.88,,
2023-08-31,5.56,4.85,4.23,4.09,4.2,-0.76,1.85,2.24,1.22,3.85,0.76,1.83,,,,13.57,,7.18
2023-09-01,5.53,4.87,4.29,4.18,4.29,-0.69,1.92,2.26,1.22,3.81,0.76,1.82,310.539,101.0211,3.7,13.09,-0.341,
2023-09-04,,,,,,,,,1.22,3.81,,,,,,13.82,,
2023-09-05,5.55,4.94,4.37,4.27,4.38,-0.67,1.98,2.29,1.22,3.83,0.76,1.84,,,,14.01,,
2023-09-06,5.55,5.01,4.44,4.3,4.37,-0.71,2.0,2.3,1.23,3.86,0.73,1.79,,,,14.45,,
2023-09-07,5.53,4.94,4.38,4.27,4.36,-0.67,1.95,2.32,1.23,3.9,0.75,1.81,,,,14.4,,7.12
2023-09-08,5.55,4.98,4.39,4.26,4.33,-0.72,1.93,2.33,1.23,3.85,0.74,1.79,,,,13.84,-0.34,
2023-09-11,5.55,4.97,4.4,4.29,4.37,-0.68,1.94,2.35,1.23,3.82,0.75,1.8,,,,13.8,,
2023-09-12,5.56,4.98,4.41,4.27,4.35,-0.71,1.93,2.34,1.23,3.84,0.74,1.79,,,,14.23,,
2023-09-13,5.55,4.96,4.39,4.25,4.34,-0.71,1.9,2.35,1.24,3.85,0.75,1.81,,,,13.48,,
2023-09-14,5.55,5.0,4.42,4.29,4.39,-0.71,1.95,2.34,1.23,3.78,0.76,1.8,,,,12.82,,7.18
2023-09-15,5.56,5.02,4.45,4.33,4.42,-0.69,1.98,2.35,1.22,3.79,0.74,1.78,,,,13.79,-0.335,
2023-09-18,5.55,5.05,4.46,4.32,4.4,-0.73,1.96,2.36,1.22,3.82,0.76,1.77,,,,14.0,,
2023-09-19,5.54,5.08,4.51,4.37,4.43,-0.71,2.0,2.37,1.21,3.82,0.73,1.75,,,,14.11,,
2023-09-20,5.56,5.12,4.52,4.35,4.4,-0.77,2.0,2.35,1.2,3.77,0.72,1.73,,,,15.14,,
2023-09-21,5.57,5.12,4.61,4.49,4.56,-0.63,2.11,2.38,1.2,3.89,0.72,1.66,,,,17.54,,7.19
2023-09-22,5.56,5.1,4.57,4.44,4.53,-0.66,2.07,2.37,1.2,3.93,0.71,1.73,,,,17.2,-0.326,
2023-09-25,5.58,5.09,4.62,4.55,4.67,-0.54,2.18,2.37,1.19,3.97,0.74,1.75,,,,16.9,,
2023-09-26,5.58,5.04,4.62,4.56,4.7,-0.48,2.23,2.33,1.2,4.04,0.76,1.77,,,,18.94,,
2023-09-27,5.58,5.1,4.67,4.61,4.73,-0.49,2.27,2.34,1.21,4.03,0.77,1.77,,,,18.22,,
2023-09-28,5.56,5.04,4.62,4.59,4.71,-0.45,2.2,2.39,1.23,4.09,0.79,1.8,,,,17.34,,7.31
2023-09-29,5.55,5.03,4.6,4.59,4.73,-0.44,2.24,2.35,1.24,4.03,0.77,1.78,,,,17.52,-0.314,
2023-09-30,,,,,,,,,1.25,4.03,,,,,,,,
2023-10-01,,,,,,,,,,,,,311.457,100.4689,3.9,,,
2023-10-02,5.62,5.12,4.72,4.69,4.81,-0.43,2.34,2.35,1.26,4.11,0.77,1.78,,,,17.61,,
2023-10-03,5.62,5.15,4.8,4.81,4.95,-0.34,2.45,2.36,1.28,4.26,0.79,1.82,,,,19.78,,
2023-10-04,5.61,5.05,4.72,4.73,4.87,-0.32,2.4,2.33,1.29,4.37,0.82,1.83,,,,18.58,,
2023-10-05,5.61,5.03,4.68,4.72,4.89,-0.31,2.41,2.31,1.29,4.38,0.84,1.85,,,,18.49,,7.49
2023-10-06,5.63,5.08,4.75,4.78,4.95,-0.3,2.47,2.31,1.29,4.33,0.82,1.84,,,,17.45,-0.303,
2023-10-09,,,,,,,,,1.29,4.34,,,,,,17.7,,
2023-10-10,5.61,4.96,4.62,4.66,4.85,-0.3,2.34,2.32,1.29,4.26,0.81,1.83,,,,17.03,,
2023-10-11,5.61,4.99,4.59,4.58,4.73,-0.41,2.26,2.32,1.27,4.25,0.8,1.82,,,,16.09,,
2023-10-12,5.63,5.06,4.69,4.7,4.86,-0.36,2.36,2.34,1.26,4.25,0.82,1.83,,,,16.69,,7.57
2023-10-13,5.62,5.04,4.65,4.63,4.78,-0.41,2.29,2.34,1.27,4.3,0.8,1.82,,,,19.32,-0.294,
2023-10-16,5.61,5.09,4.72,4.71,4.87,-0.38,2.33,2.38,1.27,4.27,0.81,1.83,,,,17.21,,
2023-10-17,5.62,5.19,4.86,4.83,4.94,-0.36,2.42,2.41,1.27,4.25,0.76,1.8,,,,17.88,,
2023-10-18,5.61,5.19,4.92,4.91,5.0,-0.28,2.47,2.44,1.29,4.32,0.74,1.78,,,,19.22,,
2023-10-19,5.6,5.14,4.95,4.98,5.11,-0.16,2.49,2.49,1.31,4.37,0.81,1.82,,,,21.4,,7.63
2023-10-20,5.58,5.07,4.86,4.93,5.09,-0.14,2.46,2.47,1.33,4.52,0.87,1.88,,,,21.71,-0.288,
2023-10-23,5.58,5.05,4.81,4.86,5.01,-0.19,2.45,2.41,1.33,4.51,0.84,1.85,,,,20.37,,
2023-10-24,5.58,5.02,4.82,4.83,4.96,-0.19,2.43,2.4,1.31,4.41,0.84,1.84,,,,18.97,,
2023-10-25,5.59,5.08,4.89,4.95,5.09,-0.13,2.52,2.43,1.3,4.37,0.82,1.83,,,,20.19,,
2023-10-26,5.59,5.02,4.79,4.86,5.01,-0.16,2.44,2.42,1.3,4.5,0.82,1.82,,,,20.68,,7.79
2023-10-27,5.59,4.99,4.76,4.84,5.03,-0.15,2.42,2.42,1.31,4.53,0.87,1.88,,,,21.27,-0.287,
2023-10-30,5.6,5.03,4.8,4.88,5.04,-0.15,2.44,2.44,1.32,4.5,0.85,1.86,,,,19.75,,
2023-10-31,5.59,5.07,4.82,4.88,5.04,-0.19,2.46,2.42,1.32,4.42,0.84,1.85,,,,18.14,,
2023-11-01,5.57,4.95,4.67,4.77,4.96,-0.18,2.36,2.41,1.33,4.47,0.9,1.91,312.392,100.8639,3.7,16.87,,
2023-11-02,5.54,4.98,4.65,4.67,4.82,-0.31,2.27,2.4,1.29,4.15,0.83,1.84,,,,15.66,,7.76
2023-11-03,5.53,4.83,4.49,4.57,4.77,-0.26,2.18,2.39,1.29,4.04,0.86,1.86,,,,14.91,-0.292,
2023-11-06,5.56,4.93,4.6,4.67,4.84,-0.26,2.25,2.42,1.28,4.0,0.84,1.84,,,,14.89,,
2023-11-07,5.55,4.91,4.53,4.58,4.75,-0.33,2.19,2.39,1.29,4.08,0.83,1.83,,,,14.81,,
2023-11-08,5.54,4.93,4.51,4.49,4.64,-0.44,2.15,2.34,1.28,4.08,0.83,1.84,,,,14.45,,
2023-11-09,5.54,5.03,4.65,4.62,4.77,-0.41,2.29,2.33,1.27,4.04,0.82,1.83,,,,15.29,,7.5
2023-11-10,5.53,5.04,4.65,4.61,4.73,-0.43,2.29,2.32,1.26,4.03,0.79,1.8,,,,14.17,-0.3,
2023-11-13,5.55,5.02,4.66,4.63,4.75,-0.39,2.32,2.31,1.25,4.03,0.78,1.79,,,,14.76,,
2023-11-14,5.52,4.8,4.42,4.44,4.61,-0.36,2.16,2.28,1.23,3.92,0.8,1.83,,,,14.16,,
2023-11-15,5.53,4.9,4.52,4.53,4.68,-0.37,2.22,2.31,1.22,3.89,0.78,1.8,,,,14.18,,
2023-11-16,5.51,4.83,4.43,4.45,4.63,-0.38,2.18,2.27,1.21,4.02,0.8,1.81,,,,14.32,,7.44
2023-11-17,5.5,4.88,4.45,4.44,4.59,-0.44,2.16,2.28,1.2,3.99,0.77,1.78,,,,13.8,-0.311,
2023-11-20,5.54,4.89,4.44,4.42,4.57,-0.47,2.12,2.3,1.18,3.92,0.75,1.76,,,,13.41,,
2023-11-21,5.53,4.86,4.41,4.41,4.57,-0.45,2.16,2.25,1.17,3.95,0.76,1.77,,,,13.35,,
2023-11-22,5.54,4.89,4.44,4.42,4.55,-0.47,2.16,2.26,1.15,3.9,0.72,1.71,,,,12.85,,7.29
2023-11-23,,,,,,,,,1.15,3.9,,,,,,12.8,,
2023-11-24,5.54,4.92,4.49,4.47,4.6,-0.45,2.21,2.26,1.14,3.85,0.73,1.72,,,,12.46,-0.322,
2023-11-27,5.49,4.84,4.38,4.39,4.53,-0.45,2.18,2.21,1.14,3.89,0.69,1.71,,,,12.69,,
2023-11-28,5.47,4.73,4.29,4.34,4.52,-0.39,2.12,2.22,1.14,3.9,0.72,1.75,,,,12.69,,
2023-11-29,5.45,4.64,4.22,4.27,4.44,-0.37,2.06,2.21,1.11,3.8,0.72,1.72,,,,12.98,,
2023-11-30,5.45,4.73,4.31,4.37,4.54,-0.36,2.14,2.23,1.11,3.84,0.64,1.67,,,,12.92,,7.22
2023-12-01,5.43,4.56,4.14,4.22,4.4,-0.34,2.0,2.22,1.11,3.87,0.71,1.71,313.195,100.6031,3.8,12.63,-0.332,
2023-12-04,5.46,4.64,4.23,4.28,4.43,-0.36,2.07,2.21,1.1,3.8,0.68,1.67,,,,13.08,,
2023-12-05,5.45,4.57,4.14,4.18,4.3,-0.39,2.01,2.17,1.11,3.8,0.68,1.65,,,,12.85,,
2023-12-06,5.45,4.6,4.12,4.12,4.22,-0.48,1.98,2.14,1.12,3.79,0.65,1.63,,,,12.97,,
2023-12-07,5.44,4.58,4.11,4.14,4.25,-0.44,1.97,2.17,1.11,3.77,0.69,1.63,,,,13.06,,7.03
2023-12-08,5.44,4.71,4.24,4.23,4.31,-0.48,2.02,2.21,1.1,3.75,0.68,1.61,,,,12.35,-0.341,
2023-12-11,5.47,4.71,4.25,4.23,4.32,-0.48,2.04,2.19,1.1,3.79,0.68,1.61,,,,12.63,,
2023-12-12,5.46,4.73,4.23,4.2,4.3,-0.53,2.04,2.16,1.09,3.76,0.68,1.6,,,,12.07,,
2023-12-13,5.44,4.46,4.0,4.04,4.19,-0.42,1.88,2.16,1.08,3.79,0.71,1.61,,,,12.19,,
2023-12-14,5.43,4.37,3.9,3.92,4.03,-0.45,1.7,2.22,1.04,3.47,0.68,1.57,,,,12.48,,6.95
2023-12-15,5.44,4.44,3.91,3.91,4.0,-0.53,1.69,2.22,1.04,3.51,0.7,1.57,,,,12.28,-0.35,
2023-12-18,5.46,4.43,3.94,3.95,4.05,-0.48,1.74,2.21,1.05,3.51,0.7,1.58,,,,12.56,,
2023-12-19,5.43,4.41,3.94,3.93,4.03,-0.48,1.74,2.19,1.05,3.46,0.71,1.57,,,,12.53,,
2023-12-20,5.44,4.34,3.86,3.86,3.98,-0.48,1.67,2.19,1.06,3.43,0.75,1.63,,,,13.67,,
2023-12-21,5.42,4.33,3.87,3.89,4.03,-0.44,1.7,2.19,1.07,3.41,0.77,1.64,,,,13.65,,6.67
2023-12-22,5.44,4.31,3.87,3.9,4.05,-0.41,1.71,2.19,1.07,3.39,0.8,1.65,,,,13.03,-0.359,
2023-12-25,,,,,,,,,,,,,,,,,,
2023-12-26,5.45,4.26,3.89,3.89,4.04,-0.37,1.71,2.18,1.06,3.37,0.79,1.64,,,,12.99,,
2023-12-27,5.44,4.2,3.78,3.79,3.95,-0.41,1.64,2.15,1.05,3.34,0.78,1.64,,,,12.43,,
2023-12-28,5.45,4.26,3.83,3.84,3.98,-0.42,1.68,2.16,1.04,3.32,0.77,1.62,,,,12.47,,6.61
2023-12-29,5.4,4.23,3.84,3.88,4.03,-0.35,1.72,2.16,1.04,3.34,0.77,1.61,,,,12.45,-0.367,
2023-12-31,,,,,,,,,1.04,3.39,,,,,,,,
2024-01-01,,,,,,,,,,,,,314.319,99.2223,3.7,,,
2024-01-02,5.46,4.33,3.93,3.95,4.08,-0.38,1.74,2.21,1.06,3.54,0.8,1.62,,,,13.2,,
2024-01-03,5.48,4.33,3.9,3.91,4.05,-0.42,1.71,2.2,1.09,3.71,0.84,1.66,,,,14.04,,
2024-01-04,5.48,4.38,3.97,3.99,4.13,-0.39,1.77,2.22,1.09,3.69,0.86,1.65,,,,14.13,,6.62
2024-01-05,5.47,4.4,4.02,4.05,4.21,-0.35,1.83,2.22,1.09,3.68,0.84,1.65,,,,13.35,-0.376,
2024-01-08,5.49,4.36,3.97,4.01,4.17,-0.35,1.79,2.22,1.08,3.63,0.82,1.65,,,,13.08,,
2024-01-09,5.47,4.36,3.97,4.02,4.18,-0.34,1.8,2.22,1.06,3.59,0.77,1.63,,,,12.76,,
2024-01-10,5.46,4.37,3.99,4.04,4.2,-0.33,1.82,2.22,1.04,3.5,0.75,1.59,,,,12.69,,
2024-01-11,5.46,4.26,3.9,3.98,4.18,-0.28,1.76,2.22,1.03,3.55,0.79,1.63,,,,12.44,,6.66
2024-01-12,5.45,4.14,3.84,3.96,4.2,-0.18,1.69,2.27,1.02,3.56,0.82,1.64,,,,12.7,-0.384,
2024-01-15,,,,,,,,,1.02,3.54,,,,,,13.25,,
2024-01-16,5.45,4.22,3.95,4.07,4.3,-0.15,1.77,2.3,1.02,3.58,0.81,1.65,,,,13.84,,
2024-01-17,5.47,4.34,4.02,4.1,4.31,-0.24,1.8,2.3,1.02,3.62,0.78,1.63,,,,14.79,,
2024-01-18,5.45,4.34,4.04,4.14,4.37,-0.2,1.8,2.34,1.01,3.58,0.79,1.62,,,,14.13,,6.6
2024-01-19,5.45,4.39,4.08,4.15,4.36,-0.24,1.81,2.34,1.01,3.54,0.79,1.59,,,,13.3,-0.391,
2024-01-22,5.46,4.37,4.03,4.11,4.32,-0.26,1.8,2.31,1.01,3.49,0.78,1.59,,,,13.19,,
2024-01-23,5.45,4.31,4.06,4.14,4.38,-0.17,1.85,2.29,1.01,3.51,0.81,1.62,,,,12.55,,
2024-01-24,5.44,4.34,4.06,4.18,4.41,-0.16,1.88,2.3,0.99,3.44,0.8,1.61,,,,13.14,,
2024-01-25,5.44,4.28,4.01,4.14,4.38,-0.14,1.85,2.29,0.98,3.45,0.81,1.6,,,,13.45,,6.69
2024-01-26,5.44,4.34,4.04,4.15,4.38,-0.19,1.85,2.3,0.97,3.39,0.8,1.58,,,,13.26,-0.397,
2024-01-29,5.42,4.29,3.97,4.08,4.31,-0.21,1.78,2.3,0.98,3.41,0.85,1.6,,,,13.6,,
2024-01-30,5.42,4.36,4.0,4.06,4.28,-0.3,1.8,2.26,1.0,3.42,0.83,1.58,,,,13.31,,
2024-01-31,5.42,4.27,3.91,3.99,4.22,-0.28,1.73,2.26,1.02,3.59,0.87,1.61,,,,14.35,,
2024-02-01,5.42,4.2,3.8,3.87,4.1,-0.33,1.68,2.19,1.04,3.56,0.88,1.63,315.564,100.285,3.9,13.88,,6.63
2024-02-02,5.43,4.36,3.99,4.03,4.22,-0.33,1.82,2.21,1.02,3.47,0.84,1.59,,,,13.85,-0.404,
2024-02-05,5.42,4.46,4.13,4.17,4.35,-0.29,1.9,2.27,1.0,3.5,0.82,1.56,,,,13.67,,
2024-02-06,5.44,4.39,4.03,4.09,4.29,-0.3,1.85,2.24,1.0,3.52,0.82,1.58,,,,13.06,,
2024-02-07,5.43,4.41,4.06,4.09,4.31,-0.32,1.86,2.23,1.0,3.43,0.84,1.6,,,,12.83,,
2024-02-08,5.44,4.46,4.12,4.15,4.36,-0.31,1.91,2.24,0.99,3.38,0.85,1.6,,,,12.79,,6.64
2024-02-09,5.44,4.48,4.14,4.17,4.37,-0.31,1.92,2.25,1.0,3.33,0.85,1.59,,,,12.93,-0.411,
2024-02-12,5.43,4.46,4.13,4.17,4.37,-0.29,1.93,2.24,1.0,3.35,0.85,1.58,,,,13.93,,
2024-02-13,5.45,4.64,4.31,4.31,4.46,-0.33,2.02,2.29,0.99,3.36,0.82,1.54,,,,15.85,,
2024-02-14,5.43,4.56,4.25,4.27,4.45,-0.29,1.97,2.3,0.98,3.38,0.85,1.56,,,,14.38,,
2024-02-15,5.43,4.56,4.22,4.24,4.42,-0.32,1.94,2.3,0.97,3.35,0.85,1.57,,,,14.01,,6.77
2024-02-16,5.44,4.64,4.29,4.3,4.45,-0.34,1.97,2.33,0.96,3.34,0.81,1.53,,,,14.24,-0.419,
2024-02-19,,,,,,,,,0.96,3.34,,,,,,14.71,,
2024-02-20,5.44,4.59,4.25,4.27,4.44,-0.32,1.95,2.32,0.96,3.37,0.82,1.56,,,,15.42,,
2024-02-21,5.44,4.64,4.3,4.32,4.49,-0.32,1.98,2.34,0.94,3.34,0.78,1.54,,,,15.34,,
2024-02-22,5.45,4.69,4.33,4.33,4.47,-0.36,2.02,2.31,0.93,3.22,0.74,1.49,,,,14.54,,6.9
2024-02-23,5.46,4.67,4.28,4.26,4.37,-0.41,1.96,2.3,0.95,3.23,0.75,1.49,,,,13.75,-0.427,
2024-02-26,5.47,4.69,4.29,4.28,4.4,-0.41,1.97,2.31,0.96,3.23,0.79,1.53,,,,13.74,,
2024-02-27,5.45,4.7,4.32,4.31,4.44,-0.39,1.99,2.32,0.96,3.26,0.79,1.53,,,,13.43,,
2024-02-28,5.45,4.64,4.26,4.27,4.4,-0.37,1.94,2.33,0.98,3.31,0.81,1.55,,,,13.84,,
2024-02-29,5.45,4.64,4.26,4.25,4.38,-0.39,1.92,2.33,1.0,3.29,0.8,1.55,,,,13.4,,6.94
2024-03-01,5.42,4.54,4.17,4.19,4.33,-0.35,1.87,2.32,1.01,3.32,0.82,1.57,316.792,100.4575,3.9,13.11,-0.433,
2024-03-04,5.48,4.61,4.21,4.22,4.36,-0.39,1.88,2.34,1.0,3.26,0.81,1.57,,,,13.49,,
2024-03-05,5.47,4.54,4.13,4.13,4.27,-0.41,1.81,2.32,1.01,3.31,0.88,1.59,,,,14.46,,
2024-03-06,5.47,4.55,4.12,4.11,4.24,-0.44,1.81,2.3,1.01,3.27,0.82,1.57,,,,14.5,,
2024-03-07,5.47,4.5,4.07,4.09,4.25,-0.41,1.81,2.28,1.0,3.27,0.84,1.59,,,,14.44,,6.88
2024-03-08,5.46,4.48,4.06,4.09,4.26,-0.39,1.81,2.28,0.99,3.26,0.84,1.59,,,,14.74,-0.437,
2024-03-11,5.48,4.51,4.08,4.1,4.26,-0.41,1.83,2.27,0.98,3.26,0.84,1.59,,,,15.22,,
2024-03-12,5.48,4.58,4.15,4.16,4.31,-0.42,1.86,2.3,0.97,3.2,0.8,1.55,,,,13.84,,
2024-03-13,5.48,4.61,4.19,4.19,4.35,-0.42,1.89,2.3,0.95,3.15,0.8,1.55,,,,13.75,,
2024-03-14,5.48,4.68,4.29,4.29,4.44,-0.39,1.99,2.3,0.94,3.15,0.78,1.53,,,,14.4,,6.74
2024-03-15,5.48,4.72,4.33,4.31,4.43,-0.41,1.99,2.32,0.93,3.16,0.74,1.49,,,,14.41,-0.439,
2024-03-18,5.48,4.73,4.36,4.34,4.46,-0.39,2.03,2.31,0.92,3.13,0.71,1.49,,,,14.33,,
2024-03-19,5.48,4.68,4.31,4.3,4.44,-0.38,2.0,2.3,0.92,3.1,0.74,1.5,,,,13.82,,
2024-03-20,5.47,4.59,4.25,4.27,4.45,-0.32,1.96,2.31,0.92,3.14,0.82,1.56,,,,13.04,,
2024-03-21,5.48,4.62,4.26,4.27,4.44,-0.35,1.93,2.34,0.91,3.05,0.79,1.53,,,,12.92,,6.87
2024-03-22,5.46,4.59,4.2,4.22,4.39,-0.37,1.87,2.35,0.92,3.08,0.79,1.53,,,,13.06,-0.437,
2024-03-25,5.46,4.54,4.23,4.25,4.42,-0.29,1.92,2.33,0.92,3.11,0.8,1.53,,,,13.19,,
2024-03-26,5.46,4.56,4.22,4.24,4.4,-0.32,1.92,2.32,0.93,3.15,0.79,1.53,,,,13.24,,
2024-03-27,5.45,4.54,4.18,4.2,4.36,-0.34,1.88,2.32,0.94,3.15,0.8,1.54,,,,12.78,,
2024-03-28,5.46,4.59,4.21,4.2,4.34,-0.39,1.88,2.32,0.93,3.12,0.77,1.5,,,,13.01,,6.79
2024-03-29,,,,,,,,,,,,,,,,,-0.432,
2024-03-31,,,,,,,,,0.94,3.15,,,,,,,,
2024-04-01,5.44,4.72,4.34,4.33,4.47,-0.39,1.98,2.35,0.93,3.12,0.76,1.49,317.649,100.2434,3.9,13.65,,
2024-04-02,5.42,4.7,4.35,4.36,4.51,-0.34,2.0,2.36,0.93,3.23,0.77,1.51,,,,14.61,,
2024-04-03,5.42,4.68,4.34,4.36,4.51,-0.32,2.0,2.36,0.92,3.23,0.76,1.49,,,,14.33,,
2024-04-04,5.41,4.65,4.3,4.31,4.47,-0.34,1.97,2.34,0.92,3.24,0.77,1.51,,,,16.35,,6.82
2024-04-05,5.43,4.73,4.38,4.39,4.54,-0.34,2.02,2.37,0.92,3.18,0.77,1.49,,,,16.03,-0.427,
2024-04-08,5.43,4.78,4.43,4.42,4.55,-0.36,2.04,2.38,0.91,3.15,0.74,1.46,,,,15.19,,
2024-04-09,5.43,4.74,4.37,4.36,4.5,-0.38,2.0,2.36,0.91,3.14,0.74,1.44,,,,14.98,,
2024-04-10,5.45,4.97,4.61,4.55,4.64,-0.42,2.15,2.4,0.89,3.1,0.69,1.4,,,,15.8,,
2024-04-11,5.45,4.93,4.61,4.56,4.65,-0.37,2.16,2.4,0.89,3.16,0.71,1.41,,,,14.91,,6.88
2024-04-12,5.45,4.88,4.54,4.5,4.61,-0.38,2.11,2.39,0.92,3.25,0.72,1.45,,,,17.31,-0.421,
2024-04-15,5.45,4.93,4.65,4.63,4.74,-0.3,2.2,2.43,0.92,3.28,0.74,1.46,,,,19.23,,
2024-04-16,5.45,4.97,4.69,4.67,4.77,-0.3,2.24,2.43,0.95,3.36,0.73,1.46,,,,18.4,,
2024-04-17,5.45,4.93,4.62,4.59,4.71,-0.34,2.2,2.39,0.95,3.42,0.75,1.48,,,,18.21,,
2024-04-18,5.46,4.98,4.68,4.64,4.74,-0.34,2.24,2.4,0.94,3.39,0.76,1.47,,,,18.0,,7.1
2024-04-19,5.45,4.97,4.66,4.62,4.72,-0.35,2.21,2.41,0.94,3.37,0.73,1.46,,,,18.71,-0.415,
2024-04-22,5.42,4.97,4.66,4.62,4.72,-0.35,2.21,2.41,0.93,3.29,0.73,1.46,,,,16.94,,
2024-04-23,5.45,4.86,4.63,4.61,4.73,-0.25,2.2,2.41,0.92,3.2,0.73,1.46,,,,15.69,,
2024-04-24,5.46,4.89,4.64,4.65,4.78,-0.24,2.24,2.41,0.92,3.19,0.76,1.48,,,,15.97,,
2024-04-25,5.47,4.96,4.7,4.7,4.82,-0.26,2.28,2.42,0.92,3.24,0.75,1.47,,,,15.37,,7.17
2024-04-26,5.46,4.96,4.68,4.67,4.78,-0.29,2.24,2.43,0.9,3.16,0.72,1.45,,,,15.03,-0.413,
2024-04-29,5.45,4.97,4.65,4.63,4.75,-0.34,2.22,2.41,0.9,3.12,0.72,1.45,,,,14.67,,
2024-04-30,5.46,5.04,4.72,4.69,4.79,-0.35,2.28,2.41,0.91,3.18,0.72,1.44,,,,15.65,,
2024-05-01,5.46,4.96,4.64,4.63,4.74,-0.33,2.25,2.38,0.91,3.21,0.7,1.43,318.095,100.863,3.9,15.39,,
2024-05-02,5.46,4.87,4.57,4.58,4.72,-0.29,2.21,2.37,0.9,3.16,0.75,1.47,,,,14.68,,7.22
2024-05-03,5.45,4.81,4.48,4.5,4.66,-0.31,2.15,2.35,0.89,3.08,0.77,1.49,,,,13.49,-0.413,
2024-05-06,5.45,4.82,4.48,4.49,4.64,-0.33,2.14,2.35,0.88,3.03,0.76,1.47,,,,13.49,,
2024-05-07,5.45,4.82,4.48,4.47,4.61,-0.35,2.15,2.32,0.88,3.06,0.74,1.45,,,,13.23,,
2024-05-08,5.45,4.84,4.5,4.48,4.64,-0.36,2.17,2.31,0.89,3.1,0.76,1.47,,,,13.0,,
2024-05-09,5.46,4.8,4.47,4.45,4.6,-0.35,2.13,2.32,0.89,3.14,0.78,1.48,,,,12.69,,7.09
2024-05-10,5.47,4.87,4.52,4.5,4.64,-0.37,2.16,2.34,0.89,3.12,0.77,1.48,,,,12.55,-0.414,
2024-05-13,5.45,4.85,4.5,4.48,4.63,-0.37,2.15,2.33,0.9,3.14,0.78,1.48,,,,13.6,,
2024-05-14,5.44,4.81,4.46,4.45,4.59,-0.36,2.12,2.33,0.9,3.14,0.77,1.48,,,,13.42,,
2024-05-15,5.45,4.73,4.35,4.36,4.52,-0.37,2.05,2.31,0.9,3.13,0.79,1.49,,,,12.45,,
2024-05-16,5.45,4.78,4.4,4.38,4.52,-0.4,2.07,2.31,0.89,3.08,0.78,1.47,,,,12.42,,7.02
2024-05-17,5.46,4.83,4.44,4.42,4.56,-0.41,2.1,2.32,0.89,3.09,0.77,1.48,,,,11.99,-0.414,
2024-05-20,5.45,4.82,4.46,4.44,4.58,-0.38,2.11,2.33,0.88,3.07,0.76,1.47,,,,12.15,,
2024-05-21,5.45,4.82,4.43,4.41,4.55,-0.41,2.09,2.32,0.89,3.07,0.78,1.48,,,,11.86,,
2024-05-22,5.45,4.86,4.47,4.43,4.55,-0.43,2.1,2.33,0.89,3.11,0.78,1.46,,,,12.29,,
2024-05-23,5.46,4.91,4.52,4.47,4.58,-0.44,2.17,2.3,0.89,3.1,0.77,1.45,,,,12.77,,6.94
2024-05-24,5.46,4.93,4.53,4.46,4.57,-0.47,2.14,2.32,0.89,3.11,0.78,1.46,,,,11.93,-0.413,
2024-05-27,,,,,,,,,0.89,3.12,,,,,,12.36,,
2024-05-28,5.46,4.94,4.56,4.54,4.66,-0.4,2.2,2.34,0.88,3.09,0.78,1.45,,,,12.92,,
2024-05-29,5.46,4.96,4.63,4.61,4.74,-0.35,2.25,2.36,0.88,3.15,0.79,1.47,,,,14.28,,
2024-05-30,5.46,4.92,4.57,4.55,4.69,-0.37,2.19,2.36,0.88,3.19,0.79,1.46,,,,14.47,,7.03
2024-05-31,5.46,4.89,4.52,4.51,4.65,-0.38,2.16,2.35,0.88,3.2,0.79,1.46,,,,12.92,-0.409,
2024-06-01,,,,,,,,,,,,,318.39,100.894,4.1,,,
2024-06-03,5.52,4.82,4.42,4.41,4.55,-0.41,2.08,2.33,0.88,3.17,0.78,1.47,,,,13.11,,
2024-06-04,5.52,4.77,4.35,4.33,4.48,-0.44,2.02,2.31,0.9,3.22,0.81,1.49,,,,13.16,,
2024-06-05,5.51,4.72,4.31,4.29,4.44,-0.43,1.99,2.3,0.91,3.2,0.83,1.53,,,,12.63,,
2024-06-06,5.51,4.72,4.29,4.28,4.43,-0.44,2.0,2.28,0.92,3.2,0.83,1.5,,,,12.58,,6.99
2024-06-07,5.52,4.87,4.46,4.43,4.55,-0.44,2.13,2.3,0.9,3.15,0.77,1.46,,,,12.22,-0.403,
2024-06-10,5.52,4.87,4.48,4.47,4.59,-0.4,2.16,2.31,0.9,3.15,0.78,1.46,,,,12.74,,
2024-06-11,5.52,4.81,4.41,4.39,4.53,-0.42,2.12,2.27,0.91,3.19,0.81,1.48,,,,12.85,,
2024-06-12,5.51,4.75,4.32,4.31,4.47,-0.44,2.09,2.22,0.9,3.09,0.78,1.48,,,,12.04,,
2024-06-13,5.51,4.68,4.24,4.24,4.4,-0.44,2.03,2.21,0.92,3.2,0.81,1.51,,,,11.94,,6.95
2024-06-14,5.51,4.67,4.22,4.2,4.34,-0.47,2.03,2.17,0.95,3.29,0.84,1.53,,,,12.66,-0.396,
2024-06-17,5.52,4.75,4.3,4.28,4.4,-0.47,2.06,2.22,0.95,3.26,0.83,1.52,,,,12.75,,
2024-06-18,5.5,4.69,4.24,4.22,4.36,-0.47,2.01,2.21,0.96,3.24,0.84,1.52,,,,12.3,,
2024-06-19,,,,,,,,,0.96,3.24,,,,,,12.48,,
2024-06-20,5.5,4.7,4.26,4.25,4.39,-0.45,2.0,2.25,0.96,3.23,0.86,1.54,,,,13.28,,6.87
2024-06-21,5.49,4.7,4.26,4.25,4.39,-0.45,2.02,2.23,0.96,3.21,0.87,1.55,,,,13.2,-0.388,
2024-06-24,5.5,4.71,4.27,4.25,4.38,-0.46,2.03,2.22,0.96,3.19,0.82,1.53,,,,13.33,,
2024-06-25,5.49,4.65,4.25,4.23,4.36,-0.42,2.01,2.22,0.96,3.19,0.84,1.55,,,,12.84,,
2024-06-26,5.5,4.71,4.32,4.32,4.45,-0.39,2.06,2.26,0.97,3.18,0.85,1.55,,,,12.55,,
2024-06-27,5.49,4.7,4.29,4.29,4.43,-0.41,2.03,2.26,0.96,3.21,0.85,1.55,,,,12.24,,6.86
2024-06-28,5.48,4.71,4.33,4.36,4.51,-0.35,2.08,2.28,0.96,3.18,0.83,1.55,,,,12.44,-0.381,
2024-06-30,,,,,,,,,0.96,3.21,,,,,,,,
2024-07-01,5.47,4.77,4.44,4.48,4.64,-0.29,2.16,2.32,0.94,3.21,0.84,1.55,318.94,99.9757,4.2,12.22,,
2024-07-02,5.47,4.74,4.39,4.43,4.6,-0.31,2.13,2.3,0.93,3.23,0.84,1.56,,,,12.03,,
2024-07-03,5.47,4.71,4.33,4.36,4.53,-0.35,2.09,2.27,0.93,3.25,0.81,1.53,,,,12.09,,6.95
2024-07-04,,,,,,,,,0.93,3.25,,,,,,12.26,,
2024-07-05,5.46,4.6,4.22,4.28,4.47,-0.32,2.0,2.28,0.92,3.27,0.84,1.56,,,,12.48,-0.376,
2024-07-08,5.46,4.62,4.23,4.28,4.46,-0.34,2.01,2.27,0.92,3.2,0.83,1.54,,,,12.37,,
2024-07-09,5.46,4.62,4.24,4.3,4.49,-0.32,2.04,2.26,0.92,3.21,0.84,1.56,,,,12.51,,
2024-07-10,5.46,4.62,4.24,4.28,4.47,-0.34,2.01,2.27,0.92,3.17,0.84,1.56,,,,12.85,,
2024-07-11,5.44,4.5,4.13,4.2,4.41,-0.3,1.95,2.25,0.93,3.18,0.85,1.58,,,,12.92,,6.89
2024-07-12,5.43,4.45,4.1,4.18,4.39,-0.27,1.94,2.24,0.92,3.19,0.86,1.58,,,,12.46,-0.37,
2024-07-15,5.43,4.44,4.13,4.23,4.46,-0.21,1.96,2.27,0.92,3.13,0.86,1.58,,,,13.12,,
2024-07-16,5.43,4.43,4.09,4.17,4.38,-0.26,1.91,2.26,0.92,3.08,0.85,1.56,,,,13.19,,
2024-07-17,5.43,4.42,4.07,4.16,4.37,-0.26,1.9,2.26,0.93,3.09,0.85,1.56,,,,14.48,,
2024-07-18,5.43,4.46,4.11,4.2,4.41,-0.26,1.89,2.31,0.93,3.09,0.84,1.57,,,,15.93,,6.77
2024-07-19,5.43,4.49,4.16,4.25,4.45,-0.24,1.93,2.32,0.93,3.09,0.84,1.57,,,,16.52,-0.365,
2024-07-22,5.43,4.5,4.17,4.26,4.48,-0.24,1.96,2.3,0.93,3.05,0.87,1.58,,,,14.91,,
2024-07-23,5.41,4.4,4.15,4.25,4.48,-0.15,1.96,2.29,0.93,3.02,0.88,1.59,,,,14.72,,
2024-07-24,5.4,4.37,4.12,4.28,4.54,-0.09,2.0,2.28,0.96,3.1,0.94,1.65,,,,18.04,,
2024-07-25,5.39,4.41,4.13,4.27,4.5,-0.14,1.99,2.28,0.95,3.08,0.91,1.62,,,,18.46,,6.78
2024-07-26,5.38,4.36,4.06,4.2,4.45,-0.16,1.93,2.27,0.95,3.1,0.93,1.65,,,,16.39,-0.362,
2024-07-29,5.41,4.36,4.05,4.17,4.42,-0.19,1.92,2.25,0.95,3.13,0.94,1.66,,,,16.6,,
2024-07-30,5.4,4.35,4.03,4.15,4.4,-0.2,1.9,2.25,0.96,3.2,0.93,1.65,,,,17.69,,
2024-07-31,5.41,4.29,3.97,4.09,4.35,-0.2,1.85,2.24,0.97,3.25,0.95,1.68,,,,16.36,,
2024-08-01,5.37,4.16,3.84,3.99,4.27,-0.17,1.79,2.2,1.0,3.35,0.99,1.71,319.75,100.4309,4.2,18.59,,6.73
2024-08-02,5.29,3.88,3.62,3.8,4.11,-0.08,1.76,2.04,1.06,3.72,1.08,1.8,,,,23.39,-0.36,
2024-08-05,5.35,3.89,3.62,3.78,4.06,-0.11,1.71,2.07,1.12,3.93,1.1,1.85,,,,38.57,,
2024-08-06,5.34,3.99,3.73,3.9,4.18,-0.09,1.78,2.12,1.08,3.67,1.06,1.78,,,,27.71,,
2024-08-07,5.34,4.0,3.79,3.96,4.26,-0.04,1.85,2.11,1.07,3.57,1.07,1.8,,,,27.85,,
2024-08-08,5.34,4.04,3.83,3.99,4.28,-0.05,1.87,2.12,1.05,3.48,1.05,1.78,,,,23.79,,6.47
2024-08-09,5.33,4.05,3.8,3.94,4.23,-0.11,1.84,2.1,1.05,3.49,1.04,1.77,,,,20.37,-0.361,
2024-08-12,5.33,4.01,3.75,3.9,4.19,-0.11,1.79,2.11,1.05,3.52,1.07,1.78,,,,20.71,,
2024-08-13,5.32,3.93,3.68,3.85,4.16,-0.08,1.76,2.09,1.04,3.54,1.07,1.8,,,,18.12,,
2024-08-14,5.32,3.94,3.67,3.83,4.12,-0.11,1.77,2.06,1.02,3.46,1.0,1.74,,,,16.19,,
2024-08-15,5.34,4.08,3.79,3.92,4.18,-0.16,1.8,2.12,0.98,3.31,0.94,1.68,,,,15.23,,6.49
2024-08-16,5.33,4.06,3.77,3.89,4.15,-0.17,1.81,2.08,0.98,3.29,0.94,1.69,,,,14.8,-0.37,
2024-08-19,5.31,4.06,3.75,3.86,4.11,-0.2,1.79,2.07,0.97,3.21,0.94,1.68,,,,14.65,,
2024-08-20,5.29,3.99,3.7,3.82,4.07,-0.17,1.75,2.07,0.98,3.25,0.94,1.69,,,,15.88,,
2024-08-21,5.26,3.92,3.64,3.79,4.06,-0.13,1.72,2.07,0.98,3.27,0.94,1.69,,,,16.27,,
2024-08-22,5.28,3.99,3.72,3.86,4.13,-0.13,1.76,2.1,0.97,3.21,0.95,1.7,,,,17.55,,6.46
2024-08-23,5.25,3.9,3.65,3.81,4.1,-0.09,1.68,2.13,0.96,3.19,0.95,1.7,,,,15.86,-0.38,
2024-08-26,5.24,3.91,3.66,3.82,4.11,-0.09,1.67,2.15,0.96,3.15,0.95,1.7,,,,16.15,,
2024-08-27,5.23,3.83,3.66,3.83,4.13,0.0,1.68,2.15,0.96,3.17,0.96,1.71,,,,15.43,,
2024-08-28,5.21,3.83,3.63,3.84,4.13,0.01,1.69,2.15,0.96,3.19,0.96,1.71,,,,17.11,,
2024-08-29,5.22,3.87,3.66,3.87,4.15,0.0,1.71,2.16,0.96,3.15,0.95,1.69,,,,15.65,,6.35
2024-08-30,5.21,3.91,3.71,3.91,4.2,0.0,1.76,2.15,0.95,3.13,0.96,1.69,,,,15.0,-0.392,
2024-08-31,,,,,,,,,0.96,3.17,,,,,,,,
2024-09-01,,,,,,,,,,,,,320.732,99.8084,4.1,,,
2024-09-02,,,,,,,,,0.96,3.17,,,,,,15.55,,
2024-09-03,5.19,3.88,3.65,3.84,4.13,-0.04,1.73,2.11,0.98,3.31,0.97,1.73,,,,20.72,,
2024-09-04,5.18,3.76,3.56,3.77,4.06,0.01,1.7,2.07,0.99,3.35,0.98,1.73,,,,21.32,,
2024-09-05,5.15,3.75,3.54,3.73,4.02,-0.02,1.7,2.03,0.99,3.29,0.99,1.73,,,,19.9,,6.35
2024-09-06,5.13,3.66,3.5,3.72,4.03,0.06,1.69,2.03,0.99,3.39,1.0,1.73,,,,22.38,-0.403,
2024-09-09,5.11,3.68,3.49,3.7,4.0,0.02,1.66,2.04,0.99,3.36,1.0,1.73,,,,19.45,,
2024-09-10,5.06,3.59,3.43,3.65,3.97,0.06,1.63,2.02,1.01,3.46,1.0,1.74,,,,19.08,,
2024-09-11,5.1,3.62,3.45,3.65,3.96,0.03,1.61,2.04,1.01,3.44,1.01,1.75,,,,17.69,,
2024-09-12,5.06,3.64,3.47,3.68,4.0,0.04,1.63,2.05,0.99,3.39,1.0,1.74,,,,17.07,,6.2
2024-09-13,4.97,3.57,3.43,3.66,3.98,0.09,1.58,2.08,0.99,3.37,0.99,1.72,,,,16.56,-0.413,
2024-09-16,4.96,3.56,3.41,3.63,3.94,0.07,1.54,2.09,0.98,3.32,0.96,1.7,,,,17.14,,
2024-09-17,4.95,3.59,3.44,3.65,3.96,0.06,1.53,2.12,0.97,3.25,0.95,1.68,,,,17.61,,
2024-09-18,4.84,3.61,3.47,3.7,4.03,0.09,1.58,2.12,0.95,3.21,0.95,1.67,,,,18.23,,
2024-09-19,4.8,3.59,3.49,3.73,4.06,0.14,1.56,2.17,0.93,3.1,0.93,1.67,,,,16.33,,6.09
2024-09-20,4.75,3.55,3.48,3.73,4.07,0.18,1.58,2.15,0.93,3.15,0.93,1.67,,,,16.15,-0.421,
2024-09-23,4.72,3.57,3.51,3.75,4.09,0.18,1.58,2.17,0.92,3.15,0.91,1.65,,,,15.89,,
2024-09-24,4.69,3.49,3.47,3.74,4.09,0.25,1.55,2.19,0.92,3.21,0.92,1.66,,,,15.39,,
2024-09-25,4.69,3.53,3.52,3.79,4.14,0.26,1.61,2.18,0.92,3.19,0.93,1.65,,,,15.41,,
2024-09-26,4.68,3.6,3.55,3.79,4.12,0.19,1.63,2.16,0.92,3.14,0.92,1.65,,,,15.37,,6.08
2024-09-27,4.68,3.55,3.5,3.75,4.1,0.2,1.6,2.15,0.92,3.14,0.94,1.66,,,,16.96,-0.428,
2024-09-30,4.73,3.66,3.58,3.81,4.14,0.15,1.63,2.18,0.92,3.03,0.91,1.63,,,,16.73,,
2024-10-01,4.71,3.61,3.51,3.74,4.08,0.13,1.55,2.19,0.92,3.07,0.94,1.65,321.731,99.4695,4.1,19.26,,
2024-10-02,4.69,3.63,3.55,3.79,4.14,0.16,1.58,2.21,0.91,3.06,0.92,1.64,,,,18.9,,
2024-10-03,4.68,3.7,3.62,3.85,4.18,0.15,1.64,2.21,0.9,3.04,0.91,1.62,,,,20.49,,6.12
2024-10-04,4.73,3.93,3.81,3.98,4.26,0.05,1.75,2.23,0.87,2.89,0.85,1.57,,,,19.21,-0.432,
2024-10-07,4.77,3.99,3.86,4.03,4.3,0.04,1.76,2.27,0.86,2.95,0.84,1.54,,,,22.64,,
2024-10-08,4.75,3.98,3.86,4.04,4.32,0.06,1.77,2.27,0.87,2.99,0.85,1.55,,,,21.42,,
2024-10-09,4.75,3.99,3.91,4.06,4.34,0.07,1.77,2.29,0.85,2.94,0.85,1.54,,,,20.86,,
2024-10-10,4.75,3.98,3.91,4.09,4.38,0.11,1.76,2.33,0.84,2.99,0.85,1.54,,,,20.93,,6.32
2024-10-11,4.73,3.95,3.88,4.08,4.39,0.13,1.75,2.33,0.84,2.98,0.85,1.54,,,,20.46,-0.436,
2024-10-14,,,,,,,,,0.84,2.97,,,,,,19.7,,
2024-10-15,4.73,3.95,3.86,4.03,4.32,0.08,1.75,2.28,0.83,2.93,0.83,1.53,,,,20.64,,
2024-10-16,4.72,3.93,3.84,4.02,4.3,0.09,1.75,2.27,0.83,2.9,0.82,1.51,,,,19.58,,
2024-10-17,4.74,3.96,3.9,4.09,4.39,0.13,1.79,2.3,0.83,2.89,0.85,1.53,,,,19.11,,6.44
2024-10-18,4.73,3.95,3.88,4.08,4.38,0.13,1.77,2.31,0.83,2.88,0.86,1.53,,,,18.03,-0.441,
2024-10-21,4.73,4.02,3.98,4.19,4.49,0.17,1.88,2.31,0.85,2.88,0.88,1.54,,,,18.37,,
2024-10-22,4.72,4.03,4.0,4.2,4.49,0.17,1.87,2.33,0.85,2.92,0.89,1.55,,,,18.2,,
2024-10-23,4.73,4.07,4.05,4.24,4.51,0.17,1.93,2.31,0.86,2.95,0.87,1.54,,,,19.24,,
2024-10-24,4.7,4.07,4.03,4.21,4.47,0.14,1.91,2.3,0.86,2.93,0.85,1.52,,,,19.08,,6.54
2024-10-25,4.73,4.11,4.07,4.25,4.51,0.14,1.96,2.29,0.85,2.89,0.84,1.51,,,,20.33,-0.445,
2024-10-28,4.7,4.12,4.11,4.28,4.53,0.16,1.99,2.29,0.84,2.82,0.84,1.51,,,,19.8,,
2024-10-29,4.7,4.11,4.11,4.28,4.52,0.17,1.98,2.3,0.84,2.85,0.82,1.49,,,,19.34,,
2024-10-30,4.67,4.15,4.14,4.29,4.49,0.14,1.95,2.34,0.84,2.8,0.78,1.44,,,,20.35,,
2024-10-31,4.64,4.16,4.15,4.28,4.47,0.12,1.95,2.33,0.86,2.88,0.81,1.46,,,,23.16,,6.72
2024-11-01,4.61,4.21,4.22,4.37,4.57,0.16,2.04,2.33,0.86,2.83,0.8,1.46,322.657,99.2925,4.2,21.88,-0.451,
2024-11-04,4.65,4.17,4.17,4.31,4.5,0.14,2.03,2.28,0.86,2.87,0.8,1.46,,,,21.98,,
2024-11-05,4.64,4.19,4.16,4.26,4.44,0.07,1.99,2.27,0.84,2.86,0.79,1.45,,,,20.49,,
2024-11-06,4.64,4.27,4.27,4.42,4.6,0.15,2.04,2.38,0.8,2.74,0.73,1.4,,,,16.27,,
2024-11-07,4.63,4.21,4.17,4.31,4.52,0.1,1.98,2.33,0.78,2.73,0.78,1.44,,,,15.2,,6.79
2024-11-08,4.63,4.26,4.2,4.3,4.47,0.04,1.95,2.35,0.77,2.63,0.73,1.38,,,,14.94,-0.459,
2024-11-11,,,,,,,,,0.77,2.63,,,,,,14.97,,
2024-11-12,4.63,4.34,4.32,4.43,4.58,0.09,2.08,2.35,0.77,2.61,0.71,1.36,,,,14.71,,
2024-11-13,4.6,4.27,4.3,4.44,4.63,0.17,2.09,2.35,0.78,2.64,0.78,1.41,,,,14.02,,
2024-11-14,4.61,4.34,4.32,4.43,4.58,0.09,2.1,2.33,0.8,2.6,0.74,1.39,,,,14.31,,6.78
2024-11-15,4.6,4.31,4.3,4.43,4.6,0.12,2.1,2.33,0.8,2.72,0.78,1.41,,,,16.14,-0.467,
2024-11-18,4.63,4.29,4.28,4.42,4.61,0.13,2.08,2.34,0.8,2.72,0.77,1.42,,,,15.58,,
2024-11-19,4.62,4.27,4.25,4.39,4.57,0.12,2.05,2.34,0.8,2.69,0.77,1.42,,,,16.35,,
2024-11-20,4.62,4.31,4.28,4.41,4.59,0.1,2.06,2.35,0.81,2.67,0.79,1.43,,,,17.16,,
2024-11-21,4.63,4.34,4.3,4.43,4.61,0.09,2.09,2.34,0.81,2.61,0.79,1.43,,,,16.87,,6.84
2024-11-22,4.63,4.37,4.3,4.41,4.6,0.04,2.07,2.34,0.8,2.61,0.81,1.43,,,,15.24,-0.472,
2024-11-25,4.62,4.21,4.17,4.27,4.45,0.06,1.98,2.29,0.8,2.64,0.81,1.42,,,,14.6,,
2024-11-26,4.61,4.21,4.17,4.3,4.48,0.09,2.02,2.28,0.81,2.68,0.81,1.43,,,,14.1,,
2024-11-27,4.6,4.19,4.11,4.25,4.44,0.06,1.99,2.26,0.82,2.69,0.82,1.43,,,,14.1,,6.81
2024-11-28,,,,,,,,,0.82,2.69,,,,,,13.9,,
2024-11-29,4.58,4.13,4.05,4.18,4.36,0.05,1.92,2.26,0.82,2.72,0.83,1.44,,,,13.51,-0.475,
2024-11-30,,,,,,,,,0.83,2.74,,,,,,,,
2024-12-01,,,,,,,,,,,,,323.259,100.3273,4.1,,,
2024-12-02,4.51,4.17,4.08,4.19,4.36,0.02,1.93,2.26,0.81,2.68,0.79,1.41,,,,13.34,,
2024-12-03,4.49,4.17,4.11,4.23,4.4,0.06,1.95,2.28,0.8,2.66,0.79,1.4,,,,13.3,,
2024-12-04,4.47,4.13,4.07,4.19,4.35,0.06,1.9,2.29,0.8,2.66,0.78,1.39,,,,13.45,,
2024-12-05,4.46,4.15,4.07,4.17,4.33,0.02,1.92,2.25,0.81,2.66,0.8,1.4,,,,13.54,,6.69
2024-12-06,4.42,4.1,4.03,4.15,4.34,0.05,1.91,2.24,0.81,2.67,0.81,1.42,,,,12.77,-0.477,
2024-12-09,4.42,4.13,4.07,4.2,4.39,0.07,1.93,2.27,0.81,2.67,0.82,1.42,,,,14.19,,
2024-12-10,4.41,4.15,4.09,4.22,4.41,0.07,1.93,2.29,0.8,2.67,0.81,1.41,,,,14.18,,
2024-12-11,4.38,4.15,4.13,4.26,4.48,0.11,1.96,2.3,0.78,2.64,0.84,1.42,,,,13.58,,
2024-12-12,4.35,4.18,4.18,4.32,4.55,0.14,2.0,2.32,0.79,2.66,0.84,1.44,,,,13.92,,6.6
2024-12-13,4.34,4.25,4.25,4.4,4.61,0.15,2.07,2.33,0.78,2.68,0.83,1.42,,,,13.81,-0.479,
2024-12-16,4.37,4.25,4.25,4.39,4.6,0.14,2.07,2.32,0.78,2.69,0.82,1.42,,,,14.69,,
2024-12-17,4.38,4.25,4.26,4.4,4.59,0.15,2.09,2.31,0.79,2.75,0.79,1.39,,,,15.87,,
2024-12-18,4.36,4.35,4.4,4.5,4.65,0.15,2.18,2.32,0.79,2.73,0.76,1.37,,,,27.62,,
2024-12-19,4.35,4.32,4.43,4.57,4.74,0.25,2.28,2.29,0.82,2.91,0.8,1.4,,,,24.09,,6.72
2024-12-20,4.34,4.3,4.37,4.52,4.72,0.22,2.23,2.29,0.82,2.86,0.83,1.43,,,,18.36,-0.48,
2024-12-23,4.36,4.3,4.44,4.59,4.78,0.29,2.27,2.32,0.82,2.85,0.83,1.42,,,,16.78,,
2024-12-24,4.4,4.29,4.43,4.59,4.76,0.3,2.24,2.35,1.095,2.86,0.8,1.39,,,,14.27,,
2024-12-25,,,,,,,,,,,,,,,,,,
2024-12-26,4.35,4.3,4.42,4.58,4.76,0.28,2.23,2.35,0.81,2.86,0.77,1.4,,,,14.73,,6.85
2024-12-27,4.31,4.31,4.45,4.62,4.82,0.31,2.28,2.34,0.81,2.84,0.77,1.4,,,,15.95,-0.484,
2024-12-30,4.37,4.24,4.37,4.55,4.77,0.31,2.24,2.31,0.82,2.94,0.8,1.43,,,,17.4,,
2024-12-31,4.37,4.25,4.38,4.58,4.78,0.33,2.24,2.34,0.82,2.92,0.82,1.42,,,,17.35,,
2025-01-01,,,,,,,,,,,,,324.638,100.0647,4.0,,,
2025-01-02,4.36,4.25,4.38,4.57,4.79,0.32,2.23,2.34,0.83,2.88,0.84,1.45,,,,17.93,,6.91
2025-01-03,4.34,4.28,4.41,4.6,4.82,0.32,2.26,2.34,0.83,2.81,0.84,1.44,,,,16.13,-0.489,
2025-01-06,4.35,4.28,4.42,4.62,4.85,0.34,2.28,2.34,0.84,2.76,0.84,1.44,,,,16.04,,
2025-01-07,4.35,4.3,4.46,4.67,4.91,0.37,2.29,2.38,0.84,2.79,0.87,1.47,,,,17.82,,
2025-01-08,4.35,4.28,4.45,4.67,4.91,0.39,2.27,2.4,0.83,2.84,0.87,1.48,,,,17.7,,
2025-01-09,4.35,4.27,4.46,4.68,4.92,0.41,2.29,2.39,0.83,2.82,0.85,1.46,,,,18.07,,6.93
2025-01-10,4.36,4.4,4.59,4.77,4.96,0.37,2.34,2.43,0.83,2.81,0.81,1.42,,,,19.54,-0.495,
2025-01-13,4.37,4.4,4.61,4.79,4.97,0.39,2.34,2.45,0.84,2.85,0.82,1.44,,,,19.19,,
2025-01-14,4.36,4.37,4.59,4.78,4.98,0.41,2.34,2.44,0.84,2.8,0.83,1.44,,,,18.71,,
2025-01-15,4.35,4.27,4.45,4.66,4.88,0.39,2.24,2.42,0.83,2.72,0.82,1.44,,,,16.12,,
2025-01-16,4.34,4.23,4.39,4.61,4.84,0.38,2.19,2.42,0.83,2.73,0.85,1.46,,,,16.6,,7.04
2025-01-17,4.34,4.27,4.42,4.61,4.84,0.34,2.2,2.41,0.82,2.64,0.84,1.46,,,,15.97,-0.5,
2025-01-20,,,,,,,,,0.82,2.64,,,,,,15.81,,
2025-01-21,4.36,4.29,4.4,4.57,4.8,0.28,2.19,2.38,0.82,2.61,0.83,1.46,,,,15.06,,
2025-01-22,4.36,4.29,4.43,4.6,4.82,0.31,2.2,2.4,0.81,2.59,0.81,1.43,,,,15.1,,
2025-01-23,4.36,4.29,4.45,4.65,4.87,0.36,2.23,2.42,0.8,2.61,0.81,1.43,,,,15.02,,6.96
2025-01-24,4.35,4.27,4.43,4.63,4.85,0.36,2.2,2.43,0.8,2.6,0.81,1.43,,,,14.85,-0.505,
2025-01-27,4.32,4.17,4.32,4.53,4.76,0.36,2.13,2.4,0.81,2.66,0.83,1.45,,,,17.9,,
2025-01-28,4.31,4.19,4.33,4.55,4.78,0.36,2.13,2.42,0.81,2.66,0.83,1.45,,,,16.41,,
2025-01-29,4.31,4.21,4.35,4.55,4.79,0.34,2.15,2.4,0.81,2.68,0.83,1.45,,,,16.56,,
2025-01-30,4.3,4.18,4.31,4.52,4.76,0.34,2.14,2.38,0.81,2.67,0.83,1.45,,,,15.84,,6.95
2025-01-31,4.31,4.22,4.36,4.58,4.83,0.36,2.16,2.42,0.82,2.68,0.85,1.45,,,,16.43,-0.508,
2025-02-01,,,,,,,,,,,,,325.465,101.0993,4.2,,,
2025-02-03,4.34,4.26,4.35,4.54,4.77,0.28,2.09,2.45,0.83,2.73,0.86,1.46,,,,18.62,,
2025-02-04,4.33,4.21,4.31,4.52,4.75,0.31,2.08,2.44,0.82,2.71,0.85,1.46,,,,17.21,,
2025-02-05,4.33,4.17,4.24,4.43,4.64,0.26,2.01,2.42,0.83,2.69,0.84,1.45,,,,15.77,,
2025-02-06,4.34,4.21,4.28,4.45,4.65,0.24,2.03,2.42,0.84,2.66,0.83,1.44,,,,15.5,,6.89
2025-02-07,4.35,4.29,4.34,4.49,4.69,0.2,2.07,2.42,0.84,2.67,0.84,1.45,,,,16.54,-0.507,
2025-02-10,4.35,4.28,4.34,4.51,4.71,0.23,2.07,2.44,0.84,2.66,0.84,1.45,,,,15.81,,
2025-02-11,4.35,4.29,4.37,4.54,4.75,0.25,2.08,2.46,0.83,2.66,0.86,1.46,,,,16.02,,
2025-02-12,4.35,4.36,4.48,4.62,4.83,0.26,2.16,2.46,0.81,2.65,0.85,1.45,,,,15.89,,
2025-02-13,4.34,4.31,4.39,4.52,4.72,0.21,2.08,2.44,0.81,2.65,0.84,1.44,,,,15.1,,6.87
2025-02-14,4.34,4.26,4.33,4.47,4.69,0.21,2.04,2.43,0.8,2.62,0.85,1.46,,,,14.77,-0.502,
2025-02-17,,,,,,,,,0.8,2.62,,,,,,15.37,,
2025-02-18,4.34,4.29,4.4,4.55,4.77,0.26,2.1,2.45,0.79,2.62,0.83,1.44,,,,15.35,,
2025-02-19,4.34,4.28,4.37,4.53,4.76,0.25,2.08,2.45,0.79,2.68,0.85,1.46,,,,15.27,,
2025-02-20,4.33,4.28,4.34,4.5,4.74,0.22,2.05,2.45,0.8,2.66,0.87,1.47,,,,15.66,,6.85
2025-02-21,4.32,4.19,4.26,4.42,4.67,0.23,2.0,2.42,0.81,2.78,0.89,1.49,,,,18.21,-0.493,
2025-02-24,4.31,4.13,4.23,4.4,4.66,0.27,1.98,2.42,0.81,2.78,0.89,1.48,,,,18.98,,
2025-02-25,4.3,4.07,4.12,4.3,4.55,0.23,1.92,2.38,0.84,2.84,0.91,1.5,,,,19.43,,
2025-02-26,4.31,4.05,4.06,4.25,4.51,0.2,1.89,2.36,0.84,2.81,0.92,1.51,,,,19.1,,
2025-02-27,4.32,4.07,4.09,4.29,4.56,0.22,1.92,2.37,0.85,2.81,0.92,1.52,,,,21.13,,6.76
2025-02-28,4.32,3.99,4.03,4.24,4.51,0.25,1.86,2.38,0.88,2.87,0.97,1.57,,,,19.63,-0.48,
2025-03-01,,,,,,,,,,,,,325.69,101.0404,4.2,,,
2025-03-03,4.35,3.96,3.97,4.16,4.45,0.2,1.8,2.36,0.89,2.94,1.0,1.61,,,,22.78,,
2025-03-04,4.34,3.96,4.01,4.22,4.53,0.26,1.87,2.35,0.89,2.99,1.0,1.61,,,,23.51,,
2025-03-05,4.35,3.99,4.08,4.28,4.57,0.29,1.94,2.34,0.87,2.88,0.95,1.57,,,,21.93,,
2025-03-06,4.34,3.96,4.06,4.29,4.58,0.33,1.95,2.34,0.88,2.99,0.97,1.59,,,,24.87,,6.63
2025-03-07,4.34,3.99,4.09,4.32,4.62,0.33,1.99,2.33,0.89,2.97,0.98,1.61,,,,23.37,-0.463,
2025-03-10,4.33,3.89,3.98,4.22,4.54,0.33,1.91,2.31,0.91,3.16,1.01,1.64,,,,27.86,,
2025-03-11,4.34,3.94,4.03,4.28,4.59,0.34,1.97,2.31,0.94,3.22,1.04,1.68,,,,26.92,,
2025-03-12,4.35,4.01,4.09,4.32,4.63,0.31,1.99,2.33,0.96,3.2,1.03,1.65,,,,24.23,,
2025-03-13,4.34,3.94,4.02,4.27,4.59,0.33,1.98,2.29,0.97,3.4,1.05,1.7,,,,24.66,,6.65
2025-03-14,4.33,4.02,4.09,4.31,4.62,0.29,2.01,2.3,0.94,3.25,0.99,1.65,,,,21.77,-0.445,
2025-03-17,4.34,4.06,4.11,4.31,4.6,0.25,2.02,2.29,0.93,3.18,0.98,1.63,,,,20.51,,
2025-03-18,4.34,4.04,4.07,4.29,4.58,0.25,1.99,2.3,0.93,3.23,0.98,1.63,,,,21.7,,
2025-03-19,4.33,3.99,4.03,4.25,4.56,0.26,1.94,2.31,0.91,3.19,1.0,1.64,,,,19.9,,
2025-03-20,4.33,3.95,4.01,4.24,4.55,0.29,1.93,2.31,0.91,3.17,1.0,1.64,,,,19.8,,6.67
2025-03-21,4.33,3.94,4.0,4.25,4.59,0.31,1.92,2.33,0.92,3.21,1.03,1.68,,,,19.28,-0.427,
2025-03-24,4.33,4.04,4.09,4.34,4.66,0.3,1.98,2.36,0.9,3.05,0.98,1.64,,,,17.48,,
2025-03-25,4.33,3.96,4.07,4.31,4.65,0.35,1.96,2.35,0.9,3.09,1.01,1.66,,,,17.15,,
2025-03-26,4.33,3.98,4.08,4.35,4.69,0.37,1.98,2.37,0.91,3.19,1.01,1.66,,,,18.33,,
2025-03-27,4.33,3.97,4.09,4.38,4.73,0.41,1.99,2.39,0.91,3.27,1.02,1.68,,,,18.69,,6.65
2025-03-28,4.33,3.89,3.98,4.27,4.64,0.38,1.9,2.37,0.94,3.47,1.05,1.73,,,,21.65,-0.41,
2025-03-31,4.32,3.89,3.96,4.23,4.59,0.34,1.85,2.38,0.97,3.55,1.08,1.76,,,,22.28,,
2025-04-01,4.32,3.87,3.91,4.17,4.52,0.3,1.84,2.33,0.98,3.5,1.06,1.73,326.467,101.1279,4.2,21.77,,
2025-04-02,4.32,3.91,3.95,4.2,4.54,0.29,1.88,2.32,0.96,3.42,1.05,1.73,,,,21.51,,
2025-04-03,4.31,3.71,3.75,4.06,4.49,0.35,1.78,2.28,1.06,4.01,1.22,1.89,,,,30.02,,6.64
2025-04-04,4.28,3.68,3.72,4.01,4.41,0.33,1.83,2.18,1.14,4.45,1.24,1.94,,,,45.31,-0.395,
2025-04-07,4.29,3.73,3.82,4.15,4.58,0.42,1.96,2.19,1.2,4.61,1.3,2.02,,,,46.98,,
2025-04-08,4.31,3.71,3.88,4.26,4.71,0.55,2.04,2.22,1.18,4.57,1.29,2.0,,,,52.33,,
2025-04-09,4.35,3.91,4.06,4.34,4.72,0.43,2.07,2.27,1.21,4.37,1.26,2.02,,,,33.62,,
2025-04-10,4.34,3.84,4.04,4.4,4.86,0.56,2.21,2.19,1.18,4.42,1.26,1.97,,,,40.72,,6.62
2025-04-11,4.34,3.96,4.15,4.48,4.85,0.52,2.28,2.2,1.18,4.26,1.19,1.9,,,,37.56,-0.384,
2025-04-14,4.33,3.84,4.02,4.38,4.8,0.54,2.15,2.23,1.15,4.14,1.15,1.9,,,,30.89,,
2025-04-15,4.33,3.84,3.98,4.35,4.79,0.51,2.16,2.19,1.14,4.09,1.16,1.9,,,,30.12,,
2025-04-16,4.33,3.77,3.91,4.29,4.74,0.52,2.12,2.17,1.13,4.16,1.19,1.92,,,,32.64,,
2025-04-17,4.34,3.81,3.95,4.34,4.8,0.53,2.11,2.23,1.11,4.02,1.17,1.92,,,,29.65,,6.83
2025-04-18,,,,,,,,,,,,,,,,,-0.385,
2025-04-21,4.34,3.75,3.97,4.42,4.91,0.67,2.2,2.22,1.12,4.16,1.19,1.96,,,,33.82,,
2025-04-22,4.33,3.76,3.98,4.41,4.88,0.65,2.14,2.27,1.11,3.99,1.16,1.93,,,,30.57,,
2025-04-23,4.33,3.81,4.0,4.4,4.83,0.59,2.11,2.29,1.08,3.75,1.11,1.86,,,,28.45,,
2025-04-24,4.32,3.77,3.91,4.32,4.77,0.55,2.02,2.3,1.06,3.73,1.1,1.86,,,,26.47,,6.81
2025-04-25,4.32,3.74,3.88,4.29,4.74,0.55,2.02,2.27,1.04,3.67,1.09,1.84,,,,24.84,-0.391,
2025-04-28,4.32,3.67,3.81,4.23,4.69,0.56,1.98,2.25,1.04,3.73,1.11,1.87,,,,25.15,,
2025-04-29,4.31,3.65,3.77,4.19,4.64,0.54,1.96,2.23,1.06,3.74,1.14,1.88,,,,24.17,,
2025-04-30,4.31,3.6,3.72,4.17,4.66,0.57,1.94,2.23,1.09,3.94,1.21,1.96,,,,24.7,,
2025-05-01,4.31,3.7,3.81,4.25,4.74,0.55,2.0,2.25,1.09,3.78,1.2,1.95,326.893,100.9655,4.3,24.6,,6.76
2025-05-02,4.33,3.83,3.92,4.33,4.79,0.5,2.06,2.27,1.06,3.6,1.16,1.9,,,,22.68,-0.405,
2025-05-05,4.33,3.83,3.95,4.36,4.83,0.53,2.08,2.28,1.05,3.6,1.16,1.91,,,,23.64,,
2025-05-06,4.33,3.78,3.9,4.3,4.81,0.52,2.04,2.26,1.05,3.66,1.21,1.95,,,,24.76,,
2025-05-07,4.34,3.78,3.87,4.26,4.77,0.48,2.01,2.25,1.05,3.67,1.21,1.95,,,,23.55,,
2025-05-08,4.34,3.9,4.0,4.37,4.83,0.47,2.08,2.29,1.02,3.51,1.15,1.89,,,,22.48,,6.76
2025-05-09,4.34,3.88,4.0,4.37,4.83,0.49,2.08,2.29,1.02,3.53,1.13,1.89,,,,21.9,-0.422,
2025-05-12,4.42,3.98,4.09,4.45,4.89,0.47,2.16,2.29,0.97,3.15,1.07,1.82,,,,18.39,,
2025-05-13,4.41,4.02,4.12,4.49,4.94,0.47,2.17,2.32,0.94,3.09,1.08,1.82,,,,18.22,,
2025-05-14,4.41,4.05,4.17,4.53,4.97,0.48,2.16,2.37,0.93,3.1,1.07,1.8,,,,18.62,,
2025-05-15,4.38,3.96,4.07,4.45,4.91,0.49,2.11,2.34,0.94,3.2,1.09,1.83,,,,17.83,,6.81
2025-05-16,4.37,3.98,4.06,4.43,4.89,0.45,2.09,2.34,0.93,3.16,1.09,1.82,,,,17.24,-0.44,
2025-05-19,4.39,3.97,4.07,4.46,4.92,0.49,2.1,2.36,0.92,3.21,1.09,1.84,,,,18.14,,
2025-05-20,4.38,3.97,4.07,4.48,4.96,0.51,2.13,2.35,0.9,3.2,1.09,1.82,,,,18.09,,
2025-05-21,4.36,4.0,4.15,4.58,5.08,0.58,2.23,2.35,0.91,3.25,1.13,1.85,,,,20.87,,
2025-05-22,4.37,4.0,4.11,4.54,5.05,0.54,2.2,2.34,0.92,3.32,1.13,1.87,,,,20.28,,6.86
2025-05-23,4.36,4.0,4.08,4.51,5.04,0.51,2.18,2.33,0.93,3.4,1.13,1.88,,,,22.29,-0.455,
2025-05-26,,,,,,,,,0.93,3.4,,,,,,20.57,,
2025-05-27,4.35,3.92,4.04,4.43,4.94,0.51,2.11,2.32,0.91,3.24,1.07,1.84,,,,18.96,,
2025-05-28,4.35,3.96,4.05,4.47,4.97,0.51,2.15,2.32,0.9,3.23,1.09,1.83,,,,19.31,,
2025-05-29,4.36,3.92,4.0,4.43,4.92,0.51,2.11,2.32,0.9,3.22,1.06,1.81,,,,19.18,,6.89
2025-05-30,4.36,3.89,3.96,4.41,4.92,0.52,2.07,2.34,0.91,3.31,1.1,1.84,,,,18.57,-0.467,
2025-05-31,,,,,,,,,0.92,3.32,,,,,,,,
2025-06-01,,,,,,,,,,,,,327.658,101.4785,4.1,,,
2025-06-02,4.44,3.94,4.01,4.46,4.99,0.52,2.13,2.33,0.91,3.27,1.1,1.84,,,,18.36,,
2025-06-03,4.43,3.96,4.04,4.46,4.98,0.5,2.14,2.32,0.89,3.19,1.07,1.81,,,,17.69,,
2025-06-04,4.44,3.87,3.93,4.37,4.89,0.5,2.06,2.31,0.89,3.23,1.08,1.8,,,,17.61,,
2025-06-05,4.44,3.92,3.99,4.4,4.88,0.48,2.11,2.29,0.89,3.18,1.06,1.77,,,,18.48,,6.85
2025-06-06,4.43,4.04,4.13,4.51,4.97,0.47,2.2,2.31,0.87,3.09,1.03,1.73,,,,16.77,-0.476,
2025-06-09,4.44,4.01,4.09,4.49,4.95,0.48,2.18,2.31,0.87,3.12,1.02,1.72,,,,17.16,,
2025-06-10,4.45,4.01,4.08,4.47,4.93,0.46,2.18,2.29,0.87,3.12,1.03,1.71,,,,16.95,,
2025-06-11,4.45,3.94,4.02,4.41,4.91,0.47,2.14,2.27,0.87,3.12,1.04,1.74,,,,17.26,,
2025-06-12,4.46,3.9,3.97,4.36,4.84,0.46,2.11,2.25,0.88,3.17,1.05,1.73,,,,18.02,,6.84
2025-06-13,4.45,3.96,4.02,4.41,4.9,0.45,2.13,2.28,0.88,3.18,1.06,1.75,,,,20.82,-0.483,
2025-06-16,4.43,3.97,4.04,4.46,4.96,0.49,2.16,2.3,0.87,3.1,1.04,1.74,,,,19.11,,
2025-06-17,4.42,3.94,3.99,4.39,4.88,0.45,2.08,2.31,0.88,3.17,1.06,1.74,,,,21.6,,
2025-06-18,4.42,3.94,3.98,4.38,4.88,0.44,2.07,2.31,0.88,3.16,1.08,1.77,,,,20.14,,6.81
2025-06-19,,,,,,,,,0.88,3.16,,,,,,22.17,,
2025-06-20,4.39,3.9,3.96,4.38,4.89,0.48,2.05,2.33,0.88,3.13,1.08,1.76,,,,20.62,-0.489,
2025-06-23,4.38,3.84,3.91,4.34,4.87,0.5,2.04,2.3,0.89,3.12,1.09,1.77,,,,19.83,,
2025-06-24,4.38,3.75,3.86,4.3,4.83,0.55,2.01,2.29,0.88,3.06,1.1,1.78,,,,17.48,,
2025-06-25,4.38,3.74,3.83,4.29,4.83,0.55,2.01,2.28,0.88,3.04,1.14,1.79,,,,16.76,,
2025-06-26,4.39,3.7,3.79,4.26,4.81,0.56,1.98,2.28,0.89,3.04,1.16,1.8,,,,16.59,,6.77
2025-06-27,4.39,3.73,3.83,4.29,4.85,0.56,2.0,2.29,0.88,3.02,1.15,1.79,,,,16.32,-0.496,
2025-06-30,4.41,3.72,3.79,4.24,4.78,0.52,1.95,2.29,0.86,2.96,1.1,1.75,,,,16.73,,
2025-07-01,4.4,3.78,3.84,4.26,4.78,0.48,1.97,2.29,0.84,2.91,1.06,1.72,328.682,101.894,4.3,16.83,,
2025-07-02,4.41,3.78,3.87,4.3,4.82,0.52,2.0,2.3,0.83,2.88,1.05,1.7,,,,16.64,,
2025-07-03,4.42,3.88,3.94,4.35,4.86,0.47,2.02,2.33,0.8,2.8,1.02,1.67,,,,16.38,,6.67
2025-07-04,,,,,,,,,0.8,2.8,,,,,,17.48,-0.503,
2025-07-07,4.42,3.9,3.96,4.4,4.92,0.5,2.05,2.35,0.81,2.86,1.06,1.71,,,,17.79,,
2025-07-08,4.42,3.9,3.99,4.42,4.94,0.52,2.07,2.35,0.82,2.92,1.05,1.71,,,,16.81,,
2025-07-09,4.42,3.86,3.92,4.34,4.87,0.48,2.01,2.33,0.83,2.94,1.08,1.73,,,,15.94,,
2025-07-10,4.42,3.86,3.93,4.35,4.86,0.49,2.01,2.34,0.83,2.92,1.05,1.7,,,,15.78,,6.72
2025-07-11,4.41,3.9,3.99,4.43,4.96,0.53,2.06,2.37,0.83,2.97,1.07,1.72,,,,16.4,-0.509,
2025-07-14,4.42,3.9,3.98,4.43,4.97,0.53,2.04,2.39,0.82,2.95,1.07,1.73,,,,17.2,,
2025-07-15,4.42,3.95,4.05,4.5,5.01,0.55,2.09,2.41,0.81,2.95,1.04,1.7,,,,17.38,,
2025-07-16,4.41,3.88,3.99,4.46,5.01,0.58,2.05,2.41,0.81,3.0,1.09,1.73,,,,17.16,,
2025-07-17,4.41,3.91,4.01,4.47,5.01,0.56,2.04,2.43,0.8,2.91,1.06,1.71,,,,16.52,,6.75
2025-07-18,4.4,3.88,3.96,4.44,5.0,0.56,2.03,2.41,0.8,2.93,1.08,1.73,,,,16.41,-0.514,
2025-07-21,4.41,3.85,3.91,4.38,4.94,0.53,1.98,2.4,0.8,2.89,1.08,1.73,,,,16.65,,
2025-07-22,4.41,3.83,3.88,4.35,4.9,0.52,1.96,2.39,0.81,2.9,1.08,1.73,,,,16.5,,
2025-07-23,4.41,3.88,3.94,4.4,4.95,0.52,2.03,2.37,0.79,2.83,1.07,1.71,,,,15.37,,
2025-07-24,4.42,3.91,3.98,4.43,4.96,0.52,1.98,2.45,0.79,2.82,1.04,1.68,,,,15.39,,6.74
2025-07-25,4.42,3.91,3.95,4.4,4.92,0.49,1.96,2.44,0.78,2.84,1.04,1.69,,,,14.93,-0.518,
2025-07-28,4.4,3.91,3.96,4.42,4.96,0.51,1.98,2.44,0.78,2.82,1.06,1.69,,,,15.03,,
2025-07-29,4.4,3.86,3.9,4.34,4.86,0.48,1.91,2.43,0.79,2.86,1.06,1.7,,,,15.98,,
2025-07-30,4.41,3.94,3.96,4.38,4.89,0.44,1.96,2.42,0.78,2.89,1.05,1.69,,,,15.48,,
2025-07-31,4.41,3.94,3.96,4.37,4.89,0.43,1.98,2.39,0.79,2.86,1.04,1.67,,,,16.72,,6.72
2025-08-01,4.35,3.69,3.77,4.23,4.81,0.54,1.9,2.33,0.82,3.13,1.1,1.75,329.7,101.6247,4.3,20.38,-0.521,
2025-08-04,4.35,3.69,3.75,4.22,4.8,0.53,1.85,2.37,0.82,3.02,1.09,1.74,,,,17.52,,
2025-08-05,4.34,3.72,3.77,4.22,4.78,0.5,1.86,2.36,0.82,2.98,1.08,1.72,,,,17.85,,
2025-08-06,4.32,3.69,3.77,4.22,4.81,0.53,1.88,2.34,0.81,2.98,1.11,1.75,,,,16.77,,
2025-08-07,4.32,3.72,3.79,4.23,4.81,0.51,1.88,2.35,0.8,2.95,1.09,1.74,,,,16.57,,6.63
2025-08-08,4.32,3.76,3.84,4.27,4.85,0.51,1.88,2.39,0.8,2.94,1.09,1.74,,,,15.15,-0.523,
2025-08-11,4.34,3.76,3.83,4.27,4.84,0.51,1.87,2.4,0.8,2.94,1.07,1.72,,,,16.25,,
2025-08-12,4.33,3.72,3.83,4.29,4.88,0.57,1.91,2.38,0.79,2.93,1.07,1.73,,,,14.73,,
2025-08-13,4.29,3.67,3.77,4.24,4.83,0.57,1.87,2.37,0.78,2.9,1.05,1.71,,,,14.49,,
2025-08-14,4.3,3.74,3.82,4.29,4.88,0.55,1.9,2.39,0.77,2.89,1.06,1.71,,,,14.83,,6.58
2025-08-15,4.3,3.75,3.85,4.33,4.92,0.58,1.95,2.38,0.75,2.88,1.04,1.69,,,,15.09,-0.525,
2025-08-18,4.33,3.77,3.86,4.34,4.94,0.57,1.96,2.38,0.75,2.88,1.05,1.7,,,,14.99,,
2025-08-19,4.3,3.75,3.82,4.3,4.9,0.55,1.95,2.35,0.76,2.9,1.06,1.71,,,,15.57,,
2025-08-20,4.3,3.74,3.81,4.29,4.89,0.55,1.94,2.35,0.77,2.94,1.08,1.73,,,,15.69,,
2025-08-21,4.32,3.79,3.86,4.33,4.92,0.54,1.94,2.39,0.77,2.95,1.07,1.72,,,,16.6,,6.58
2025-08-22,4.27,3.68,3.76,4.26,4.88,0.58,1.85,2.41,0.77,2.88,1.08,1.73,,,,14.22,-0.526,
2025-08-25,4.29,3.73,3.8,4.28,4.89,0.55,1.87,2.41,0.76,2.8,1.07,1.7,,,,14.79,,
2025-08-26,4.28,3.61,3.75,4.26,4.9,0.65,1.84,2.42,0.78,2.78,1.11,1.75,,,,14.62,,
2025-08-27,4.26,3.59,3.69,4.24,4.91,0.65,1.81,2.43,0.78,2.78,1.14,1.77,,,,14.85,,
2025-08-28,4.26,3.62,3.69,4.22,4.88,0.6,1.81,2.41,0.79,2.75,1.13,1.75,,,,14.43,,6.56
2025-08-29,4.23,3.59,3.68,4.23,4.92,0.64,1.82,2.41,0.8,2.82,1.19,1.8,,,,15.36,-0.527,
2025-08-31,,,,,,,,,0.81,2.84,,,,,,,,
2025-09-01,,,,,,,,,0.81,2.84,,,330.418,101.668,4.4,16.12,,
2025-09-02,4.2,3.66,3.74,4.28,4.97,0.62,1.87,2.41,0.82,2.92,1.19,1.81,,,,17.17,,
2025-09-03,4.18,3.61,3.69,4.22,4.9,0.61,1.82,2.4,0.81,2.88,1.16,1.78,,,,16.35,,
2025-09-04,4.16,3.59,3.65,4.17,4.86,0.58,1.79,2.38,0.79,2.84,1.17,1.8,,,,15.3,,6.5
2025-09-05,4.07,3.51,3.59,4.1,4.78,0.59,1.73,2.37,0.79,2.83,1.14,1.78,,,,15.18,-0.527,
2025-09-08,4.1,3.49,3.57,4.05,4.69,0.56,1.7,2.35,0.8,2.84,1.11,1.76,,,,15.11,,
2025-09-09,4.1,3.54,3.61,4.08,4.72,0.54,1.72,2.36,0.8,2.87,1.11,1.75,,,,15.04,,
2025-09-10,4.09,3.54,3.59,4.04,4.69,0.5,1.69,2.35,0.79,2.84,1.09,1.75,,,,15.35,,
2025-09-11,4.08,3.52,3.59,4.01,4.65,0.49,1.67,2.34,0.78,2.78,1.1,1.74,,,,14.71,,6.35
2025-09-12,4.08,3.56,3.63,4.06,4.68,0.5,1.7,2.36,0.77,2.79,1.07,1.7,,,,14.76,-0.527,
2025-09-15,4.06,3.54,3.61,4.05,4.66,0.51,1.68,2.37,0.75,2.75,1.05,1.68,,,,15.69,,
2025-09-16,4.04,3.51,3.59,4.04,4.65,0.53,1.67,2.37,0.76,2.79,1.06,1.69,,,,16.36,,
2025-09-17,4.02,3.52,3.62,4.06,4.66,0.54,1.68,2.38,0.76,2.79,1.09,1.7,,,,15.72,,
2025-09-18,4.03,3.57,3.67,4.11,4.72,0.54,1.73,2.38,0.75,2.71,1.07,1.68,,,,15.7,,6.26
2025-09-19,4.03,3.57,3.68,4.14,4.75,0.57,1.75,2.39,0.74,2.72,1.07,1.68,,,,15.45,-0.526,
2025-09-22,4.0,3.61,3.71,4.15,4.77,0.54,1.78,2.37,0.74,2.69,1.07,1.67,,,,16.1,,
2025-09-23,4.0,3.53,3.68,4.12,4.73,0.59,1.75,2.37,0.75,2.71,1.08,1.69,,,,16.64,,
2025-09-24,4.02,3.57,3.7,4.16,4.76,0.59,1.78,2.38,0.75,2.7,1.07,1.68,,,,16.18,,
2025-09-25,4.04,3.64,3.75,4.18,4.75,0.54,1.8,2.38,0.76,2.76,1.06,1.67,,,,16.74,,6.3
2025-09-26,4.02,3.63,3.76,4.2,4.77,0.57,1.82,2.38,0.75,2.75,1.05,1.65,,,,15.29,-0.525,
2025-09-29,4.04,3.63,3.74,4.15,4.71,0.52,1.8,2.35,0.75,2.74,1.04,1.64,,,,16.12,,
2025-09-30,4.02,3.6,3.74,4.16,4.73,0.56,1.8,2.36,0.76,2.8,1.06,1.67,,,,16.28,,
2025-10-01,4.01,3.55,3.68,4.12,4.72,0.57,1.77,2.35,0.76,2.81,1.07,1.69,,101.2195,,16.29,,
2025-10-02,4.02,3.55,3.67,4.1,4.69,0.55,1.76,2.34,0.75,2.81,1.06,1.68,,,,16.63,,6.34
2025-10-03,4.03,3.58,3.72,4.13,4.71,0.55,1.8,2.33,0.75,2.8,1.05,1.66,,,,16.65,-0.524,
2025-10-06,4.02,3.6,3.75,4.18,4.76,0.58,1.84,2.34,0.74,2.76,1.04,1.65,,,,16.37,,
2025-10-07,4.01,3.57,3.71,4.14,4.73,0.57,1.79,2.35,0.75,2.82,1.04,1.67,,,,17.24,,
2025-10-08,4.01,3.58,3.72,4.13,4.72,0.55,1.78,2.35,0.75,2.84,1.04,1.68,,,,16.3,,
2025-10-09,4.03,3.6,3.74,4.14,4.72,0.54,1.8,2.34,0.77,2.95,1.07,1.69,,,,16.43,,6.3
2025-10-10,4.02,3.52,3.65,4.05,4.63,0.53,1.75,2.3,0.81,3.18,1.09,1.72,,,,21.66,-0.522,
2025-10-13,,,,,,,,,0.81,3.18,,,,,,19.03,,
2025-10-14,4.02,3.48,3.6,4.03,4.62,0.55,1.73,2.3,0.81,3.11,1.1,1.71,,,,20.81,,
2025-10-15,4.03,3.5,3.63,4.05,4.64,0.55,1.76,2.29,0.78,2.95,1.08,1.68,,,,20.64,,
2025-10-16,4.02,3.41,3.55,3.99,4.58,0.58,1.71,2.28,0.8,3.04,1.11,1.71,,,,25.31,,6.27
2025-10-17,4.0,3.46,3.59,4.02,4.6,0.56,1.75,2.27,0.8,3.04,1.09,1.7,,,,20.78,-0.519,
2025-10-20,3.97,3.46,3.58,4.0,4.58,0.54,1.74,2.26,0.79,2.99,1.08,1.68,,,,18.23,,
2025-10-21,3.96,3.45,3.56,3.98,4.55,0.53,1.7,2.28,0.79,2.97,1.08,1.67,,,,17.87,,
2025-10-22,3.96,3.45,3.56,3.97,4.54,0.52,1.68,2.29,0.8,3.01,1.09,1.69,,,,18.6,,
2025-10-23,3.95,3.48,3.61,4.01,4.58,0.53,1.71,2.3,0.78,2.96,1.05,1.66,,,,17.3,,6.19
2025-10-24,3.93,3.48,3.61,4.02,4.59,0.54,1.73,2.29,0.77,2.88,1.04,1.65,,,,16.37,-0.516,
2025-10-27,3.89,3.48,3.61,4.01,4.57,0.53,1.73,2.28,0.76,2.8,1.03,1.63,,,,15.79,,
2025-10-28,3.89,3.47,3.6,3.99,4.55,0.52,1.71,2.28,0.76,2.82,1.05,1.65,,,,16.42,,
2025-10-29,3.93,3.59,3.7,4.08,4.61,0.49,1.78,2.3,0.75,2.76,1.01,1.61,,,,16.92,,
2025-10-30,3.92,3.61,3.72,4.11,4.65,0.5,1.82,2.29,0.77,2.85,1.05,1.64,,,,16.91,,6.17
2025-10-31,3.89,3.6,3.71,4.11,4.67,0.51,1.81,2.3,0.8,2.94,1.11,1.69,,,,17.44,-0.513,
2025-11-01,,,,,,,,,,,,,331.043,101.0344,4.5,,,
2025-11-03,3.98,3.6,3.72,4.13,4.69,0.53,1.82,2.31,0.83,3.04,1.16,1.71,,,,17.17,,
2025-11-04,3.96,3.58,3.69,4.1,4.67,0.52,1.81,2.29,0.83,3.13,1.17,1.72,,,,19.0,,
2025-11-05,3.96,3.63,3.76,4.17,4.74,0.54,1.87,2.3,0.81,3.05,1.12,1.7,,,,18.01,,
2025-11-06,3.93,3.57,3.69,4.11,4.69,0.54,1.83,2.28,0.82,3.13,1.15,1.72,,,,19.5,,6.22
2025-11-07,3.92,3.55,3.67,4.11,4.7,0.56,1.83,2.28,0.84,3.15,1.16,1.75,,,,19.08,-0.509,
2025-11-10,3.95,3.58,3.72,4.13,4.71,0.55,1.84,2.29,0.82,3.02,1.12,1.73,,,,17.6,,
2025-11-11,,,,,,,,,0.82,3.02,,,,,,17.28,,
2025-11-12,3.95,3.56,3.68,4.08,4.67,0.52,1.81,2.27,0.83,3.02,1.15,1.75,,,,17.51,,
2025-11-13,3.96,3.58,3.71,4.11,4.7,0.53,1.83,2.28,0.84,3.09,1.15,1.77,,,,20.0,,6.24
2025-11-14,3.95,3.62,3.74,4.14,4.74,0.52,1.86,2.28,0.83,3.07,1.16,1.77,,,,19.83,-0.507,
2025-11-17,3.97,3.6,3.72,4.13,4.73,0.53,1.85,2.28,0.84,3.13,1.17,1.77,,,,22.38,,
2025-11-18,3.94,3.58,3.7,4.12,4.74,0.54,1.85,2.27,0.85,3.2,1.19,1.79,,,,24.69,,
2025-11-19,3.95,3.58,3.71,4.13,4.75,0.55,1.86,2.27,0.84,3.17,1.18,1.79,,,,23.66,,
2025-11-20,3.94,3.55,3.68,4.1,4.73,0.55,1.86,2.24,0.85,3.17,1.19,1.8,,,,26.42,,6.26
2025-11-21,3.9,3.51,3.62,4.06,4.71,0.55,1.82,2.24,0.86,3.19,1.23,1.82,,,,23.43,-0.507,
2025-11-24,3.91,3.46,3.61,4.04,4.68,0.58,1.81,2.23,0.85,3.15,1.19,1.8,,,,20.52,,
2025-11-25,3.9,3.43,3.55,4.01,4.67,0.58,1.79,2.22,0.84,3.1,1.19,1.79,,,,18.56,,
2025-11-26,3.92,3.45,3.56,4.0,4.64,0.55,1.77,2.23,0.82,3.0,1.17,1.78,,,,17.19,,6.23
2025-11-27,,,,,,,,,0.82,3.0,,,,,,17.21,,
2025-11-28,3.88,3.47,3.59,4.02,4.67,0.55,1.79,2.23,0.82,2.95,1.16,1.78,,,,16.35,-0.508,
2025-11-30,,,,,,,,,0.82,2.92,,,,,,,,
2025-12-01,3.81,3.54,3.67,4.09,4.74,0.55,1.85,2.24,0.82,2.94,1.17,1.78,331.814,101.4941,4.4,17.24,,
2025-12-02,3.77,3.51,3.66,4.09,4.74,0.58,1.85,2.24,0.81,2.92,1.15,1.76,,,,16.59,,
2025-12-03,3.72,3.49,3.62,4.06,4.73,0.57,1.82,2.24,0.81,2.89,1.17,1.77,,,,16.08,,
2025-12-04,3.71,3.52,3.68,4.11,4.76,0.59,1.85,2.26,0.8,2.88,1.15,1.76,,,,15.78,,6.19
2025-12-05,3.71,3.56,3.72,4.14,4.79,0.58,1.88,2.26,0.79,2.85,1.14,1.74,,,,15.41,-0.511,
2025-12-08,3.73,3.57,3.75,4.17,4.81,0.6,1.91,2.26,0.78,2.89,1.14,1.73,,,,16.66,,
2025-12-09,3.73,3.61,3.78,4.18,4.8,0.57,1.92,2.26,0.79,2.89,1.14,1.73,,,,16.93,,
2025-12-10,3.69,3.54,3.72,4.13,4.78,0.59,1.88,2.25,0.78,2.91,1.16,1.76,,,,15.77,,
2025-12-11,3.66,3.52,3.72,4.14,4.79,0.62,1.89,2.25,0.78,2.88,1.14,1.73,,,,14.85,,6.22
2025-12-12,3.63,3.52,3.75,4.19,4.85,0.67,1.93,2.26,0.8,2.91,1.18,1.76,,,,15.74,-0.516,
2025-12-15,3.65,3.51,3.73,4.18,4.84,0.67,1.93,2.25,0.8,2.91,1.18,1.77,,,,16.5,,
2025-12-16,3.64,3.48,3.69,4.15,4.82,0.67,1.92,2.23,0.81,2.98,1.19,1.78,,,,16.48,,
2025-12-17,3.64,3.49,3.7,4.16,4.83,0.67,1.92,2.24,0.81,2.99,1.19,1.78,,,,17.62,,
2025-12-18,3.62,3.46,3.66,4.12,4.8,0.66,1.88,2.24,0.81,2.95,1.2,1.78,,,,16.87,,6.21
2025-12-19,3.62,3.48,3.7,4.16,4.82,0.68,1.92,2.24,0.8,2.9,1.18,1.76,,,,14.91,-0.525,
2025-12-22,3.64,3.44,3.71,4.17,4.84,0.73,1.94,2.23,0.8,2.88,1.17,1.76,,,,14.08,,
2025-12-23,3.65,3.48,3.72,4.18,4.83,0.7,1.94,2.24,0.79,2.83,1.15,1.74,,,,14.0,,
2025-12-24,3.69,3.47,3.7,4.15,4.79,0.68,1.91,2.24,0.79,2.84,1.15,1.73,,,,13.47,,6.18
2025-12-25,,,,,,,,,,,,,,,,,,
2025-12-26,3.64,3.46,3.68,4.14,4.81,0.68,1.91,2.23,0.79,2.86,1.18,1.75,,,,13.6,-0.536,
2025-12-29,3.68,3.45,3.67,4.12,4.8,0.67,1.9,2.22,0.79,2.87,1.19,1.76,,,,14.2,,
2025-12-30,3.65,3.45,3.68,4.14,4.81,0.69,1.9,2.24,0.79,2.84,1.19,1.75,,,,14.33,,
2025-12-31,3.67,3.47,3.73,4.18,4.84,0.71,1.93,2.25,0.79,2.81,1.17,1.72,,,,14.95,,6.15
2026-01-01,,,,,,,,,,,,,332.793,101.1235,4.3,,,
2026-01-02,3.65,3.47,3.74,4.19,4.86,0.72,1.94,2.25,0.79,2.83,1.19,1.74,,,,14.51,-0.547,
2026-01-05,3.64,3.46,3.71,4.17,4.85,0.71,1.91,2.26,0.79,2.81,1.19,1.75,,,,14.9,,
2026-01-06,3.63,3.47,3.72,4.18,4.86,0.71,1.91,2.27,0.79,2.79,1.19,1.74,,,,14.75,,
2026-01-07,3.62,3.47,3.7,4.15,4.82,0.68,1.88,2.27,0.79,2.79,1.17,1.73,,,,15.38,,
2026-01-08,3.62,3.49,3.74,4.19,4.85,0.7,1.92,2.27,0.79,2.76,1.17,1.73,,,,15.45,,6.16
2026-01-09,3.62,3.54,3.75,4.18,4.82,0.64,1.9,2.28,0.78,2.74,1.14,1.7,,,,14.49,-0.558,
2026-01-12,3.67,3.54,3.77,4.19,4.83,0.65,1.9,2.29,0.78,2.74,1.15,1.7,,,,15.12,,
2026-01-13,3.67,3.53,3.75,4.18,4.83,0.65,1.88,2.3,0.77,2.75,1.14,1.69,,,,15.98,,
2026-01-14,3.67,3.51,3.72,4.15,4.79,0.64,1.86,2.29,0.77,2.76,1.14,1.68,,,,16.75,,
2026-01-15,3.68,3.56,3.77,4.17,4.79,0.61,1.88,2.29,0.76,2.71,1.11,1.65,,,,15.84,,6.06
2026-01-16,3.67,3.59,3.82,4.24,4.83,0.65,1.91,2.33,0.75,2.65,1.09,1.63,,,,15.86,-0.565,
2026-01-19,,,,,,,,,0.75,2.65,,,,,,18.84,,
2026-01-20,3.7,3.6,3.86,4.3,4.91,0.7,1.97,2.33,0.75,2.73,1.12,1.65,,,,20.09,,
2026-01-21,3.7,3.6,3.83,4.26,4.87,0.66,1.92,2.34,0.74,2.69,1.1,1.62,,,,16.9,,
2026-01-22,3.71,3.61,3.85,4.26,4.84,0.65,1.95,2.31,0.73,2.64,1.06,1.59,,,,15.64,,6.09
2026-01-23,3.7,3.6,3.84,4.24,4.82,0.64,1.92,2.32,0.73,2.68,1.08,1.61,,,,16.09,-0.567,
2026-01-26,3.67,3.56,3.82,4.22,4.8,0.66,1.9,2.32,0.74,2.69,1.09,1.61,,,,16.15,,
2026-01-27,3.67,3.53,3.81,4.24,4.83,0.71,1.9,2.34,0.73,2.71,1.1,1.61,,,,16.35,,
2026-01-28,3.68,3.56,3.83,4.26,4.85,0.7,1.9,2.36,0.73,2.72,1.1,1.62,,,,16.35,,
2026-01-29,3.67,3.53,3.8,4.24,4.85,0.71,1.89,2.35,0.74,2.77,1.13,1.63,,,,16.88,,6.1
2026-01-30,3.67,3.52,3.79,4.26,4.87,0.74,1.9,2.36,0.74,2.8,1.12,1.62,,,,17.44,-0.563,
2026-01-31,,,,,,,,,0.75,2.88,,,,,,,,
2026-02-01,,,,,,,,,,,,,333.512,101.9493,4.4,,,
2026-02-02,3.69,3.57,3.83,4.29,4.9,0.72,1.94,2.35,0.74,2.81,1.11,1.61,,,,16.34,,
2026-02-03,3.69,3.57,3.83,4.28,4.9,0.71,1.92,2.36,0.74,2.85,1.13,1.63,,,,18.0,,
2026-02-04,3.69,3.57,3.83,4.29,4.91,0.72,1.94,2.35,0.75,2.86,1.14,1.64,,,,18.64,,
2026-02-05,3.67,3.47,3.74,4.21,4.85,0.74,1.89,2.32,0.76,2.97,1.16,1.67,,,,21.77,,6.11
2026-02-06,3.68,3.5,3.76,4.22,4.85,0.72,1.88,2.34,0.76,2.87,1.15,1.65,,,,17.76,-0.555,
2026-02-09,3.69,3.48,3.75,4.22,4.85,0.74,1.87,2.35,0.76,2.84,1.14,1.64,,,,17.36,,
2026-02-10,3.69,3.45,3.7,4.16,4.78,0.71,1.84,2.32,0.77,2.86,1.16,1.66,,,,17.79,,
2026-02-11,3.7,3.52,3.75,4.18,4.82,0.66,1.86,2.32,0.77,2.84,1.16,1.67,,,,17.65,,
2026-02-12,3.7,3.47,3.67,4.09,4.72,0.62,1.8,2.29,0.78,2.92,1.18,1.68,,,,20.82,,6.09
2026-02-13,3.68,3.4,3.61,4.04,4.69,0.64,1.77,2.27,0.79,2.95,1.21,1.72,,,,20.6,-0.542,
2026-02-16,,,,,,,,,0.79,2.94,,,,,,21.2,,
2026-02-17,3.69,3.43,3.63,4.05,4.68,0.62,1.79,2.26,0.8,2.94,1.2,1.7,,,,20.29,,
2026-02-18,3.7,3.47,3.66,4.09,4.71,0.62,1.8,2.29,0.78,2.86,1.16,1.67,,,,19.62,,
2026-02-19,3.69,3.47,3.65,4.08,4.7,0.61,1.79,2.29,0.79,2.88,1.18,1.68,,,,20.23,,6.01
2026-02-20,3.69,3.48,3.65,4.08,4.72,0.6,1.8,2.28,0.78,2.86,1.18,1.69,,,,19.09,-0.525,
2026-02-23,3.69,3.43,3.59,4.03,4.7,0.6,1.77,2.26,0.8,2.95,1.21,1.73,,,,21.01,,
2026-02-24,3.69,3.43,3.61,4.04,4.7,0.61,1.78,2.26,0.81,2.97,1.21,1.73,,,,19.55,,
2026-02-25,3.69,3.45,3.61,4.05,4.7,0.6,1.77,2.28,0.8,2.94,1.2,1.73,,,,17.93,,
2026-02-26,3.68,3.42,3.57,4.02,4.67,0.6,1.74,2.28,0.82,2.98,1.23,1.75,,,,18.63,,5.98
2026-02-27,3.67,3.38,3.51,3.97,4.64,0.59,1.72,2.25,0.85,3.1,1.27,1.8,,,,19.86,-0.506,
2026-02-28,,,,,,,,,0.86,3.12,,,,,,,,
2026-03-01,,,,,,,,,,,,,334.165,101.6273,4.3,,,
2026-03-02,3.72,3.47,3.62,4.05,4.7,0.58,1.76,2.29,0.85,3.03,1.24,1.78,,,,21.44,,
2026-03-03,3.71,3.51,3.63,4.06,4.7,0.55,1.77,2.29,0.84,3.08,1.23,1.78,,,,23.57,,
2026-03-04,3.71,3.54,3.67,4.09,4.72,0.55,1.8,2.29,0.82,2.97,1.19,1.74,,,,21.15,,
2026-03-05,3.7,3.57,3.72,4.13,4.74,0.56,1.82,2.31,0.82,3.0,1.23,1.76,,,,23.75,,6.0
2026-03-06,3.69,3.56,3.72,4.15,4.77,0.59,1.8,2.35,0.84,3.13,1.22,1.75,,,,29.49,-0.488,
2026-03-09,3.71,3.56,3.71,4.12,4.72,0.56,1.78,2.34,0.85,3.19,1.25,1.78,,,,25.5,,
2026-03-10,3.71,3.57,3.73,4.15,4.78,0.58,1.82,2.33,0.84,3.06,1.23,1.77,,,,24.93,,
2026-03-11,3.71,3.64,3.79,4.21,4.86,0.57,1.85,2.36,0.88,3.09,1.3,1.84,,,,24.23,,
2026-03-12,3.72,3.76,3.88,4.27,4.88,0.51,1.89,2.38,0.91,3.17,1.29,1.84,,,,27.29,,6.11
2026-03-13,3.72,3.73,3.87,4.28,4.9,0.55,1.92,2.36,0.93,3.28,1.32,1.83,,,,27.19,-0.471,
2026-03-16,3.72,3.68,3.8,4.23,4.86,0.55,1.87,2.36,0.94,3.27,1.31,1.85,,,,23.51,,
2026-03-17,3.72,3.68,3.79,4.2,4.85,0.52,1.83,2.37,0.92,3.22,1.3,1.85,,,,22.37,,
2026-03-18,3.73,3.76,3.87,4.26,4.88,0.5,1.86,2.4,0.91,3.2,1.24,1.81,,,,25.09,,
2026-03-19,3.73,3.79,3.88,4.25,4.83,0.46,1.88,2.37,0.9,3.27,1.27,1.81,,,,24.06,,6.22
2026-03-20,3.74,3.88,4.01,4.39,4.96,0.51,2.01,2.38,0.88,3.24,1.22,1.79,,,,26.78,-0.462,
2026-03-23,3.74,3.83,3.95,4.34,4.91,0.51,2.01,2.33,0.88,3.19,1.2,1.79,,,,26.15,,
2026-03-24,3.74,3.9,4.03,4.39,4.94,0.49,2.06,2.33,0.87,3.19,1.18,1.75,,,,26.95,,
2026-03-25,3.73,3.84,3.96,4.33,4.89,0.49,2.02,2.31,0.87,3.17,1.18,1.76,,,,25.33,,
2026-03-26,3.73,3.96,4.08,4.42,4.93,0.46,2.08,2.34,0.88,3.21,1.18,1.73,,,,27.44,,6.38
2026-03-27,3.73,3.88,4.06,4.44,4.98,0.56,2.13,2.31,0.91,3.42,1.22,1.78,,,,31.05,-0.457,
2026-03-30,3.71,3.82,3.97,4.35,4.91,0.53,2.04,2.31,0.93,3.46,1.21,1.79,,,,30.61,,
2026-03-31,3.7,3.79,3.92,4.3,4.88,0.51,2.0,2.3,0.9,3.28,1.23,1.79,,,,25.25,,
2026-04-01,3.7,3.81,3.97,4.33,4.91,0.52,2.02,2.31,0.87,3.16,1.15,1.75,335.423,102.509,4.3,24.54,,
2026-04-02,3.7,3.79,3.94,4.31,4.88,0.52,1.97,2.34,0.86,3.17,1.13,1.74,,,,23.87,,6.46
2026-04-03,3.71,3.84,3.99,4.35,4.91,0.51,1.99,2.36,0.86,3.13,,,,,,,-0.461,
2026-04-06,3.72,3.84,3.98,4.34,4.89,0.5,1.98,2.36,0.85,3.05,1.08,1.7,,,,24.17,,
2026-04-07,3.71,3.81,3.95,4.33,4.9,0.52,1.96,2.37,0.86,3.12,1.15,1.75,,,,25.78,,
2026-04-08,3.69,3.79,3.92,4.29,4.89,0.5,1.96,2.33,0.83,2.94,1.11,1.73,,,,21.04,,
2026-04-09,3.68,3.78,3.91,4.29,4.9,0.51,1.95,2.34,0.83,2.9,1.1,1.73,,,,19.49,,6.37
2026-04-10,3.69,3.81,3.94,4.31,4.91,0.5,1.95,2.36,0.82,2.94,1.11,1.72,,,,19.23,-0.47,
2026-04-13,3.71,3.78,3.92,4.3,4.9,0.52,1.92,2.38,0.82,2.95,1.09,1.72,,,,19.12,,
2026-04-14,3.71,3.76,3.87,4.26,4.87,0.5,1.89,2.37,0.81,2.84,1.09,1.7,,,,18.36,,
2026-04-15,3.71,3.76,3.9,4.29,4.89,0.53,1.9,2.39,0.8,2.85,1.08,1.69,,,,18.17,,
2026-04-16,3.7,3.78,3.91,4.32,4.93,0.54,1.93,2.39,0.81,2.86,1.1,1.71,,,,17.94,,6.3
2026-04-17,3.7,3.71,3.84,4.26,4.88,0.55,1.9,2.36,0.8,2.83,1.1,1.72,,,,17.48,-0.481,
2026-04-20,3.71,3.72,3.86,4.26,4.88,0.54,1.91,2.35,0.81,2.87,1.1,1.72,,,,18.87,,
2026-04-21,3.69,3.78,3.91,4.3,4.89,0.52,1.92,2.38,0.8,2.85,1.1,1.7,,,,19.5,,
2026-04-22,3.69,3.79,3.91,4.3,4.9,0.51,1.92,2.38,0.79,2.84,1.08,1.69,,,,18.92,,
2026-04-23,3.69,3.83,3.96,4.34,4.92,0.51,1.92,2.42,0.8,2.86,1.08,1.68,,,,19.31,,6.23
2026-04-24,3.69,3.78,3.92,4.31,4.91,0.53,1.89,2.42,0.8,2.86,1.1,1.7,,,,18.71,-0.491,
2026-04-27,3.68,3.78,3.94,4.35,4.94,0.57,1.91,2.44,0.81,2.84,1.11,1.7,,,,18.02,,
2026-04-28,3.68,3.84,3.97,4.36,4.94,0.52,1.92,2.44,0.81,2.85,1.11,1.7,,,,17.83,,
2026-04-29,3.68,3.92,4.05,4.42,4.98,0.5,1.96,2.46,0.81,2.82,1.11,1.69,,,,18.81,,
2026-04-30,3.68,3.88,4.02,4.4,4.98,0.52,1.94,2.46,0.81,2.83,1.12,1.7,,,,16.89,,6.3
2026-05-01,3.68,3.88,4.02,4.39,4.97,0.51,1.91,2.48,0.81,2.77,1.1,1.69,336.121,102.6475,4.3,16.99,-0.499,
2026-05-04,3.7,3.95,4.08,4.45,5.02,0.5,1.95,2.5,0.8,2.78,1.11,1.69,,,,18.29,,
2026-05-05,3.69,3.93,4.08,4.43,4.98,0.5,1.96,2.47,0.79,2.77,1.07,1.65,,,,17.38,,
2026-05-06,3.69,3.87,3.99,4.36,4.94,0.49,1.94,2.42,0.78,2.75,1.09,1.66,,,,17.39,,
2026-05-07,3.69,3.92,4.04,4.41,4.97,0.49,1.96,2.45,0.79,2.79,1.09,1.65,,,,17.08,,6.37
2026-05-08,3.69,3.9,4.02,4.38,4.95,0.48,1.93,2.45,0.79,2.81,1.09,1.65,,,,17.19,-0.503,
2026-05-11,3.7,3.95,4.07,4.42,4.98,0.47,1.95,2.47,0.78,2.79,1.09,1.65,,,,18.38,,
2026-05-12,3.7,4.0,4.12,4.46,5.03,0.46,1.99,2.47,0.77,2.82,1.1,1.66,,,,17.99,,
2026-05-13,3.69,3.98,4.12,4.46,5.03,0.48,1.99,2.47,0.76,2.82,1.1,1.66,,,,17.87,,
2026-05-14,3.69,4.0,4.13,4.47,5.02,0.47,2.0,2.47,0.76,2.76,1.05,1.62,,,,17.26,,6.36
2026-05-15,3.69,4.09,4.26,4.59,5.12,0.5,2.1,2.49,0.75,2.8,1.06,1.62,,,,18.43,-0.505,
2026-05-18,3.68,4.07,4.27,4.61,5.14,0.54,2.13,2.48,0.75,2.83,1.04,1.59,,,,17.82,,
2026-05-19,3.67,4.13,4.32,4.67,5.18,0.54,2.18,2.49,0.76,2.86,1.05,1.57,,,,18.06,,
2026-05-20,3.65,4.04,4.22,4.57,5.11,0.53,2.13,2.44,0.75,2.8,1.07,1.59,,,,17.44,,
2026-05-21,3.68,4.08,4.25,4.57,5.1,0.49,2.18,2.39,0.75,2.78,1.07,1.59,,,,16.76,,6.51
2026-05-22,3.68,4.13,4.27,4.56,5.07,0.43,2.16,2.4,0.74,2.74,1.05,1.57,,,,16.7,-0.505,
2026-05-25,,,,,,,,,0.74,2.74,,,,,,16.59,,
2026-05-26,3.68,4.01,4.19,4.5,5.03,0.49,2.1,2.4,0.74,2.72,1.05,1.56,,,,17.01,,
2026-05-27,3.68,4.0,4.17,4.48,5.01,0.48,2.09,2.39,0.74,2.71,1.05,1.57,,,,16.29,,
2026-05-28,3.69,3.99,4.15,4.45,4.98,0.46,2.06,2.39,0.73,2.72,1.05,1.57,,,,15.74,,6.53
2026-05-29,3.69,3.98,4.13,4.45,4.99,0.47,2.07,2.38,0.73,2.72,1.05,1.57,,,,15.32,-0.504,
2026-05-31,,,,,,,,,0.74,2.74,,,,,,,,
2026-06-01,3.78,4.05,4.18,4.47,4.99,0.42,2.07,2.4,0.73,2.72,1.02,1.54,,,4.2,16.05,,
2026-06-02,3.77,4.05,4.17,4.46,4.97,0.41,2.07,2.39,0.74,2.71,1.02,1.54,,,,15.77,,
2026-06-03,3.78,4.08,4.21,4.49,4.99,0.41,2.11,2.38,0.74,2.75,1.02,1.54,,,,16.06,,
2026-06-04,3.78,4.05,4.18,4.47,4.97,0.42,2.11,2.36,0.74,2.74,1.02,1.54,,,,15.4,,6.48
2026-06-05,3.78,4.17,4.29,4.55,5.01,0.38,2.19,2.36,0.74,2.76,0.98,1.51,,,,21.51,-0.504,
2026-06-08,3.8,4.15,4.29,4.56,5.03,0.41,2.21,2.35,0.75,2.75,1.0,1.52,,,,18.92,,
2026-06-09,3.79,4.13,4.26,4.53,5.01,0.4,2.2,2.33,0.75,2.78,1.02,1.53,,,,19.87,,
2026-06-10,3.79,4.13,4.27,4.55,5.03,0.42,2.21,2.34,0.75,2.8,1.03,1.53,,,,22.22,,
2026-06-11,3.78,4.05,4.18,4.45,4.95,0.4,2.16,2.29,0.75,2.78,1.06,1.55,,,,19.44,,6.52
2026-06-12,3.78,4.09,4.21,4.48,4.97,0.39,2.17,2.31,0.74,2.71,1.04,1.53,,,,17.68,-0.503,
2026-06-15,3.79,4.07,4.18,4.47,4.97,0.4,2.15,2.32,0.73,2.66,1.05,1.53,,,,16.2,,
2026-06-16,3.79,4.05,4.16,4.43,4.93,0.38,2.14,2.29,0.75,2.71,1.07,1.55,,,,16.41,,
2026-06-17,3.83,4.2,4.27,4.49,4.93,0.29,2.23,2.26,0.74,2.63,1.03,1.5,,,,18.44,,
2026-06-18,3.83,4.19,4.23,4.46,4.9,0.27,2.21,2.25,0.74,2.66,1.04,1.51,,,,16.4,,6.47
2026-06-19,,,,,,,,,0.74,2.66,,,,,,16.78,-0.503,
2026-06-22,3.85,4.24,4.29,4.51,4.95,0.27,2.28,2.23,0.74,2.65,1.05,1.51,,,,17.28,,
2026-06-23,3.85,4.16,4.27,4.5,4.94,0.34,2.29,2.21,0.74,2.71,1.04,1.51,,,,19.49,,
2026-06-24,3.85,4.11,4.17,4.41,4.86,0.3,2.23,2.18,0.75,2.76,1.07,1.52,,,,18.63,,
2026-06-25,3.84,4.09,4.15,4.4,4.86,0.31,2.19,2.21,0.76,2.78,1.09,1.54,,,,18.89,,6.49
2026-06-26,3.83,4.07,4.12,4.38,4.87,0.31,2.18,2.2,0.77,2.83,1.12,1.56,,,,18.41,-0.504,
2026-06-29,3.87,4.1,4.14,4.38,4.86,0.28,2.16,2.22,0.76,2.8,1.11,1.55,,,,17.65,,
2026-06-30,3.87,4.14,4.19,4.44,4.91,0.3,2.2,2.24,0.76,2.75,1.11,1.53,,,,16.45,,
2026-07-01,3.85,4.17,4.24,4.48,4.97,0.31,2.25,2.23,0.76,2.74,1.12,1.54,,,,16.59,,
2026-07-02,3.82,4.14,4.23,4.49,4.98,0.35,2.26,2.23,0.75,2.75,1.11,1.54,,,,16.15,,6.43
2026-07-03,,,,,,,,,0.75,2.74,,,,,,15.81,,
2026-07-06,3.87,4.13,4.21,4.48,4.99,0.35,2.24,2.24,0.75,2.72,,,,,,15.57,,
2026-07-07,,,,,,0.36,,2.25,,,,,,,,,,
