Report Date,Name,Title,CUSIP,Market Value,Percent NAV,Asset Category,Issuer Category,Country,Maturity,Coupon,Payoff,Notional,USD FX Notional,Sector
2026-03-31,N/A,BOUGHT INR SOLD USD 20260424,000000000,-27086.02,-3.499e-06,DFE,,IN,,,N/A,,2271201.0,Derivative
2026-03-31,COUNTRYWIDE ALTERNATIVE LN TR 2007-AL1,COUNTRYWIDE ALTERNATIVE LOAN T CWALT 2007 AL1 A1,02150NAA1,373094.56,4.8201e-05,ABS-MBS,CORP,US,2037-06-25,4.29303,Long,,,Non-Agency MBS
2026-03-31,UNITED STATES GOVT,TSY INFL IX N/B 01/34 1.75,91282CJY8,159352177.97,0.020586899999999998,DBT,UST,US,2034-01-15,1.75,Long,,,Government Related
2026-03-31,N/A,SOLD EUR BOUGHT USD 20260402,000000000,497.33,6.399999999999999e-08,DFE,,N/A,,,N/A,,705565.96,Derivative
2026-03-31,N/A,SOLD ILS BOUGHT USD 20260617,000000000,11605.53,1.4990000000000002e-06,DFE,,IL,,,N/A,,460746.0,Derivative
2026-03-31,N/A,SOLD JPY BOUGHT USD 20260402,000000000,199878.21,2.5823e-05,DFE,,JP,,,N/A,,10205801.0,Derivative
2026-03-31,FHLMC PASS THRU POOLS,FED HM LN PC POOL SD7204 FR 11/54 FIXED 5.5,3132DVAD7,60523.09,7.819e-06,ABS-MBS,USGSE,US,2054-11-01,5.5,Long,,,Agency MBS
2026-03-31,FNMA PASS THRU POOLS,FNMA POOL AS3308 FN 09/44 FIXED 4.5,3138WCVA8,348146.84,4.4977999999999995e-05,ABS-MBS,USGSE,US,2044-09-01,4.5,Long,,,Agency MBS
2026-03-31,JP MORGAN MORTGAGE TRUST SERIES 2025-NQM4,JP MORGAN MORTGAGE TRUST JPMMT 2025 NQM4 A1 144A,46660HAD8,1848622.72,0.000238826,ABS-MBS,CORP,US,2066-03-25,4.954,Long,,,Non-Agency MBS
2026-03-31,N/A,SOLD TRY BOUGHT USD 20260416,000000000,-27772.36,-3.5879999999999998e-06,DFE,,TR,,,N/A,,2335967.0,Derivative
2026-03-31,N/A,SOLD ILS BOUGHT USD 20260413,000000000,41300.3,5.335999999999999e-06,DFE,,IL,,,N/A,,3843428.0,Derivative
2026-03-31,AMERICAN AIRLINES INC/AADVANTAGE LOYALTY IP LTD,AMERICAN AIRLINES/AADVAN SR SECURED 144A 04/26 5.5,00253XAA9,75103.5,9.703e-06,DBT,CORP,US,2026-04-20,5.5,Long,,,Credit & Loans
2026-03-31,N/A,BOUGHT COP SOLD USD 20260504,000000000,-3411.87,-4.41e-07,DFE,,CO,,,N/A,,2282121.0,Derivative
2026-03-31,FNMA PASS THRU POOLS,FNMA POOL MA5445 FN 08/54 FIXED 6,31418FBP1,4898128.89,0.000632796,ABS-MBS,USGSE,US,2054-08-01,6.0,Long,,,Agency MBS
2026-03-31,FHLMC PASS THRU POOLS,FED HM LN PC POOL SD8420 FR 04/54 FIXED 5.5,3132DWK93,35923312.65,0.00464098,ABS-MBS,USGSE,US,2054-04-01,5.5,Long,,,Agency MBS
2026-03-31,FREDDIE MAC REMICS 5560,FREDDIE MAC FHR 5560 FB,3137HLZD7,10458999.63,0.0013512099999999998,ABS-MBS,USGSE,US,2055-06-25,4.6619,Long,,,Agency MBS
2026-03-31,CITIGROUP MORTGAGE LOAN TR 2004-NCM2,CITIGROUP MORTGAGE LOAN TRUST CMLTI 2004 NCM2 2CB1,17307GHA9,821458.18,0.000106125,ABS-MBS,CORP,US,2034-08-25,5.5,Long,,,Non-Agency MBS
2026-03-31,N/A,RFR USD SOFR/3.88000 07/10/24-10Y LCH,000000000,-112220.25,-1.4498e-05,DIR,,US,,,N/A,20500000.0,,Derivative
2026-03-31,FNMA PASS THRU POOLS,FNMA POOL MA3692 FN 07/49 FIXED 3.5,31418DC67,901572.4,0.000116475,ABS-MBS,USGSE,US,2049-07-01,3.5,Long,,,Agency MBS
2026-03-31,WELLS FARGO & COMPANY,WELLS FARGO + COMPANY SR UNSECURED 07/34 VAR,95000U3F8,19017158.75,0.00245685,DBT,CORP,US,2034-07-25,5.557,Long,,,Credit & Loans
2026-03-31,CHASE HOME LENDING MORTGAGE TRUST SERIES 2025-RPL1,CHASE MORTGAGE FINANCE CORPORA CHASE 2025 RPL1 A1A 144A,16160VAB9,4309001.47,0.000556686,ABS-MBS,CORP,US,2065-04-25,3.375,Long,,,Non-Agency MBS
2026-03-31,FIRST FRANKLIN MTG LN ASSET CERT2004-FF8,FIRST FRANKLIN MTG LOAN ASSET FFML 2004 FF8 M3,32027NNS6,595997.76,7.6998e-05,ABS-MBS,CORP,US,2034-10-25,5.21803,Long,,,Non-Agency MBS
2026-03-31,FHLMC PASS THRU POOLS,FED HM LN PC POOL 1K0030 FH 07/36 FLOATING VAR,3128NUA79,1415.94,1.83e-07,ABS-MBS,USGSE,US,2036-07-01,6.355,Long,,,Agency MBS
2026-03-31,CITIGROUP MTGE LOAN TRUST INC 2005-12,CITIGROUP MORTGAGE LOAN TRUST CMLTI 2005 12 2A1 144A,17307GY69,84504.5,1.0916999999999999e-05,ABS-MBS,CORP,US,2035-08-25,4.59303,Long,,,Non-Agency MBS
2026-03-31,CHARTER COMMUNICATIONS OPERATING LLC/CHARTER COMMUNICATIONS OPERATING CAPITAL,CHARTER COMM OPT LLC/CAP SR SECURED 04/31 2.8,161175BU7,1885906.11,0.00024364299999999998,DBT,CORP,US,2031-04-01,2.8,Long,,,Credit & Loans
2026-03-31,PAGAYA AI DEBT GRANTOR TRUST 2024-8,PAGAYA AI DEBT SELECTION TRUST PAID 2024 8 A 144A,69544QAA8,278881.68,3.6029000000000004e-05,ABS-O,CORP,US,2032-01-15,5.331,Long,,,ABS / CLO
2026-03-31,STUDENT LOAN MARKETING ASSN 2006-B,SLM STUDENT LOAN TRUST SLMA 2006 B A5,78443CCU6,1308036.84,0.000168987,ABS-O,CORP,US,2039-12-15,4.20562,Long,,,ABS / CLO
2026-03-31,JP MORGAN CHASE & CO,JPMORGAN CHASE + CO SR UNSECURED 10/34 VAR,46647PDY9,2151077.48,0.000277901,DBT,CORP,US,2034-10-23,6.254,Long,,,Credit & Loans
2026-03-31,BLUE RIDGE RE LTD,BLUE RIDGE RE LTD UNSECURED 144A 01/31 VAR,096003AA6,2018800.0,0.00026081199999999997,DBT,CORP,BM,2031-01-08,8.77,Long,,,Credit & Loans
2026-03-31,WINDROSE RE LTD,WINDROSE RE LTD UNSECURED 144A 02/33 VAR,972917AA6,249275.0,3.2204e-05,DBT,CORP,BM,2033-02-11,8.7769,Long,,,Credit & Loans
2026-03-31,FNMA PASS THRU POOLS,FNMA POOL BE8245 FN 03/47 FIXED 4,3140FUET1,763112.59,9.858799999999999e-05,ABS-MBS,USGSE,US,2047-03-01,4.0,Long,,,Agency MBS
2026-03-31,FHLMC PASS THRU POOLS,FED HM LN PC POOL SD8447 FR 07/54 FIXED 6,3132DWL43,8416437.96,0.00108733,ABS-MBS,USGSE,US,2054-07-01,6.0,Long,,,Agency MBS
2026-03-31,FS KKR CAPITAL CORP,FS KKR CAPITAL CORP SR UNSECURED 08/29 6.875,302635AN7,3736666.46,0.000482745,DBT,CORP,US,2029-08-15,6.875,Long,,,Credit & Loans
2026-03-31,N/A,RFR USD SOFR/3.55000 08/21/24-10Y LCH,000000000,199659.67,2.5794e-05,DIR,,US,,,N/A,10000000.0,,Derivative
2026-03-31,FNMA PASS THRU POOLS,FNMA POOL MA5272 FN 02/54 FIXED 6,31418E2E9,29555536.74,0.00381832,ABS-MBS,USGSE,US,2054-02-01,6.0,Long,,,Agency MBS
2026-03-31,PAGAYA AI DEBT GRANTOR TRUST 2024-6,PAGAYA AI DEBT SELECTION TRUST PAID 2024 6 A 144A,69548KAA7,161669.9,2.0886e-05,ABS-O,CORP,US,2031-11-15,6.093,Long,,,ABS / CLO
2026-03-31,CITADEL FINANCE LLC,CITADEL FINANCE LLC COMPANY GUAR 144A 02/29 4.75,17287HAE0,3529883.48,0.000456031,DBT,CORP,US,2029-02-14,4.75,Long,,,Credit & Loans
2026-03-31,FNMA PASS THRU POOLS,FNMA POOL 879922 FN 11/35 FIXED 5,31409VSK0,1800.19,2.33e-07,ABS-MBS,USGSE,US,2035-11-01,5.0,Long,,,Agency MBS
2026-03-31,UBS GROUP AG,UBS GROUP AG SR UNSECURED 144A 11/33 VAR,225401BB3,2802965.98,0.000362119,DBT,CORP,CH,2033-11-15,9.016,Long,,,Credit & Loans
2026-03-31,COREBRIDGE GLOBAL FUNDING,COREBRIDGE GLOB FUNDING SECURED 144A 12/28 VAR,00138CBL1,6689949.53,0.000864284,DBT,CORP,US,2028-12-15,4.50353,Long,,,Credit & Loans
2026-03-31,TORREY PINES RE LTD,TORREY PINES RE LTD UNSECURED 144A 06/32 VAR,89141WAH5,620370.0,8.0146e-05,DBT,CORP,BM,2032-06-07,9.586,Long,,,Credit & Loans
2026-03-31,N/A,SOLD SGD BOUGHT USD 20260402,000000000,490.57,6.3e-08,DFE,,SG,,,N/A,,29446.0,Derivative
2026-03-31,CENTERBRIDGE CREDIT FUNDING 1 LTD,CENTERBRIDGE CREDIT FUNDING LT CBCF 2021 1A A 144A,15186PAA6,2229416.54,0.000288021,ABS-CBDO,CORP,KY,2039-07-25,3.164,Long,,,ABS / CLO
2026-03-31,DIAMOND ISSUER 2021-1A,DIAMOND ISSUER LLC SHINE 2021 1A A 144A,25267TAN1,1744407.18,0.000225362,ABS-O,CORP,US,2051-11-20,2.305,Long,,,ABS / CLO
2026-03-31,SIXTH STREET LENDING PARTNERS,SIXTH STREET LENDING PAR SR UNSECURED 07/30 6.125,829932AF9,994792.38,0.000128519,DBT,CORP,US,2030-07-15,6.125,Long,,,Credit & Loans
2026-03-31,N/A,SOLD JPY BOUGHT USD 20260507,000000000,-28516.96,-3.6840000000000002e-06,DFE,,JP,,,N/A,,5095774.0,Derivative
2026-03-31,N/A,BOUGHT IDR SOLD USD 20260610,000000000,-15048.96,-1.944e-06,DFE,,ID,,,N/A,,1630606.0,Derivative
2026-03-31,FNMA PASS THRU POOLS,FNMA POOL FA3207 FN 10/55 FIXED VAR,3140W3R50,151247.62,1.954e-05,ABS-MBS,USGSE,US,2055-10-01,5.5,Long,,,Agency MBS
2026-03-31,VOYA CLO 2017-3A,VOYA CLO LTD VOYA 2017 3A A1RR 144A,92915QBG7,2701990.14,0.000349074,ABS-CBDO,CORP,KY,2034-04-20,4.72763,Long,,,ABS / CLO
2026-03-31,ARES MANAGEMENT CORPORATION,ARES MANAGEMENT CORP ARES MANAGEMENT CORP,03990BAA9,6238971.84,0.000806021,DBT,CORP,US,2028-11-10,6.375,Long,,,Credit & Loans
2026-03-31,FHF TRUST 2023-1A,FIRST HELP FINANCIAL LLC FHF 2023 1A A2 144A,30331GAC5,85301.84,1.102e-05,ABS-O,CORP,US,2028-06-15,6.57,Long,,,ABS / CLO
2026-03-31,ARGENT SECURITIES INC 2006-W1,ARGENT SECURITIES INC. ARSI 2006 W1 A2C,040104RF0,2794534.33,0.00036103000000000003,ABS-MBS,CORP,US,2036-03-25,4.17303,Long,,,Non-Agency MBS
2026-03-31,PLANET FITNESS MASTER ISSUER LLC 2025-1A,PLANET FITNESS MASTER ISSUER L PLNT 2025 1A A2II 144A,72703PAJ2,9891423.0,0.00127789,ABS-O,CORP,US,2055-12-06,5.649,Long,,,ABS / CLO
2026-03-31,FHLMC PASS THRU POOLS,FED HM LN PC POOL N31019 FG 09/33 FIXED 4,31281BDY3,52245.36,6.750000000000001e-06,ABS-MBS,USGSE,US,2033-09-01,4.0,Long,,,Agency MBS
2026-03-31,FHLMC PASS THRU POOLS,FED HM LN PC POOL Q29869 FG 11/44 FIXED 4.5,3132MAT27,181075.58,2.3392999999999998e-05,ABS-MBS,USGSE,US,2044-11-01,4.5,Long,,,Agency MBS
2026-03-31,FARMERS INSURANCE EXCHANGE,FARMERS INS EXCH SUBORDINATED 144A 11/57 VAR,309601AE2,1687877.4,0.000218059,DBT,CORP,US,2057-11-01,4.747,Long,,,Credit & Loans
2026-03-31,SOUTHERN CALIFORNIA EDISON COMPANY,SOUTHERN CAL EDISON 1ST REF MORT 01/34 6,842400ES8,5007086.93,0.0006468730000000001,DBT,CORP,US,2034-01-15,6.0,Long,,,Credit & Loans
2026-03-31,GNMA PASS THRU POOLS,GNMA POOL 783451 GN 10/26 FIXED 3,36241LZQ2,9256.03,1.1959999999999999e-06,ABS-MBS,USGSE,US,2026-10-15,3.0,Long,,,Agency MBS
2026-03-31,CSMC 2018-RPL9 TRUST,CREDIT SUISSE MORTGAGE TRUST CSMC 2018 RPL9 A2 144A,12654PAB4,949232.8,0.000122633,ABS-MBS,CORP,US,2057-09-25,3.92742,Long,,,Non-Agency MBS
2026-03-31,WABTEC CORP (AKA: WESTINGHOUSE AIR BRAKE TECHNOLOGIES CORP),WESTINGHOUSE AIR BRAKE COMPANY GUAR 03/34 5.611,960386AR1,2057969.68,0.000265872,DBT,CORP,US,2034-03-11,5.611,Long,,,Credit & Loans
2026-03-31,AMERICAN NATIONAL GLOBAL FUNDING,AMERICAN NATIONAL GF SR SECURED 144A 12/28 4.625,02771D2D5,5063021.84,0.0006540990000000001,DBT,CORP,US,2028-12-15,4.625,Long,,,Credit & Loans
2026-03-31,N/A,SOLD TRY BOUGHT USD 20260409,000000000,-2984.19,-3.8600000000000004e-07,DFE,,TR,,,N/A,,460931.04,Derivative
2026-03-31,GNMA PASS THRU POOLS,GNMA II POOL 004284 G2 11/38 FIXED 5.5,36202EXM6,5821.94,7.52e-07,ABS-MBS,USGSE,US,2038-11-20,5.5,Long,,,Agency MBS
2026-03-31,VB-S1 ISSUER LLC 2026-1A,VB S1 ISSUER LLC VBTEL 2026 1A C2 144A,91825HAA2,4132043.16,0.000533824,ABS-O,CORP,US,2056-03-15,4.693,Long,,,ABS / CLO
2026-03-31,FNMA PASS THRU POOLS,FNMA POOL 256937 FN 10/37 FIXED 6.5,31371NLS2,785.19,1.01e-07,ABS-MBS,USGSE,US,2037-10-01,6.5,Long,,,Agency MBS
2026-03-31,FANNIE MAE REMICS 2007-55,FANNIE MAE FNR 2007 55 PO,31396WGB6,1322.38,1.7099999999999998e-07,ABS-MBS,USGSE,US,2037-06-25,0.0,Long,,,Agency MBS
2026-03-31,WORLDWIDE PLAZA TRUST 2017-WWP,WORLDWIDE PLAZA TRUST WPT 2017 WWP A 144A,98162JAA4,7114215.89,0.0009190950000000001,ABS-MBS,CORP,US,2036-11-10,3.5263,Long,,,Non-Agency MBS
2026-03-31,N/A,BOUGHT ILS SOLD USD 20260406,000000000,22125.8,2.858e-06,DFE,,IL,,,N/A,,2935306.0,Derivative
2026-03-31,MORGAN STANLEY,MORGAN STANLEY SR UNSECURED 04/29 VAR,61747YFD2,2023354.82,0.0002614,DBT,CORP,US,2029-04-20,5.164,Long,,,Credit & Loans
2026-03-31,SUMITOMO MITSUI FINANCIAL GROUP INC,SUMITOMO MITSUI FINL GRP SR UNSECURED 01/33 5.766,86562MCS7,3123995.28,0.000403593,DBT,CORP,JP,2033-01-13,5.766,Long,,,Credit & Loans
2026-03-31,N/A,BOUGHT BRL SOLD USD 20260702,000000000,65674.78,8.485e-06,DFE,,BR,,,N/A,,3974809.0,Derivative
2026-03-31,ACHV ABS TRUST 2024-1PL,ACHV ABS TRUST ACHV 2024 1PL A 144A,00092BAA2,36160.83,4.672e-06,ABS-O,CORP,US,2031-04-25,5.9,Long,,,ABS / CLO
2026-03-31,N/A,RFR USD SOFR/3.51400 09/04/24-10Y LCH,000000000,99612.3,1.2868999999999998e-05,DIR,,US,,,N/A,4400000.0,,Derivative
2026-03-31,N/A,RFR USD SOFR/3.23200 09/10/24-10Y LCH,000000000,97973.89,1.2657000000000001e-05,DIR,,US,,,N/A,2200000.0,,Derivative
2026-03-31,GOLDMAN SACHS GROUP INC,GOLDMAN SACHS GROUP INC SR UNSECURED 07/35 VAR,38141GB37,6574389.71,0.000849355,DBT,CORP,US,2035-07-23,5.33,Long,,,Credit & Loans
2026-03-31,BAMLL COMMERCIAL MORTGAGE SECURITIES TRUST 2025-HMST,BANC OF AMERICA MERRILL LYNCH BAMLL 2025 HMST A 144A,05555XAA3,27567439.06,0.00356148,ABS-MBS,CORP,US,2050-04-25,3.11034,Long,,,Non-Agency MBS
2026-03-31,HCA INC,HCA INC COMPANY GUAR 03/32 3.625,404119CK3,3780706.87,0.000488435,DBT,CORP,US,2032-03-15,3.625,Long,,,Credit & Loans
2026-03-31,ASSET BACKED FUNDING CERT 2006-HE1,ASSET BACKED FUNDING CERTIFICA ABFC 2006 HE1 A2C,00075WAC3,909149.35,0.00011745399999999999,ABS-MBS,CORP,US,2037-01-25,4.11303,Long,,,Non-Agency MBS
2026-03-31,HANDSHAKE RE LTD,HANDSHAKE RE LTD UNSECURED 144A 01/30 VAR,410290AA8,248550.0,3.2111000000000005e-05,DBT,CORP,BM,2030-01-08,8.05,Long,,,Credit & Loans
2026-03-31,OCEAN TRAILS CLO XI 2021-11A,OCEAN TRAILS CLO OCTR 2021 11A AR 144A,67514VAL3,5200847.86,0.000671905,ABS-CBDO,CORP,KY,2034-07-20,4.69763,Long,,,ABS / CLO
2026-03-31,FNMA PASS THRU POOLS,FNMA POOL MA0250 FN 11/39 FIXED 5,31417YH42,25586.29,3.306e-06,ABS-MBS,USGSE,US,2039-11-01,5.0,Long,,,Agency MBS
2026-03-31,WELLS FARGO MTGE BK SEC TR 2006-AR11,WELLS FARGO MORTGAGE BACKED SE WFMBS 2006 AR11 A1,94984CAA4,179845.35,2.3234e-05,ABS-MBS,CORP,US,2036-08-25,6.19174,Long,,,Non-Agency MBS
2026-03-31,FHLMC PASS THRU POOLS,FED HM LN PC POOL Q26755 FG 06/44 FIXED 4.5,3132M7E46,439628.17,5.6795999999999996e-05,ABS-MBS,USGSE,US,2044-06-01,4.5,Long,,,Agency MBS
2026-03-31,GNMA PASS THRU POOLS,GNMA II POOL 004553 G2 10/39 FIXED 4.5,36202FBW5,100921.62,1.3038e-05,ABS-MBS,USGSE,US,2039-10-20,4.5,Long,,,Agency MBS
2026-03-31,N/A,BOUGHT INR SOLD USD 20260424,000000000,-7224.96,-9.33e-07,DFE,,IN,,,N/A,,2335311.0,Derivative
2026-03-31,FNMA PASS THRU POOLS,FNMA POOL MA0594 FN 10/40 FIXED 4.5,31417YUU9,77906.15,1.0065e-05,ABS-MBS,USGSE,US,2040-10-01,4.5,Long,,,Agency MBS
2026-03-31,FAIRFAX FINANCIAL HOLDINGS LIMITED,FAIRFAX FINL HLDGS LTD SR UNSECURED 03/54 6.35,303901BR2,2021642.34,0.000261179,DBT,CORP,CA,2054-03-22,6.35,Long,,,Credit & Loans
2026-03-31,SALESFORCE INC,SALESFORCE INC SR UNSECURED 03/28 4.5,79466LAQ7,6503915.08,0.0008402500000000001,DBT,CORP,US,2028-03-15,4.5,Long,,,Credit & Loans
2026-03-31,PUGET ENERGY INC,PUGET ENERGY INC SR SECURED 03/32 4.224,745310AN2,2864898.03,0.00037012000000000004,DBT,CORP,US,2032-03-15,4.224,Long,,,Credit & Loans
2026-03-31,UNITED STATES GOVT,US TREASURY N/B 02/43 3.875,912810TQ1,282926426.58,0.0365517,DBT,UST,US,2043-02-15,3.875,Long,,,Government Related
2026-03-31,CHL MORTGAGE PASS-THROUGH TRUST 2006-HYB1 2006-HYB1,COUNTRYWIDE HOME LOANS CWHL 2006 HYB1 1A1,126694WE4,367024.36,4.7416e-05,ABS-MBS,CORP,US,2036-03-20,4.68198,Long,,,Non-Agency MBS
2026-03-31,UNITED STATES GOVT,TSY INFL IX N/B 01/35 2.125,91282CML2,85326373.27,0.011023400000000001,DBT,UST,US,2035-01-15,2.125,Long,,,Government Related
2026-03-31,GNMA PASS THRU POOLS,GNMA II POOL 004216 G2 08/38 FIXED 6,36202EVH9,9853.96,1.2730000000000001e-06,ABS-MBS,USGSE,US,2038-08-20,6.0,Long,,,Agency MBS
2026-03-31,COUNTRYWIDE ALTERNATIVE LOAN TRUST 2005-20CB,COUNTRYWIDE ALTERNATIVE LOAN T CWALT 2005 20CB 2A7,12667GQD8,356152.72,4.6012e-05,ABS-MBS,CORP,US,2035-07-25,5.5,Long,,,Non-Agency MBS
2026-03-31,FANNIE MAE REMICS 2013-18,FANNIE MAE FNR 2013 18 MZ,3136ACXR7,665.3,8.6e-08,ABS-MBS,USGSE,US,2033-03-25,3.0,Long,,,Agency MBS
2026-03-31,NATURE COAST RE LTD,NATURE COAST RE LTD UNSECURED 144A 04/33 VAR,63901CAE1,310560.0,4.012199999999999e-05,DBT,CORP,BM,2033-04-10,13.2753,Long,,,Credit & Loans
2026-03-31,SOUTH AFRICA GOVT,REPUBLIC OF SOUTH AFRICA BONDS 01/40 9,ACI0GYHC9,3200517.12,0.000413479,DBT,NUSS,ZA,2040-01-31,9.0,Long,,,Government Related
2026-03-31,CHASEFLEX TRUST 2007-1,CHASEFLEX TRUST CFLX 2007 1 1A3,16165VAC2,1236659.94,0.00015976600000000001,ABS-MBS,CORP,US,2037-02-25,6.5,Long,,,Non-Agency MBS
2026-03-31,FNMA PASS THRU POOLS,FNMA POOL MA5038 FN 06/53 FIXED 5,31418ES43,65574148.15,0.00847162,ABS-MBS,USGSE,US,2053-06-01,5.0,Long,,,Agency MBS
2026-03-31,GNMA PASS THRU POOLS,GNMA II POOL 004532 G2 09/39 FIXED 4.5,36202FA97,6780.76,8.760000000000001e-07,ABS-MBS,USGSE,US,2039-09-20,4.5,Long,,,Agency MBS
2026-03-31,N/A,BOUGHT CNH SOLD USD 20260402,000000000,-14294.97,-1.8469999999999998e-06,DFE,,CN,,,N/A,,4586536.59,Derivative
2026-03-31,FNMA PASS THRU POOLS,FNMA POOL FA3564 FN 11/55 FIXED VAR,3140W36A2,885213.49,0.000114362,ABS-MBS,USGSE,US,2055-11-01,5.5,Long,,,Agency MBS
2026-03-31,N/A,BOUGHT MXN SOLD USD 20260917,000000000,-26156.14,-3.3789999999999998e-06,DFE,,MX,,,N/A,,911610.0,Derivative
2026-03-31,WAMU ASSET-BACKED CERTIFICATES 2007-HE3,WAMU ASSET BACKED CERTIFICATES WMHE 2007 HE3 1A,93364EAA2,1454400.52,0.000187896,ABS-MBS,CORP,US,2037-05-25,4.01803,Long,,,Non-Agency MBS
2026-03-31,FHLMC PASS THRU POOLS,FED HM LN PC POOL P00061 FG 08/34 FIXED 4.5,31283NB68,2532.7,3.27e-07,ABS-MBS,USGSE,US,2034-08-01,4.5,Long,,,Agency MBS
2026-03-31,ALAMO RE LTD,ALAMO RE LTD SR UNSECURED 144A 06/26 VAR,011395AJ9,253375.0,3.2734e-05,DBT,CORP,BM,2026-06-07,12.59,Long,,,Credit & Loans
2026-03-31,UNITED STATES GOVT,US TREASURY N/B 08/45 4.875,912810UN6,225311.41,2.9108e-05,DBT,UST,US,2045-08-15,4.875,Long,,,Government Related
2026-03-31,OCTANE RECEIVABLES TRUST 2023-3A,OCTANE RECEIVABLES TRUST OCTL 2023 3A A2 144A,67571CAB7,135216.4,1.7469e-05,ABS-O,CORP,US,2029-03-20,6.44,Long,,,ABS / CLO
2026-03-31,J.P. MORGAN CHASE COMMERCIAL MORTGAGE SECURITIES TRUST 2022-NLP,JP MORGAN CHASE COMMERCIAL MOR JPMCC 2022 NLP A 144A,466317AA2,1860616.89,0.000240376,ABS-MBS,CORP,US,2037-04-15,4.51901,Long,,,Non-Agency MBS
2026-03-31,CNO GLOBAL FUNDING,CNO GLOBAL FUNDING SECURED 144A 12/30 4.7,18977W2J8,7703083.6,0.000995172,DBT,CORP,US,2030-12-11,4.7,Long,,,Credit & Loans
2026-03-31,FORD MOTOR CREDIT COMPANY LLC,FORD MOTOR CREDIT CO LLC FORD MOTOR CREDIT CO LLC,345397D59,7558541.25,0.0009764979999999999,DBT,CORP,US,2028-11-07,6.798,Long,,,Credit & Loans
2026-03-31,CHASE HOME LENDING MORTGAGE TRUST 2023-RPL3,CHASE MORTGAGE FINANCE CORPORA CHASE 2023 RPL3 A1 144A,161927AC2,2235887.32,0.000288857,ABS-MBS,CORP,US,2063-09-25,3.25,Long,,,Non-Agency MBS
2026-03-31,MF1 MULTIFAMILY HOUSING MORTGAGE LOAN TRUST 2025-FL17,MF1 MULTIFAMILY HOUSING MORTGA MF1 2025 FL17 A 144A,55287HAA8,4388620.46,0.000566972,ABS-CBDO,CORP,US,2040-02-18,4.99956,Long,,,ABS / CLO
2026-03-31,CENTENE CORPORATION,CENTENE CORP SR UNSECURED 03/31 2.5,15135BAX9,3442947.2,0.000444799,DBT,CORP,US,2031-03-01,2.5,Long,,,Credit & Loans
2026-03-31,FREDDIE MAC REMICS 4165,FREDDIE MAC FHR 4165 KZ,3137AYRT0,145.73,1.9e-08,ABS-MBS,USGSE,US,2043-02-15,3.0,Long,,,Agency MBS
2026-03-31,GNMA PASS THRU POOLS,GNMA II POOL MB0868 G2 01/56 FIXED 3.5,3618N56E4,76186674.53,0.00984266,ABS-MBS,USGSE,US,2056-01-20,3.5,Long,,,Agency MBS
2026-03-31,CITRUS RE LTD,CITRUS RE LTD UNSECURED 144A 06/33 VAR,177510AS3,250000.0,3.2298e-05,DBT,CORP,BM,2033-06-07,8.93428,Long,,,Credit & Loans
2026-03-31,ONE NEW YORK PLAZA TRUST 2020-1NYP,ONE NEW YORK PLAZA TRUST 2020 ONYP 2020 1NYP A 144A,68249DAA7,5561715.12,0.000718526,ABS-MBS,CORP,US,2036-01-15,4.73748,Long,,,Non-Agency MBS
2026-03-31,MORGAN STANLEY RESIDENTIAL MORTGAGE LOAN TRUST 2026-RPL1,MORGAN STANLEY RESIDENTIAL MOR MSRM 2026 RPL1 A1 144A,61780PAA0,3851322.73,0.000497558,ABS-MBS,CORP,US,2064-01-25,4.0,Long,,,Non-Agency MBS
2026-03-31,FNMA PASS THRU POOLS,FNMA POOL CB9151 FN 09/54 FIXED 6,3140QVEZ3,17632163.38,0.00227792,ABS-MBS,USGSE,US,2054-09-01,6.0,Long,,,Agency MBS
2026-03-31,GREENSAIF PIPELINES BIDCO SARL,GREENSAIF PIPELINES BIDC SR SECURED 144A 08/42 6.1027,39541EAE3,1394766.88,0.000180192,DBT,CORP,LU,2042-08-23,6.1027,Long,,,Credit & Loans
2026-03-31,MEXICO GOVT,UNITED MEXICAN STATES SR UNSECURED 05/30 6,91087BBB5,1654800.0,0.00021378600000000002,DBT,NUSS,MX,2030-05-13,6.0,Long,,,Government Related
2026-03-31,AIR CANADA,AIR CANADA SR SECURED 144A 08/26 3.875,008911BK4,995585.6,0.000128621,DBT,CORP,CA,2026-08-15,3.875,Long,,,Credit & Loans
2026-03-31,FANNIE MAE REMICS 2011-17,FANNIE MAE FNR 2011 17 PG,31397QC97,1916.06,2.48e-07,ABS-MBS,USGSE,US,2041-03-25,4.5,Long,,,Agency MBS
2026-03-31,RENAISSANCE HOME EQUITY LOAN TR 2006-3,RENAISSANCE HOME EQUITY LOAN T RAMC 2006 3 AF5,75971EAH9,386672.03,4.9955e-05,ABS-MBS,CORP,US,2036-11-25,6.12,Long,,,Non-Agency MBS
2026-03-31,OBX 2024-NQM3 TRUST,ONSLOW BAY FINANCIAL LLC OBX 2024 NQM3 A1 144A,67118KAA1,4005438.5,0.000517468,ABS-MBS,CORP,US,2063-12-25,6.129,Long,,,Non-Agency MBS
2026-03-31,GNMA PASS THRU POOLS,GNMA II POOL 004767 G2 08/40 FIXED 4.5,36202FJL1,15455.38,1.997e-06,ABS-MBS,USGSE,US,2040-08-20,4.5,Long,,,Agency MBS
2026-03-31,AES CORPORATION,AES CORP/THE SR UNSECURED 03/32 5.8,00130HCM5,8048850.56,0.00103984,DBT,CORP,US,2032-03-15,5.8,Long,,,Credit & Loans
2026-03-31,STARWOOD PROPERTY MORTGAGE TRUST 2021-FL2,STARWOOD COMMERCIAL MORTGAGE T STWD 2021 FL2 A 144A,78486BAA2,1047397.79,0.000135315,ABS-CBDO,CORP,KY,2038-04-18,4.99404,Long,,,ABS / CLO
2026-03-31,MORGAN STANLEY RESIDENTIAL MORTGAGE LOAN TRUST 2025-NQM9,MORGAN STANLEY RESIDENTIAL MOR MSRM 2025 NQM9 A1 144A,61779VAA0,1396840.0,0.00018046,ABS-MBS,CORP,US,2070-09-25,5.016,Long,,,Non-Agency MBS
2026-03-31,BANK OF AMERICA CORPORATION,BANK OF AMERICA CORP SR UNSECURED 04/34 VAR,06051GLH0,10682231.17,0.0013800499999999999,DBT,CORP,US,2034-04-25,5.288,Long,,,Credit & Loans
2026-03-31,SMB PRIVATE EDUCATION LOAN TRUST 2025-A,SMB PRIVATE EDUCATION LOAN TRU SMB 2025 A A1A 144A,83207EAA4,2785312.79,0.000359838,ABS-O,CORP,US,2054-04-15,5.13,Long,,,ABS / CLO
2026-03-31,FNMA PASS THRU POOLS,FNMA POOL BH0452 FN 05/47 FIXED 4,3140GNQE6,833655.73,0.00010770099999999999,ABS-MBS,USGSE,US,2047-05-01,4.0,Long,,,Agency MBS
2026-03-31,BLUE RIDGE RE LTD,BLUE RIDGE RE LTD UNSECURED 144A 01/29 VAR,096003AC2,251525.0,3.2495e-05,DBT,CORP,BM,2029-01-08,7.01,Long,,,Credit & Loans
2026-03-31,VERUS SECURITIZATION TRUST 2021-8,VERUS SECURITIZATION TRUST VERUS 2021 8 A1 144A,92538GAA0,1923241.27,0.000248466,ABS-MBS,CORP,US,2066-11-25,2.824,Long,,,Non-Agency MBS
2026-03-31,CHASE HOME LENDING MORTGAGE TRUST 2024-7,CHASE MORTGAGE FINANCE CORPORA CHASE 2024 7 A11 144A,16159TAP6,2926437.14,0.00037807,ABS-MBS,CORP,US,2055-06-25,4.9619,Long,,,Non-Agency MBS
2026-03-31,N/A,BOUGHT BRL SOLD USD 20260402,000000000,9079.89,1.173e-06,DFE,,BR,,,N/A,,10330000.0,Derivative
2026-03-31,PFP 2025-12 LTD,PFP III PFP 2025 12 A 144A,69382JAA9,1500154.46,0.000193807,ABS-CBDO,CORP,KY,2042-12-18,5.16876,Long,,,ABS / CLO
2026-03-31,CI FINANCIAL CORP,CI FINANCIAL CORP COMPANY GUAR 144A 12/31 4.625,ACI379J02,7177753.03,0.000927304,DBT,CORP,CA,2031-12-12,4.625,Long,,,Credit & Loans
2026-03-31,BOEING CO/THE,BOEING CO/THE SR UNSECURED 05/29 6.298,097023DQ5,1785199.68,0.00023063199999999998,DBT,CORP,US,2029-05-01,6.298,Long,,,Credit & Loans
2026-03-31,FNMA PASS THRU POOLS,FNMA POOL 847996 FN 11/35 FLOATING VAR,31408DC93,1772.77,2.29e-07,ABS-MBS,USGSE,US,2035-11-01,6.155,Long,,,Agency MBS
2026-03-31,DEUTSCHE ALT-A SEC INC MTGE LO 2006-AB1,DEUTSCHE ALT A SECURITIES INC DBALT 2006 AB1 A1C,251510MF7,828613.13,0.00010704999999999999,ABS-MBS,CORP,US,2036-02-25,5.665,Long,,,Non-Agency MBS
2026-03-31,N/A,SOLD NZD BOUGHT USD 20260402,000000000,1203959.99,0.000155541,DFE,,NZ,,,N/A,,31004629.35,Derivative
2026-03-31,OFSI BSL X LTD,OFSI FUND LTD OFSBS 2021 10A AR 144A,67115PAW5,3003879.21,0.00038807500000000004,ABS-CBDO,CORP,KY,2034-04-20,4.93763,Long,,,ABS / CLO
2026-03-31,N/A,SOLD COP BOUGHT USD 20260406,000000000,-8959.21,-1.1569999999999999e-06,DFE,,CO,,,N/A,,180000.0,Derivative
2026-03-31,N/A,SOLD KRW BOUGHT USD 20260415,000000000,20856.42,2.694e-06,DFE,,KR,,,N/A,,777242.62,Derivative
2026-03-31,GREYSTONE COMMERCIAL REAL ESTATE NOTES 2025-FL4,GREYSTONE COMMERCIAL REAL ESTA GSTNE 2025 FL4 A 144A,39810MAA7,7352978.59,0.0009499420000000001,ABS-CBDO,CORP,US,2043-01-15,5.15357,Long,,,ABS / CLO
2026-03-31,CENTENE CORPORATION,CENTENE CORP SR UNSECURED 08/31 2.625,15135BAZ4,1171390.92,0.000151334,DBT,CORP,US,2031-08-01,2.625,Long,,,Credit & Loans
2026-03-31,CREDIT SUISSE MORTGAGE CAP CERT 2007-2,CREDIT SUISSE MORTGAGE TRUST CSMC 2007 2 3A9,126384AV8,301577.77,3.8961e-05,ABS-MBS,CORP,US,2037-03-25,5.5,Long,,,Non-Agency MBS
2026-03-31,LIBERTY MUTUAL GROUP INC,LIBERTY MUTUAL GROUP INC COMPANY GUAR 144A 12/51 VAR,53079EBM5,3908412.52,0.0005049329999999999,DBT,CORP,US,2051-12-15,4.125,Long,,,Credit & Loans
2026-03-31,UNITED AIRLINES 2019-2 CLASS AA PASS THROUGH TRUST,UNITED AIR 2019 2 AA PTT PASS THRU CE 11/33 2.7,90932JAA0,269488.22,3.4816e-05,DBT,CORP,US,2033-11-01,2.7,Long,,,Credit & Loans
2026-03-31,N/A,SOLD CHF BOUGHT USD 20260402,000000000,7743.39,1e-06,DFE,,CH,,,N/A,,599289.16,Derivative
2026-03-31,LONG BEACH MTGE LOAN TRUST 2004-5,LONG BEACH MORTGAGE LOAN TRUST LBMLT 2004 5 M2,542514HE7,720827.33,9.3125e-05,ABS-MBS,CORP,US,2034-09-25,4.94303,Long,,,Non-Agency MBS
2026-03-31,N/A,RFR USD SOFR/3.99798 06/30/26-27Y* LCH,000000000,92506.4,1.1951e-05,DIR,,US,,,N/A,3500000.0,,Derivative
2026-03-31,N/A,BOUGHT THB SOLD USD 20260416,000000000,-15157.24,-1.9579999999999997e-06,DFE,,TH,,,N/A,,3699978.0,Derivative
2026-03-31,ING GROEP NV,ING GROEP NV,456837AY9,579994.62,7.493e-05,DBT,CORP,NL,2027-05-16,3.875,Long,,,Credit & Loans
2026-03-31,FHLMC PASS THRU POOLS,FED HM LN PC POOL C91176 FG 05/28 FIXED 5.5,3128P7JV6,5149.74,6.65e-07,ABS-MBS,USGSE,US,2028-05-01,5.5,Long,,,Agency MBS
2026-03-31,FHLMC PASS THRU POOLS,FED HM LN PC POOL G08877 FG 05/49 FIXED 4,3128MJ6P0,255562.89,3.3017e-05,ABS-MBS,USGSE,US,2049-05-01,4.0,Long,,,Agency MBS
2026-03-31,SYMPHONY CLO 36 LTD 2025-52A,SYMPHONY CLO LTD SYMP 2025 52A AR 144A,87170MAC6,2699795.93,0.00034879,ABS-CBDO,CORP,KY,2036-01-20,4.81506,Long,,,ABS / CLO
2026-03-31,PEACEHEALTH OBLIGATED GROUP,PEACEHEALTH OBLIGATED GR SR UNSECURED 11/32 4.855,70462GAF5,1992481.62,0.000257411,DBT,CORP,US,2032-11-15,4.855,Long,,,Credit & Loans
2026-03-31,FREMONT HOME LOAN TRUST 2004-3,FREMONT HOME LOAN TRUST FHLT 2004 3 M2,35729PFM7,268719.97,3.4716e-05,ABS-MBS,CORP,US,2034-11-25,4.84303,Long,,,Non-Agency MBS
2026-03-31,EMCM MORTGAGE LOAN TRUST 2003-A,EMC MORTGAGE LOAN TRUST EMCM 2003 A A1 144A,268668BS8,950760.52,0.00012283000000000001,ABS-MBS,CORP,US,2040-08-25,4.89303,Long,,,Non-Agency MBS
2026-03-31,GREENGROVE RE LTD,GREENGROVE RE LTD UNSECURED 144A 04/32 VAR,39526JAA9,414600.0,5.3562999999999995e-05,DBT,CORP,BM,2032-04-08,11.27,Long,,,Credit & Loans
2026-03-31,PRET 2026-RPL1 TRUST,PRETIUM MORTGAGE CREDIT PARTNE PRET 2026 RPL1 A1 144A,69393EAA7,3463116.4,0.000447405,ABS-MBS,CORP,US,2070-01-25,4.15,Long,,,Non-Agency MBS
2026-03-31,ANCHORAGE CREDIT FUNDING 3 LTD 2016-3A,ANCHORAGE CREDIT FUNDING LTD. ANCHF 2016 3A A1R 144A,03330EAJ3,2294301.12,0.000296404,ABS-CBDO,CORP,KY,2039-01-28,2.871,Long,,,ABS / CLO
2026-03-31,N/A,SOLD ZAR BOUGHT USD 20260420,000000000,377810.71,4.881e-05,DFE,,ZA,,,N/A,,11049676.0,Derivative
2026-03-31,GNMA PASS THRU POOLS,GNMA II POOL 005276 G2 01/27 FIXED 3,36202F2H8,200375.02,2.5887e-05,ABS-MBS,USGSE,US,2027-01-20,3.0,Long,,,Agency MBS
2026-03-31,FREMONT HOME LOAN TRUST 2004-D,FREMONT HOME LOAN TRUST FHLT 2004 D M1,35729PGC8,4232867.07,0.00054685,ABS-MBS,CORP,US,2034-11-25,4.66303,Long,,,Non-Agency MBS
2026-03-31,FNMA PASS THRU POOLS,FNMA POOL BE0214 FN 01/47 FIXED 3.5,3140FKGY0,461878.99,5.9671000000000005e-05,ABS-MBS,USGSE,US,2047-01-01,3.5,Long,,,Agency MBS
2026-03-31,N/A,BOUGHT TRY SOLD USD 20260416,000000000,217831.95,2.8142000000000003e-05,DFE,,TR,,,N/A,,18220385.14,Derivative
2026-03-31,GNMA PASS THRU POOLS,GNMA POOL 738876 GN 10/26 FIXED 3,3620AS2H1,12326.04,1.592e-06,ABS-MBS,USGSE,US,2026-10-15,3.0,Long,,,Agency MBS
2026-03-31,FHLMC PASS THRU POOLS,FED HM LN PC POOL SD8384 FR 12/53 FIXED 6,3132DWJ53,5848416.47,0.000755565,ABS-MBS,USGSE,US,2053-12-01,6.0,Long,,,Agency MBS
2026-03-31,ARROWMARK COLORADO HOLDINGS 2018-3A,ELEVATION CLO LTD AWPT 2018 3A A1R2 144A,28623VAN9,1300729.73,0.00016804300000000002,ABS-CBDO,CORP,KY,2035-01-25,4.96802,Long,,,ABS / CLO
2026-03-31,FIRST AMERICAN FINANCIAL CORPORATION,FIRST AMERICAN FINANCIAL SR UNSECURED 09/34 5.45,31847RAJ1,4608989.91,0.000595442,DBT,CORP,US,2034-09-30,5.45,Long,,,Credit & Loans
2026-03-31,N/A,RFR USD SOFR/3.67900 08/13/24-10Y LCH,000000000,100832.46,1.3026999999999999e-05,DIR,,US,,,N/A,10100000.0,,Derivative
2026-03-31,GUGGENHEIM CLO 2022-2A LTD,GUGGENHEIM 1888 FUND LTD GUGG 2022 2A A1R 144A,40172PAL6,6702293.75,0.000865879,ABS-CBDO,CORP,KY,2035-01-15,4.82219,Long,,,ABS / CLO
2026-03-31,N/A,BOUGHT MXN SOLD USD 20260617,000000000,-135050.38,-1.7447e-05,DFE,,MX,,,N/A,,3980235.17,Derivative
2026-03-31,N/A,SOLD ILS BOUGHT USD 20260610,000000000,7515.34,9.71e-07,DFE,,IL,,,N/A,,1411164.0,Derivative
2026-03-31,FNMA PASS THRU POOLS,FNMA POOL 928692 FN 08/37 FIXED 5.5,31412LXV7,12783.53,1.652e-06,ABS-MBS,USGSE,US,2037-08-01,5.5,Long,,,Agency MBS
2026-03-31,FHLMC PASS THRU POOLS,FED HM LN PC POOL SD8402 FR 02/54 FIXED 6,3132DWKP7,28776053.75,0.0037176199999999996,ABS-MBS,USGSE,US,2054-02-01,6.0,Long,,,Agency MBS
2026-03-31,FHLMC PASS THRU POOLS,FED HM LN PC POOL RA9796 FR 09/53 FIXED 4.5,3133KR3D4,812858.07,0.000105014,ABS-MBS,USGSE,US,2053-09-01,4.5,Long,,,Agency MBS
2026-03-31,SEQUOIA MORTGAGE TRUST 2005-1,SEQUOIA MORTGAGE TRUST SEMT 2005 1 A2,81744FGN1,193721.17,2.5027e-05,ABS-MBS,CORP,US,2035-02-20,4.54858,Long,,,Non-Agency MBS
2026-03-31,HANOVER INSURANCE GROUP INC (AKA: ALLMERICA FINANCIAL CORP),HANOVER INSURANCE GROUP SR UNSECURED 09/35 5.5,410867AH8,3578173.45,0.000462269,DBT,CORP,US,2035-09-01,5.5,Long,,,Credit & Loans
2026-03-31,AMERICAN AIRLINES INC/AADVANTAGE LOYALTY IP LTD,AMERICAN AIRLINES/AADVAN SR SECURED 144A 04/29 5.75,00253XAB7,1393238.42,0.000179994,DBT,CORP,US,2029-04-20,5.75,Long,,,Credit & Loans
2026-03-31,FHLMC PASS THRU POOLS,FED HM LN PC POOL T65234 FG 08/44 FIXED 4.5,31322YY70,20593.04,2.66e-06,ABS-MBS,USGSE,US,2044-08-01,4.5,Long,,,Agency MBS
2026-03-31,FHLMC PASS THRU POOLS,FED HM LN PC POOL 789262 FH 12/31 FLOATING VAR,31295NJF6,17529.27,2.265e-06,ABS-MBS,USGSE,US,2031-12-01,6.467,Long,,,Agency MBS
2026-03-31,STONEPEAK 2021-1 ABS,STONEPEAK SALTT 2021 1A AA 144A,78433XAA8,294851.44,3.8092e-05,ABS-O,CORP,US,2033-02-28,2.301,Long,,,ABS / CLO
2026-03-31,QUIKRETE HOLDINGS INC,QUIKRETE HOLDINGS INC SR UNSECURED 144A 03/33 6.75,74843PAB6,304924.5,3.9394e-05,DBT,CORP,US,2033-03-01,6.75,Long,,,Credit & Loans
2026-03-31,CITADEL LIMITED PARTNERSHIP,CITADEL LP SR UNSECURED 144A 01/32 6.375,17288XAC8,5807433.18,0.0007502699999999999,DBT,CORP,US,2032-01-23,6.375,Long,,,Credit & Loans
2026-03-31,N/A,PANAMA LA SP CBK,000000000,2117.3,2.74e-07,DCR,,US,,,N/A,1500000.0,,Derivative
2026-03-31,FNMA PASS THRU POOLS,FNMA POOL 888738 FN 10/37 FIXED VAR,31410GLT8,53619.13,6.927e-06,ABS-MBS,USGSE,US,2037-10-01,7.5,Long,,,Agency MBS
2026-03-31,CHASE HOME LENDING MORTGAGE TRUST 2023-RPL2,CHASE MORTGAGE FINANCE CORPORA CHASE 2023 RPL2 A1 144A,16159RAC9,3069600.23,0.000396566,ABS-MBS,CORP,US,2063-03-25,3.25,Long,,,Non-Agency MBS
2026-03-31,DELTA AIR LINES 2020-1 CLASS AA PASS THROUGH TRUST,DELTA AIR LINES 2020 AA PASS THRU CE 12/29 2,247361ZV3,908791.53,0.000117408,DBT,CORP,US,2029-12-10,2.0,Long,,,Credit & Loans
2026-03-31,MADISON PARK FUNDING XLVI LTD 2020-46A,MADISON PARK FUNDING LTD MDPK 2020 46A ARR 144A,55822AAW7,5646323.66,0.000729456,ABS-CBDO,CORP,KY,2034-10-15,4.67219,Long,,,ABS / CLO
2026-03-31,COMM 2021-2400 MORTGAGE TRUST,COMM MORTGAGE TRUST COMM 2021 2400 A 144A,20048FAA6,5214214.39,0.000673632,ABS-MBS,CORP,US,2038-12-15,5.08748,Long,,,Non-Agency MBS
2026-03-31,N/A,SOLD AUD BOUGHT USD 20260402,000000000,59766.19,7.721e-06,DFE,,AU,,,N/A,,1964028.7,Derivative
2026-03-31,N/A,SOLD IDR BOUGHT USD 20260610,000000000,12500.39,1.615e-06,DFE,,ID,,,N/A,,1433936.0,Derivative
2026-03-31,FANNIE MAE 2006-22,FANNIE MAE FNR 2006 22 AO,31395BA52,8706.64,1.125e-06,ABS-MBS,USGSE,US,2036-04-25,0.0,Long,,,Agency MBS
2026-03-31,CVS HEALTH CORPORATION,CVS HEALTH CORP SR UNSECURED 09/55 6.2,126650EL0,693945.08,8.9652e-05,DBT,CORP,US,2055-09-15,6.2,Long,,,Credit & Loans
2026-03-31,RESIDENTIAL ASSET MORTGAGE PROD 2006-NC3,RESIDENTIAL ASSET MORTGAGE PRO RAMP 2006 NC3 M1,76112B4P2,783471.44,0.000101218,ABS-MBS,CORP,US,2036-03-25,4.30303,Long,,,Non-Agency MBS
2026-03-31,FHLMC PASS THRU POOLS,FED HM LN PC POOL Q02904 FG 08/41 FIXED 4.5,3132GGGM1,44602.32,5.762e-06,ABS-MBS,USGSE,US,2041-08-01,4.5,Long,,,Agency MBS
2026-03-31,BWAY MORTGAGE TRUST 2021-1450,BWAY MORTGAGE TRUST BWAY 2021 1450 A 144A,12430YAA8,4921162.0,0.000635772,ABS-MBS,CORP,US,2036-09-15,5.03699,Long,,,Non-Agency MBS
2026-03-31,PAGAYA AI DEBT TRUST 2024-3,PAGAYA AI DEBT SELECTION TRUST PAID 2024 3 A 144A,69547XAA0,512297.89,6.6184e-05,ABS-O,CORP,US,2031-10-15,6.258,Long,,,ABS / CLO
2026-03-31,N/A,BOUGHT IDR SOLD USD 20260610,000000000,-22.31,-3e-09,DFE,,ID,,,N/A,,11665.34,Derivative
2026-03-31,N/A,SOLD COP BOUGHT USD 20260617,000000000,-77424.34,-1.0002999999999999e-05,DFE,,CO,,,N/A,,3301538.9,Derivative
2026-03-31,ELLINGTON FINANCIAL MORTGAGE TRUST 2025-INV4,ELLINGTON FINANCIAL MORTGAGE T EFMT 2025 INV4 A1 144A,26846DAC8,957287.38,0.000123673,ABS-MBS,CORP,US,2070-10-25,5.1,Long,,,Non-Agency MBS
2026-03-31,GOLDEN STATE TOBACCO SECURITIZATION,GOLDEN ST TOBACCO SECURITIZATI GLDGEN 06/36 FIXED 3.487,38122ND41,2830675.65,0.00036569900000000004,DBT,MUN,US,2036-06-01,3.487,Long,,,Municipal / Other
2026-03-31,FNMA PASS THRU POOLS,FNMA POOL 916462 FN 05/37 FIXED 4.5,31411WFB8,29829.88,3.854e-06,ABS-MBS,USGSE,US,2037-05-01,4.5,Long,,,Agency MBS
2026-03-31,FHLMC PASS THRU POOLS,FED HM LN PC POOL SL2469 FR 09/55 FIXED 5.5,31427PW75,59540.4,7.692e-06,ABS-MBS,USGSE,US,2055-09-01,5.5,Long,,,Agency MBS
2026-03-31,UNITED AIRLINES 2016-1 CLASS A PASS THROUGH TRUST,UNITED AIR 2016 1 A PTT PASS THRU CE 01/30 3.45,90931MAA4,2252228.87,0.00029096899999999997,DBT,CORP,US,2030-01-07,3.45,Long,,,Credit & Loans
2026-03-31,AVOLON HOLDINGS FUNDING LIMITED,AVOLON HOLDINGS FNDG LTD COMPANY GUAR 144A 10/32 4.95,05401ABC4,6528285.3,0.0008433980000000001,DBT,CORP,KY,2032-10-15,4.95,Long,,,Credit & Loans
2026-03-31,N/A,BOUGHT PLN SOLD USD 20260415,000000000,-30126.49,-3.891999999999999e-06,DFE,,PL,,,N/A,,1019052.0,Derivative
2026-03-31,WAVE TRUST 2019-1,WAVE USA WAAV 2019 1 A 144A,94354KAA8,1973098.46,0.000254907,ABS-O,CORP,US,2044-09-15,3.597,Long,,,ABS / CLO
2026-03-31,FHLMC PASS THRU POOLS,FED HM LN PC POOL SD8470 FR 10/54 FIXED 6,3132DWMT7,122260522.32,0.015795,ABS-MBS,USGSE,US,2054-10-01,6.0,Long,,,Agency MBS
2026-03-31,FNMA PASS THRU POOLS,FNMA POOL AY5622 FN 06/45 FIXED 3.5,3138YKG80,19805334.1,0.00255868,ABS-MBS,USGSE,US,2045-06-01,3.5,Long,,,Agency MBS
2026-03-31,RESIDENTIAL ASSET MTG PROD INC 2002-RS2,RESIDENTIAL ASSET MORTGAGE PRO RAMP 2002 RS2 MII2,760985JT9,653082.36,8.4373e-05,ABS-MBS,CORP,US,2032-03-25,5.81803,Long,,,Non-Agency MBS
2026-03-31,N/A,SOLD THB BOUGHT USD 20260420,000000000,7043.77,9.100000000000001e-07,DFE,,TH,,,N/A,,967996.97,Derivative
2026-03-31,SMITH & NEPHEW PLC,SMITH + NEPHEW PLC SR UNSECURED 03/34 5.4,83192PAD0,7102893.56,0.0009176330000000001,DBT,CORP,GB,2034-03-20,5.4,Long,,,Credit & Loans
2026-03-31,BGC GROUP INC,BGC GROUP INC SR UNSECURED 06/29 6.6,05555LAB7,2890082.13,0.000373374,DBT,CORP,US,2029-06-10,6.6,Long,,,Credit & Loans
2026-03-31,ALESCO PREFERRED FUNDING XVII LTD 17A,ALESCO PREFERRED FUNDING LTD ALESC 17A A1 144A,01450NAA0,1783383.27,0.00023039799999999999,ABS-CBDO,CORP,KY,2038-09-23,4.69905,Long,,,ABS / CLO
2026-03-31,FNMA PASS THRU POOLS,FNMA POOL AX3123 FN 10/44 FIXED 4,3138Y4PH6,160512.76,2.0736999999999998e-05,ABS-MBS,USGSE,US,2044-10-01,4.0,Long,,,Agency MBS
2026-03-31,N/A,SOLD TRY BOUGHT USD 20260414,000000000,-28873.08,-3.7300000000000003e-06,DFE,,TR,,,N/A,,2335967.0,Derivative
2026-03-31,RESIDENTIAL ASSET SEC TRUST 2003-A9,RESIDENTIAL ASSET SECURITIZATI RAST 2003 A9 A3,45660NSY2,14484.96,1.871e-06,ABS-MBS,CORP,US,2033-08-25,4.34303,Long,,,Non-Agency MBS
2026-03-31,CONSTELLATION GLOBAL FUNDING,CONSTELLATION GLO FNDG SR SECURED 144A 10/30 4.85,21038N2A8,3140202.43,0.000405687,DBT,CORP,US,2030-10-22,4.85,Long,,,Credit & Loans
2026-03-31,GATEWAY RE LTD,GATEWAY RE LTD UNSECURED 144A 07/29 VAR,36779CAU0,250000.0,3.2298e-05,DBT,CORP,BM,2029-07-06,5.54,Long,,,Credit & Loans
2026-03-31,JP MORGAN CHASE & CO,JPMORGAN CHASE + CO SR UNSECURED 04/35 VAR,46647PEH5,11721600.45,0.0015143300000000001,DBT,CORP,US,2035-04-22,5.766,Long,,,Credit & Loans
2026-03-31,GNMA PASS THRU POOLS,GNMA II POOL MA3795 G2 07/46 FIXED 4.5,36179SGC5,126438.73,1.6335e-05,ABS-MBS,USGSE,US,2046-07-20,4.5,Long,,,Agency MBS
2026-03-31,N/A,SOLD THB BOUGHT USD 20260416,000000000,60376.31,7.8e-06,DFE,,TH,,,N/A,,1846740.0,Derivative
2026-03-31,QUANTA SERVICES INC,QUANTA SERVICES INC SR UNSECURED 08/34 5.25,74762EAL6,3120178.89,0.0004031,DBT,CORP,US,2034-08-09,5.25,Long,,,Credit & Loans
2026-03-31,MERRILL LYNCH MORTGAGE INVESTOR 2006-RM1,MERRILL LYNCH MORTGAGE INVESTO MLMI 2006 RM1 A2B,59020U5D3,1204712.48,0.000155638,ABS-MBS,CORP,US,2037-02-25,5.95,Long,,,Non-Agency MBS
2026-03-31,BLUE OWL FINANCE LLC,BLUE OWL FINANCE LLC COMPANY GUAR 02/32 4.375,09581JAS5,1783073.44,0.00023035799999999998,DBT,CORP,US,2032-02-15,4.375,Long,,,Credit & Loans
2026-03-31,PIKES PEAK CLO 2018-2A,PIKES PEAK CLO PIPK 2018 2A ARR 144A,72133JAY3,6508968.44,0.000840903,ABS-CBDO,CORP,KY,2034-10-11,4.88763,Long,,,ABS / CLO
2026-03-31,SELECTIVE INSURANCE GROUP INC,SELECTIVE INSURANCE GROU SR UNSECURED 04/35 5.9,816300AJ6,4949108.69,0.000639382,DBT,CORP,US,2035-04-15,5.9,Long,,,Credit & Loans
2026-03-31,GNMA PASS THRU POOLS,GNMA II POOL 004512 G2 08/39 FIXED 4.5,36202FAM8,60631.93,7.833e-06,ABS-MBS,USGSE,US,2039-08-20,4.5,Long,,,Agency MBS
2026-03-31,N/A,SOLD CNH BOUGHT USD 20260402,000000000,911.68,1.1800000000000001e-07,DFE,,CN,,,N/A,,662240.29,Derivative
2026-03-31,FNMA PASS THRU POOLS,FNMA POOL AB1465 FN 09/40 FIXED 4.5,31416WTX0,5894.3,7.610000000000001e-07,ABS-MBS,USGSE,US,2040-09-01,4.5,Long,,,Agency MBS
2026-03-31,CAPITAL STREET MASTER TRUST 2024-1,CAPITAL STREET MASTER TRUST CAPST 2024 1 A 144A,14051LAA0,7506079.5,0.0009697210000000001,ABS-O,CORP,US,2028-10-16,5.02223,Long,,,ABS / CLO
2026-03-31,N/A,FORD MOTOR CREDIT COMPANY LLC SNR S* ICE,000000000,16137.97,2.085e-06,DCR,,US,,,N/A,300000.0,,Derivative
2026-03-31,GNMA PASS THRU POOLS,GNMA II TBA 30 YR 6 JUMBOS,21H060655,101575151.0,0.0131226,ABS-MBS,USGSE,US,2056-05-20,6.0,Long,,,Agency MBS
2026-03-31,JP MORGAN MORTGAGE TRUST 2005-S3,JP MORGAN MORTGAGE TRUST JPMMT 2005 S3 1A1,466247ZN6,2533306.52,0.000327281,ABS-MBS,CORP,US,2036-01-25,6.5,Long,,,Non-Agency MBS
2026-03-31,BAYER US FINANCE LLC,BAYER US FINANCE LLC COMPANY GUAR 144A 11/33 6.5,07274EAL7,2925590.77,0.000377961,DBT,CORP,US,2033-11-21,6.5,Long,,,Credit & Loans
2026-03-31,N/A,BOUGHT BRL SOLD USD 20260402,000000000,158748.75,2.0509e-05,DFE,,BR,,,N/A,,33291283.78,Derivative
2026-03-31,N/A,SOLD COP BOUGHT USD 20260420,000000000,-19169.75,-2.477e-06,DFE,,CO,,,N/A,,900000.0,Derivative
2026-03-31,GLP CAPITAL LP / GLP FINANCING II INC,GLP CAPITAL LP / FIN II COMPANY GUAR 09/54 6.25,361841AU3,2330764.56,0.000301115,DBT,CORP,US,2054-09-15,6.25,Long,,,Credit & Loans
2026-03-31,CARLYLE US CLO 2020-2 LTD,CARLYLE GLOBAL MARKET STRATEGI CGMS 2020 2A A1R2 144A,14315GAW5,2694627.84,0.000348123,ABS-CBDO,CORP,KY,2035-01-25,4.74802,Long,,,ABS / CLO
2026-03-31,N/A,SOLD ILS BOUGHT USD 20260610,000000000,44386.61,5.734e-06,DFE,,IL,,,N/A,,7152663.82,Derivative
2026-03-31,WISE CLO 2025-2 LTD,WISE CLO LTD WYZE 2025 2A B 144A,97720BAC4,5012242.7,0.000647539,ABS-CBDO,CORP,KY,2038-04-20,5.46763,Long,,,ABS / CLO
2026-03-31,TOWD POINT MORTGAGE TRUST 2024-CES2,TOWD POINT MORTGAGE TRUST TPMT 2024 CES2 A1A 144A,89182JAA9,493282.92,6.3728e-05,ABS-MBS,CORP,US,2064-02-25,6.125,Long,,,Non-Agency MBS
2026-03-31,N/A,SOLD NOK BOUGHT USD 20260407,000000000,231.39,3.0000000000000004e-08,DFE,,NO,,,N/A,,32161.0,Derivative
2026-03-31,POST CLO 2022-1 LTD,POST CLO LTD POST 2022 1A AR 144A,73742YAJ4,4801061.38,0.000620256,ABS-CBDO,CORP,KY,2035-04-20,4.76211,Long,,,ABS / CLO
2026-03-31,CAPITAL FOUR US CLO I LTD 2021-1A,CAPITAL FOUR US CLO C4US 2021 1A AR 144A,14016TAL3,5491750.39,0.0007094870000000001,ABS-CBDO,CORP,KY,2035-01-18,4.80763,Long,,,ABS / CLO
2026-03-31,PRPM 2025-RCF6 LLC,PRESTON RIDGE PARTNERS MORTGAG PRPM 2025 RCF6 A1 144A,69393BAA3,1837808.49,0.00023742900000000002,ABS-MBS,CORP,US,2055-12-25,4.942,Long,,,Non-Agency MBS
2026-03-31,BROADCOM INC,BROADCOM INC SR UNSECURED 144A 04/32 4.15,11135FBT7,1935981.92,0.00025011200000000003,DBT,CORP,US,2032-04-15,4.15,Long,,,Credit & Loans
2026-03-31,SMRT 2022-MINI,SMRT SMRT 2022 MINI A 144A,78457JAA0,2349020.99,0.000303473,ABS-MBS,CORP,US,2039-01-15,4.673,Long,,,Non-Agency MBS
2026-03-31,UNITED STATES GOVT,US TREASURY N/B 11/45 4.625,912810UQ9,175862531.25,0.0227199,DBT,UST,US,2045-11-15,4.625,Long,,,Government Related
2026-03-31,COREBRIDGE FINANCIAL INC,COREBRIDGE FINANCIAL INC JR SUBORDINA 12/99 VAR,21871XAU3,6612905.0,0.0008543299999999999,EP,CORP,US,,,Long,,,Credit & Loans
2026-03-31,BANK 2025-BNK51,BANK BANK 2025 BNK51 A4,06541HAD7,4968372.5,0.000641871,ABS-MBS,CORP,US,2067-12-25,5.0,Long,,,Non-Agency MBS
2026-03-31,BANK OF AMERICA CORPORATION,BANK OF AMERICA CORP SR UNSECURED 09/34 VAR,06051GLU1,21106653.49,0.0027267999999999997,DBT,CORP,US,2034-09-15,5.872,Long,,,Credit & Loans
2026-03-31,N/A,SOLD INR BOUGHT USD 20260407,000000000,66842.37,8.635e-06,DFE,,IN,,,N/A,,3042056.0,Derivative
2026-03-31,N/A,SOLD PEN BOUGHT USD 20260824,000000000,90999.39,1.1755999999999999e-05,DFE,,PE,,,N/A,,2542072.76,Derivative
2026-03-31,JP MORGAN MORTGAGE TRUST 2007-S3,JP MORGAN MORTGAGE TRUST JPMMT 2007 S3 1A8,46631NAH2,304772.33,3.9374e-05,ABS-MBS,CORP,US,2037-08-25,6.0,Long,,,Non-Agency MBS
2026-03-31,GLOBAL PAYMENTS INC,GLOBAL PAYMENTS INC SR UNSECURED 11/30 4.875,37940XAW2,2603741.71,0.00033638099999999996,DBT,CORP,US,2030-11-15,4.875,Long,,,Credit & Loans
2026-03-31,N/A,BOUGHT SGD SOLD USD 20260402,000000000,-350934.66,-4.5338e-05,DFE,,SG,,,N/A,,54361048.47,Derivative
2026-03-31,GNMA PASS THRU POOLS,GNMA POOL 779403 GN 06/27 FIXED 3,36176XU49,86576.13,1.1184999999999999e-05,ABS-MBS,USGSE,US,2027-06-15,3.0,Long,,,Agency MBS
2026-03-31,PROTECTIVE LIFE CORPORATION,PROTECTIVE LIFE CORP SR UNSECURED 144A 12/35 5.35,743674BG7,2704204.69,0.00034936,DBT,CORP,US,2035-12-15,5.35,Long,,,Credit & Loans
2026-03-31,N/A,RFR USD SOFR/4.01035 06/30/26-27Y* LCH,000000000,85472.8,1.1042e-05,DIR,,US,,,N/A,3500000.0,,Derivative
2026-03-31,N/A,SOLD INR BOUGHT USD 20260407,000000000,28870.32,3.7300000000000003e-06,DFE,,IN,,,N/A,,2335311.0,Derivative
2026-03-31,FS KKR CAPITAL CORP,FS KKR CAPITAL CORP SR UNSECURED 01/29 7.875,302635AM9,3540819.49,0.00045744300000000003,DBT,CORP,US,2029-01-15,7.875,Long,,,Credit & Loans
2026-03-31,N/A,BOUGHT BRL SOLD USD 20260602,000000000,36486.74,4.714e-06,DFE,,BR,,,N/A,,2923730.0,Derivative
2026-03-31,GNMA PASS THRU POOLS,GNMA POOL 783450 GN 10/26 FIXED 3,36241LZP4,26382.38,3.408e-06,ABS-MBS,USGSE,US,2026-10-15,3.0,Long,,,Agency MBS
2026-03-31,N/A,RFR USD SOFR/3.28063 12/02/24-4Y* LCH,000000000,1037473.93,0.000134033,DIR,,US,,,N/A,120700000.0,,Derivative
2026-03-31,FNMA PASS THRU POOLS,FNMA POOL 968312 FN 02/38 FIXED 4.5,31414KGV6,5631.11,7.270000000000001e-07,ABS-MBS,USGSE,US,2038-02-01,4.5,Long,,,Agency MBS
2026-03-31,GSR MORTGAGE LOAN TRUST 2006-3F,GSR MORTGAGE LOAN TRUST GSR 2006 3F 3A1,362334HG2,1294328.99,0.000167216,ABS-MBS,CORP,US,2036-03-25,6.0,Long,,,Non-Agency MBS
2026-03-31,FREDDIE MAC REMICS 3772,FREDDIE MAC FHR 3772 ES,3137A4HD2,47983.81,6.199e-06,ABS-MBS,USGSE,US,2040-12-15,1.16329,Long,,,Agency MBS
2026-03-31,FHLMC PASS THRU POOLS,FED HM LN PC POOL U60610 FG 05/41 FIXED 5,3132GBDP8,106212.91,1.3722e-05,ABS-MBS,USGSE,US,2041-05-01,5.0,Long,,,Agency MBS
2026-03-31,GNMA PASS THRU POOLS,GNMA II POOL MA1265 G2 09/28 FIXED 3,36179NMN5,3268.08,4.2200000000000005e-07,ABS-MBS,USGSE,US,2028-09-20,3.0,Long,,,Agency MBS
2026-03-31,FNMA PASS THRU POOLS,FNMA POOL 256986 FN 11/37 FIXED 7,31371NNB7,11356.0,1.4669999999999999e-06,ABS-MBS,USGSE,US,2037-11-01,7.0,Long,,,Agency MBS
2026-03-31,N/A,SOLD COP BOUGHT USD 20260504,000000000,13672.68,1.7660000000000001e-06,DFE,,CO,,,N/A,,4206818.39,Derivative
2026-03-31,UPGRADE AUTO RECEIVABLES TRUST 25-1A,UPGRADE AUTO RECEIVABLES TRUST UPGA 2025 1A A2 144A,91531AAB0,16251406.72,0.00209954,ABS-O,CORP,US,2029-05-15,4.54,Long,,,ABS / CLO
2026-03-31,FREDDIE MAC 2577,FREDDIE MAC FHR 2577 LO,31393LCP6,185458.89,2.396e-05,ABS-MBS,USGSE,US,2033-01-15,0.0,Long,,,Agency MBS
2026-03-31,SWITCH ABS ISSUER LLC 2025-2A,"SWITCH ABS ISSUER, LLC SWTCH 2025 2A A21 144A",871044AS2,12229795.0,0.00157998,ABS-O,CORP,US,2055-10-25,5.121,Long,,,ABS / CLO
2026-03-31,N/A,RFR USD SOFR/3.26082 12/02/24-4Y* LCH,000000000,856416.52,0.000110642,DIR,,US,,,N/A,93500000.0,,Derivative
2026-03-31,N/A,BOUGHT COP SOLD USD 20260408,000000000,11993.34,1.549e-06,DFE,,CO,,,N/A,,1279597.0,Derivative
2026-03-31,FHLMC PASS THRU POOLS,FED HM LN PC POOL SL0324 FR 02/55 FIXED 5.5,31427MLE9,36493.13,4.715000000000001e-06,ABS-MBS,USGSE,US,2055-02-01,5.5,Long,,,Agency MBS
2026-03-31,UMBS PASS THRU POOLS,FNMA TBA 30 YR 4 SINGLE FAMILY MORTGAGE,01F040669,36725820.3,0.00474466,ABS-MBS,USGSE,US,2056-06-11,4.0,Long,,,Agency MBS
2026-03-31,BAMLL COMMERCIAL MORTGAGE SECURITIES TRUST 2024-AWH,BAMLL COML MTG SECS TR 2024 04/42 1,05554WAB4,2597383.08,0.00033556000000000005,ABS-MBS,CORP,US,2042-04-20,2.847,Long,,,Non-Agency MBS
2026-03-31,GNMA PASS THRU POOLS,GNMA II POOL MA0456 G2 10/42 FIXED 3.5,36179MQH6,107491.74,1.3887000000000001e-05,ABS-MBS,USGSE,US,2042-10-20,3.5,Long,,,Agency MBS
2026-03-31,OBX 2023-NQM5 TRUST,ONSLOW BAY FINANCIAL LLC OBX 2023 NQM5 A1A 144A,673919AL0,1933316.35,0.000249768,ABS-MBS,CORP,US,2063-06-25,6.567,Long,,,Non-Agency MBS
2026-03-31,JP MORGAN MORTGAGE TRUST SERIES 2026-VIS1,JP MORGAN MORTGAGE TRUST JPMMT 2026 VIS1 A1 144A,46660PAE8,5419903.56,0.000700205,ABS-MBS,CORP,US,2066-06-25,4.787,Long,,,Non-Agency MBS
2026-03-31,SOUTH AFRICA GOVT,REPUBLIC OF SOUTH AFRICA BONDS 02/48 8.75,S6989ZAQ7,1906573.21,0.00024631299999999996,DBT,NUSS,ZA,2048-02-28,8.75,Long,,,Government Related
2026-03-31,MFA 2020-NQM2 TRUST,MFRA TRUST MFRA 2020 NQM2 A1 144A,552751AA7,881951.27,0.00011394100000000001,ABS-MBS,CORP,US,2065-04-25,1.381,Long,,,Non-Agency MBS
2026-03-31,AMERICAN ASSETS TRUST LP,AMERICAN ASSETS TRUST LP COMPANY GUAR 10/34 6.15,02401LAB0,11262718.84,0.00145505,DBT,CORP,US,2034-10-01,6.15,Long,,,Credit & Loans
2026-03-31,MFA 2020-NQM3 TRUST,MFRA TRUST MFRA 2020 NQM3 A3 144A,552757AC0,382685.04,4.9439999999999994e-05,ABS-MBS,CORP,US,2065-01-26,1.632,Long,,,Non-Agency MBS
2026-03-31,ANTARES HOLDINGS LP,ANTARES HOLDINGS SR UNSECURED 144A 07/26 3.95,03666HAC5,996666.05,0.000128761,DBT,CORP,US,2026-07-15,3.95,Long,,,Credit & Loans
2026-03-31,TPG REAL ESTATE FINANCE ISSUER LTD 2022-FL5,TPG REAL ESTATE FINANCE TRTX 2022 FL5 A 144A,87277JAA9,2554545.85,0.00033002499999999996,ABS-CBDO,CORP,KY,2039-02-15,5.32812,Long,,,ABS / CLO
2026-03-31,FNMA PASS THRU POOLS,FNMA POOL 763863 FN 08/34 FIXED 5.5,31404BTU6,8011.94,1.035e-06,ABS-MBS,USGSE,US,2034-08-01,5.5,Long,,,Agency MBS
2026-03-31,AMERICAN TOWER CORP (AKA: AMERICAN TOWER REIT INC),AMERICAN TOWER CORP SR UNSECURED 11/28 5.8,03027XCE8,1753423.59,0.00022652700000000002,DBT,CORP,US,2028-11-15,5.8,Long,,,Credit & Loans
2026-03-31,N/A,BOUGHT CAD SOLD USD 20260402,000000000,-20838.94,-2.692e-06,DFE,,CA,,,N/A,,1068977.42,Derivative
2026-03-31,FHLMC PASS THRU POOLS,FED HM LN PC POOL RA9853 FR 09/53 FIXED 6,3133KR5N0,63820543.66,0.00824507,ABS-MBS,USGSE,US,2053-09-01,6.0,Long,,,Agency MBS
2026-03-31,BPCE SA,BPCE SA 144A 01/30 VAR,05571AAV7,5126478.65,0.0006622970000000001,DBT,CORP,FR,2030-01-18,5.716,Long,,,Credit & Loans
2026-03-31,WASHINGTON MUTUAL 2006-AR13,WAMU MORTGAGE PASS THROUGH CER WAMU 2006 AR13 2A,93363RAB2,783801.98,0.00010125999999999999,ABS-MBS,CORP,US,2046-10-25,5.35874,Long,,,Non-Agency MBS
2026-03-31,SMB PRIVATE EDUCATION LOAN TRUST 2020-PTB,SMB PRIVATE EDUCATION LOAN TRU SMB 2020 PTB A2B 144A,78449DAC0,1246237.75,0.000161003,ABS-O,CORP,US,2054-09-15,4.64303,Long,,,ABS / CLO
2026-03-31,FHLMC PASS THRU POOLS,FED HM LN PC POOL N31485 FG 02/38 FIXED 4.5,31281BUJ7,27951.09,3.611e-06,ABS-MBS,USGSE,US,2038-02-01,4.5,Long,,,Agency MBS
2026-03-31,N/A,BOUGHT PLN SOLD USD 20260415,000000000,-30693.1,-3.965e-06,DFE,,PL,,,N/A,,1000793.0,Derivative
2026-03-31,N/A,SOFTBANK GROUP CORP SNR JP SP GST,000000000,-2077.77,-2.68e-07,DCR,,US,,,N/A,1700000.0,,Derivative
2026-03-31,FHLMC PASS THRU POOLS,FED HM LN PC POOL A14706 FG 10/33 FIXED 4,31296PGP1,5990.21,7.74e-07,ABS-MBS,USGSE,US,2033-10-01,4.0,Long,,,Agency MBS
2026-03-31,GSR MORTGAGE LOAN TRUST 2004-11,GSR MORTGAGE LOAN TRUST GSR 2004 11 1A1,36242DFP3,84682.11,1.0939999999999999e-05,ABS-MBS,CORP,US,2034-09-25,6.29041,Long,,,Non-Agency MBS
2026-03-31,N/A,BOUGHT IDR SOLD USD 20260610,000000000,-13780.14,-1.78e-06,DFE,,ID,,,N/A,,1142805.72,Derivative
2026-03-31,MEXICO GOVT,UNITED MEXICAN STATES SR UNSECURED 05/55 7.375,91087BBD1,4422810.0,0.000571389,DBT,NUSS,MX,2055-05-13,7.375,Long,,,Government Related
2026-03-31,AMERICAN AGCREDIT CORPORATION,AMER AGCREDIT ACA JR SUBORDINA 144A VAR,02369GAA3,4022240.0,0.000519639,EP,CORP,US,,,Long,,,Credit & Loans
2026-03-31,N/A,RFR USD SOFR/3.85000 08/05/24-10Y LCH,000000000,-14532.1,-1.877e-06,DIR,,US,,,N/A,4400000.0,,Derivative
2026-03-31,STRIPE GLOBAL HOLDINGS INC,86333 AA1,990ADDKY2,9847418.6,0.0012722,DBT,CORP,US,2029-03-26,4.88,Long,,,Credit & Loans
2026-03-31,GREENSKY HOME IMPROVEMENT TRUST 2024-1,GREENSKY HOME IMPROVEMENT ISSU GSKY 2024 1 A2 144A,39571MAB4,118481.59,1.5307e-05,ABS-O,CORP,US,2059-06-25,5.88,Long,,,ABS / CLO
2026-03-31,ARES XXVII CLO LTD 2013-2A,ARES CLO LTD ARES 2013 2A AR3 144A,00190YBP9,4205096.66,0.000543262,ABS-CBDO,CORP,KY,2034-10-28,4.8213,Long,,,ABS / CLO
2026-03-31,APOLLO AVIATION SECURITIZATION EQUITY TRUST 2021-2A,AASET 2021 2 TRUST AASET 2021 2A A 144A,00258BAA2,1801943.72,0.000232796,ABS-O,CORP,US,2047-01-15,2.798,Long,,,ABS / CLO
2026-03-31,TRINITAS CLO VI LTD 2017-6A,TRINITAS CLO LTD TRNTS 2017 6A AR4 144A,89640YBQ6,3002295.33,0.000387871,ABS-CBDO,CORP,KY,2034-01-25,4.77802,Long,,,ABS / CLO
2026-03-31,AQUA FINANCE ISSUER TRUST 2025-B,AQUA FINANCE TRUST AQFIT 2025 B A 144A,03837GAA5,1794030.12,0.000231773,ABS-O,CORP,US,2051-05-17,4.79,Long,,,ABS / CLO
2026-03-31,FHLMC PASS THRU POOLS,FED HM LN PC POOL L10224 FG 12/34 FIXED 6,3128DHG99,22294.97,2.88e-06,ABS-MBS,USGSE,US,2034-12-01,6.0,Long,,,Agency MBS
2026-03-31,FNMA PASS THRU POOLS,FNMA POOL BE7182 FN 03/47 FIXED 3.5,3140FS6U2,1364773.65,0.000176317,ABS-MBS,USGSE,US,2047-03-01,3.5,Long,,,Agency MBS
2026-03-31,N/A,RFR USD SOFR/4.0658* 03/13/26-20Y* LCH,000000000,36775.76,4.751e-06,DIR,,US,,,N/A,2700000.0,,Derivative
2026-03-31,BX COMMERCIAL MORTGAGE TRUST 2021-21M,BX TRUST BX 2021 21M A 144A,05609CAA5,654213.79,8.4519e-05,ABS-MBS,CORP,US,2036-10-15,4.51748,Long,,,Non-Agency MBS
2026-03-31,FANNIE MAE REMICS 2007-93,FANNIE MAE FNR 2007 93 ZB,31396XWJ9,117134.78,1.5132999999999999e-05,ABS-MBS,USGSE,US,2037-09-25,4.5,Long,,,Agency MBS
2026-03-31,MORGAN STANLEY CAPITAL I INC 2014-150E,MORGAN STANLEY CAPITAL I TRUST MSC 2014 150E A 144A,61764BAA1,1947044.4,0.000251541,ABS-MBS,CORP,US,2032-09-09,3.912,Long,,,Non-Agency MBS
2026-03-31,BDS 2025-FL14 LLC,BDS LTD BDS 2025 FL14 A 144A,072921AA7,3190056.99,0.000412128,ABS-CBDO,CORP,US,2042-10-17,4.95858,Long,,,ABS / CLO
2026-03-31,N/A,SOLD KRW BOUGHT USD 20260415,000000000,48530.37,6.269999999999999e-06,DFE,,KR,,,N/A,,1808101.9,Derivative
2026-03-31,CROSS 2025-H8 MORTGAGE TRUST 2025-H8,CROSS MORTGAGE TRUST CROSS 2025 H8 A1 144A,22757XAA4,936179.04,0.000120946,ABS-MBS,CORP,US,2070-11-25,5.003,Long,,,Non-Agency MBS
2026-03-31,BEAR STEARNS ASSETBACKED SEC 2005-A,BEAR STEARNS ASSET BACKED SECU BSABS 2005 AQ1 M3,073879UQ9,35371.9,4.57e-06,ABS-MBS,CORP,US,2035-03-25,4.91803,Long,,,Non-Agency MBS
2026-03-31,FHLMC PASS THRU POOLS,FED HM LN PC POOL SL4165 FR 02/56 FIXED 5.5,31427RTX8,46483573.72,0.006005279999999999,ABS-MBS,USGSE,US,2056-02-01,5.5,Long,,,Agency MBS
2026-03-31,KKR FINANCIAL HOLDINGS LLC,KKR FINANCIAL HOLDINGS SR UNSECURED 144A 05/33 5.4,48248AAG3,5669702.7,0.000732477,DBT,CORP,US,2033-05-23,5.4,Long,,,Credit & Loans
2026-03-31,LEHMAN XS TRUST 2005-6,LEHMAN XS TRUST LXS 2005 6 3A3A,525221DJ3,1283690.94,0.000165842,ABS-MBS,CORP,US,2035-11-25,6.26,Long,,,Non-Agency MBS
2026-03-31,FNMA PASS THRU POOLS,FNMA POOL FA2921 FN 09/55 FIXED VAR,3140W3G78,14965.08,1.933e-06,ABS-MBS,USGSE,US,2055-09-01,5.5,Long,,,Agency MBS
2026-03-31,LIBERTY MUTUAL GROUP INC,LIBERTY MUTUAL GROUP INC COMPANY GUAR 144A 02/61 4.3,53079EBL7,3005808.91,0.00038832499999999997,DBT,CORP,US,2061-02-01,4.3,Long,,,Credit & Loans
2026-03-31,FHLMC PASS THRU POOLS,FED HM LN PC POOL SD8463 FR 09/54 FIXED 6,3132DWML4,19375118.66,0.0025031,ABS-MBS,USGSE,US,2054-09-01,6.0,Long,,,Agency MBS
2026-03-31,BOEING CO/THE,BOEING CO/THE SR UNSECURED 05/27 6.259,097023DP7,1322810.8,0.000170896,DBT,CORP,US,2027-05-01,6.259,Long,,,Credit & Loans
2026-03-31,SPECIALTY UNDERWRITING & RESIDENTIAL FINANCE TRUST SERIES 2006-AB3,SPECIALTY UNDERWRITING + RESID SURF 2006 AB3 A2B,84751XAC6,3726021.66,0.00048137,ABS-MBS,CORP,US,2037-09-25,4.09303,Long,,,Non-Agency MBS
2026-03-31,J.P. MORGAN MORTGAGE TRUST 2023-DSC1,JP MORGAN MORTGAGE TRUST JPMMT 2023 DSC1 A1 144A,46656NAA7,4149519.8,0.000536082,ABS-MBS,CORP,US,2063-07-25,4.625,Long,,,Non-Agency MBS
2026-03-31,GNMA PASS THRU POOLS,GNMA POOL 778668 GN 12/26 FIXED 3,36176WZ95,86996.38,1.1238999999999999e-05,ABS-MBS,USGSE,US,2026-12-15,3.0,Long,,,Agency MBS
2026-03-31,BBCMS MORTGAGE TRUST 2025-C39,BARCLAYS COMMERCIAL MORTGAGE S BBCMS 2025 C39 A5,05556YAC6,7923534.06,0.00102365,ABS-MBS,CORP,US,2058-12-15,5.29694,Long,,,Non-Agency MBS
2026-03-31,N/A,SOLD JPY BOUGHT USD 20260402,000000000,36314.37,4.692e-06,DFE,,JP,,,N/A,,2342984.0,Derivative
2026-03-31,VERAISON RE LTD,VERAISON RE LTD UNSECURED 144A 03/33 VAR,92335TAE9,254350.0,3.286e-05,DBT,CORP,BM,2033-03-08,8.5253,Long,,,Credit & Loans
2026-03-31,FIDELITY NATIONAL FINANCIAL INC,FIDELITY NATL FINANCIAL COMPANY GUAR 03/31 2.45,31620RAK1,2465822.37,0.00031856299999999995,DBT,CORP,US,2031-03-15,2.45,Long,,,Credit & Loans
2026-03-31,LAS VEGAS SANDS CORP,LAS VEGAS SANDS CORP SR UNSECURED 08/26 3.5,517834AE7,1096422.36,0.000141648,DBT,CORP,US,2026-08-18,3.5,Long,,,Credit & Loans
2026-03-31,NELNET STUDENT LOAN TRUST 2025-CA,NELNET STUDENT LOAN TRUST NSLT 2025 CA A1B 144A,64035UAB4,8048955.22,0.0010398599999999999,ABS-O,CORP,US,2065-06-22,5.02294,Long,,,ABS / CLO
2026-03-31,RCKT MORTGAGE TRUST 2025-CES11,WOODWARD CAPITAL MANAGEMENT RCKT 2025 CES11 A1A 144A,749423AA7,3770456.33,0.00048710999999999996,ABS-MBS,CORP,US,2055-11-25,4.966,Long,,,Non-Agency MBS
2026-03-31,WIND RIVER CLO LTD 2021-2A,WIND RIVER CLO LTD WINDR 2021 2A A1R 144A,97315VAL1,4002690.12,0.000517113,ABS-CBDO,CORP,KY,2034-07-20,4.77763,Long,,,ABS / CLO
2026-03-31,GOLDMAN SACHS GROUP INC,GOLDMAN SACHS GROUP INC SR UNSECURED 01/36 VAR,38141GC44,18965547.74,0.0024501899999999997,DBT,CORP,US,2036-01-28,5.536,Long,,,Credit & Loans
2026-03-31,ESSENT GROUP LTD,ESSENT GROUP LTD SR UNSECURED 07/29 6.25,29669JAA7,2276993.14,0.000294168,DBT,CORP,BM,2029-07-01,6.25,Long,,,Credit & Loans
2026-03-31,IFC EMERGING MARKETS SECURITIZATION 2025-1 LTD,IFC EMERGING MARKETS SECURITIZ IFCEMS 2025 1A A 144A,45174DAA4,3078880.65,0.000397765,ABS-CBDO,CORP,KY,2035-12-31,4.97057,Long,,,ABS / CLO
2026-03-31,N/A,SOLD INR BOUGHT USD 20260407,000000000,33979.82,4.39e-06,DFE,,IN,,,N/A,,871352.87,Derivative
2026-03-31,TOLEDO EDISON CO,TOLEDO EDISON COMPANY 1ST MORTGAGE 144A 05/28 2.65,889175BF1,2772160.46,0.00035813900000000005,DBT,CORP,US,2028-05-01,2.65,Long,,,Credit & Loans
2026-03-31,UPG HI ISSUER TRUST 2025-2,UPG HI ISSUER TRUST UPGHI 2025 2 A 144A,90321EAA0,5968684.26,0.0007711030000000001,ABS-O,CORP,US,2047-09-25,5.0,Long,,,ABS / CLO
2026-03-31,FHLMC PASS THRU POOLS,FED HM LN PC POOL C03598 FG 11/40 FIXED 4,31292K7K7,287.68,3.7e-08,ABS-MBS,USGSE,US,2040-11-01,4.0,Long,,,Agency MBS
2026-03-31,NEUBERGER BERMAN LOAN ADVISERS CLO 45 LTD 2021-45A,NEUBERGER BERMAN CLO LTD NEUB 2021 45A AR 144A,64134MAJ5,2611680.68,0.00033740699999999996,ABS-CBDO,CORP,KY,2036-10-14,4.72693,Long,,,ABS / CLO
2026-03-31,BAYER US FINANCE II LLC,BAYER US FINANCE II LLC COMPANY GUAR 144A 12/28 4.375,07274NAL7,15250249.18,0.0019702,DBT,CORP,US,2028-12-15,4.375,Long,,,Credit & Loans
2026-03-31,FREDDIE MAC 2665,FREDDIE MAC FHR 2665 LL,31394GYZ0,14446.56,1.866e-06,ABS-MBS,USGSE,US,2033-08-15,5.5,Long,,,Agency MBS
2026-03-31,SBL HOLDINGS LLC,SBL HOLDINGS INC SR UNSECURED 144A 09/28 5.9,78397DAE8,3776737.28,0.000487922,DBT,CORP,US,2028-09-26,5.9,Long,,,Credit & Loans
2026-03-31,HERBIE RE LTD,HERBIE RE LTD UNSECURED 144A 01/30 VAR,42703VAN3,250375.0,3.2346e-05,DBT,CORP,BM,2030-01-07,7.76,Long,,,Credit & Loans
2026-03-31,FHLMC PASS THRU POOLS,FED HM LN PC POOL N31271 FG 01/36 FIXED 4.5,31281BMU1,67060.1,8.664e-06,ABS-MBS,USGSE,US,2036-01-01,4.5,Long,,,Agency MBS
2026-03-31,N/A,BOUGHT GBP SOLD USD 20260402,000000000,-68293.12,-8.823e-06,DFE,,GB,,,N/A,,5832573.11,Derivative
2026-03-31,HA SUSTAINABLE INFRASTRUCTURE CAPITAL INC,HA SUSTAINABLE INF CAP COMPANY GUAR 07/34 6.375,41068XAF7,2518161.15,0.000325325,DBT,CORP,US,2034-07-01,6.375,Long,,,Credit & Loans
2026-03-31,ENBRIDGE ENERGY PARTNERS LP,ENBRIDGE ENERGY PARTNERS COMPANY GUAR 04/38 7.5,29250RAP1,1162799.68,0.000150224,DBT,CORP,US,2038-04-15,7.5,Long,,,Credit & Loans
2026-03-31,HOST HOTELS & RESORTS LP,HOST HOTELS + RESORTS LP SR UNSECURED 12/31 2.9,44107TBA3,1778987.58,0.00022983,DBT,CORP,US,2031-12-15,2.9,Long,,,Credit & Loans
2026-03-31,N/A,BOUGHT COP SOLD USD 20260504,000000000,-3972.64,-5.13e-07,DFE,,CO,,,N/A,,1952088.0,Derivative
2026-03-31,NISSAN MOTOR ACCEPTANCE CORPORATION,NISSAN MOTOR ACCEPTANCE SR UNSECURED 144A 09/26 1.85,65480CAC9,4425072.03,0.000571681,DBT,CORP,US,2026-09-16,1.85,Long,,,Credit & Loans
2026-03-31,VICI PROPERTIES LP / VICI NOTE CO INC,VICI PROPERTIES / NOTE COMPANY GUAR 144A 08/30 4.125,92564RAE5,2203363.75,0.000284656,DBT,CORP,US,2030-08-15,4.125,Long,,,Credit & Loans
2026-03-31,FANNIE MAE REMICS 2012-55,FANNIE MAE FNR 2012 55 GS,3136A53W4,133533.98,1.7251e-05,ABS-MBS,USGSE,US,2042-05-25,1.71307,Long,,,Agency MBS
2026-03-31,FNMA PASS THRU POOLS,FNMA POOL MA3638 FN 04/49 FIXED 4,31418DBG6,981400.52,0.000126788,ABS-MBS,USGSE,US,2049-04-01,4.0,Long,,,Agency MBS
2026-03-31,WINSTON RE LTD,WINSTON RE LTD UNSECURED 144A 02/31 VAR,975660AB7,4175200.0,0.0005394,DBT,CORP,BM,2031-02-26,15.21,Long,,,Credit & Loans
2026-03-31,MITSUBISHI UFJ FINANCIAL GROUP INC (MUFG),MITSUBISHI UFJ FIN GRP SR UNSECURED 09/28 VAR,606822CN2,2530806.4,0.00032695799999999997,DBT,CORP,JP,2028-09-13,5.354,Long,,,Credit & Loans
2026-03-31,VITALITY RE XVII LTD,VITALITY RE XVII LTD UNSECURED 144A 01/31 VAR,92853KAA8,700035.0,9.043799999999999e-05,DBT,CORP,KY,2031-01-08,5.5253,Long,,,Credit & Loans
2026-03-31,ASSET BACKED SEC CORP HOME EQ 2005-HE8,ASSET BACKED SECURITIES CORP H ABSHE 2005 HE8 M3,04541GUQ3,931016.16,0.00012027899999999999,ABS-MBS,CORP,US,2035-11-25,4.49803,Long,,,Non-Agency MBS
2026-03-31,SILVER ROCK CLO II LTD 2021-2A,SILVER ROCK CLO LTD SLVRK 2021 2A AR 144A,82812LAN9,3601201.72,0.000465244,ABS-CBDO,CORP,KY,2035-01-20,4.70763,Long,,,ABS / CLO
2026-03-31,DELOITTE LLP,DELOITTE LLP SR UNSEC B,955GGZII8,1203723.02,0.000155511,DBT,CORP,US,2032-01-30,5.41,Long,,,Credit & Loans
2026-03-31,N/A,RFR USD SOFR/4.0593* 03/13/26-30Y* LCH,000000000,46518.84,6.01e-06,DIR,,US,,,N/A,3600000.0,,Derivative
2026-03-31,GLP CAPITAL LP / GLP FINANCING II INC,GLP CAPITAL LP / FIN II COMPANY GUAR 02/33 5.25,361841AV1,2452857.0,0.00031688800000000003,DBT,CORP,US,2033-02-15,5.25,Long,,,Credit & Loans
2026-03-31,COMMONWEALTH RE LTD,COMMONWEALTH RE LTD UNSECURED 144A 07/30 VAR,203235AB2,503300.0,6.5022e-05,DBT,CORP,BM,2030-07-08,7.407,Long,,,Credit & Loans
2026-03-31,AEGIS ASSET BACKED SECURITIES TR 2005-3,AEGIS ASSET BACKED SECURITIES AABST 2005 3 M2,00764MFS1,17488.68,2.259e-06,ABS-MBS,CORP,US,2035-08-25,4.51303,Long,,,Non-Agency MBS
2026-03-31,FNMA PASS THRU POOLS,FNMA POOL DA1045 FN 10/53 FIXED 6.5,3140A1ET0,6183087.6,0.0007988019999999999,ABS-MBS,USGSE,US,2053-10-01,6.5,Long,,,Agency MBS
2026-03-31,GNMA PASS THRU POOLS,GNMA II POOL MA0757 G2 02/28 FIXED 3,36179MZW3,1916.66,2.48e-07,ABS-MBS,USGSE,US,2028-02-20,3.0,Long,,,Agency MBS
2026-03-31,GNMA PASS THRU POOLS,GNMA II POOL 005166 G2 09/26 FIXED 3,36202FW36,17018.55,2.199e-06,ABS-MBS,USGSE,US,2026-09-20,3.0,Long,,,Agency MBS
2026-03-31,VERUS SECURITIZATION TRUST 2023-INV2,VERUS SECURITIZATION TRUST VERUS 2023 INV2 A1 144A,92540BAA7,2461487.16,0.00031800299999999997,ABS-MBS,CORP,US,2068-08-25,6.443,Long,,,Non-Agency MBS
2026-03-31,MFA 2020-NQM3 TRUST,MFRA TRUST MFRA 2020 NQM3 A1 144A,552757AA4,727676.13,9.4009e-05,ABS-MBS,CORP,US,2065-01-26,1.014,Long,,,Non-Agency MBS
2026-03-31,AJAX MORTGAGE LOAN TRUST 2020-B,AJAX MORTGAGE LOAN TRUST AJAXM 2020 B A1 144A,00969YAA2,574383.02,7.4205e-05,ABS-MBS,CORP,US,2059-05-25,1.698,Long,,,Non-Agency MBS
2026-03-31,SEMPRA,SEMPRA JR SUBORDINA 04/56 VAR,816851BW8,5023965.0,0.000649053,DBT,CORP,US,2056-04-01,6.375,Long,,,Credit & Loans
2026-03-31,AMERICAN TOWER CORP (AKA: AMERICAN TOWER REIT INC),AMERICAN TOWER CORP SR UNSECURED 03/27 3.65,03027XBV1,2979147.87,0.00038488,DBT,CORP,US,2027-03-15,3.65,Long,,,Credit & Loans
2026-03-31,FREDDIE MAC-2614,FREDDIE MAC FHR 2614 SJ,31393QNV0,16242.64,2.098e-06,ABS-MBS,USGSE,US,2033-05-15,9.24905,Long,,,Agency MBS
2026-03-31,N/A,SOLD SGD BOUGHT USD 20260402,000000000,56.19,7e-09,DFE,,SG,,,N/A,,3184.0,Derivative
2026-03-31,FNMA PASS THRU POOLS,FNMA POOL 255958 FN 10/35 FIXED 5,31371MJB4,2119.08,2.74e-07,ABS-MBS,USGSE,US,2035-10-01,5.0,Long,,,Agency MBS
2026-03-31,CAPITAL ONE FINANCIAL CORPORATION,CAPITAL ONE FINANCIAL CO SR UNSECURED 11/34 VAR,254709AT5,7344861.95,0.0009488929999999999,DBT,CORP,US,2034-11-02,7.964,Long,,,Credit & Loans
2026-03-31,UMBS PASS THRU POOLS,FNMA TBA 30 YR 5.5 SINGLE FAMILY MORTGAGE,01F052656,-144678289.77,-0.018691199999999998,ABS-MBS,USGSE,US,2056-05-13,5.5,Short,,,Agency MBS
2026-03-31,N/A,BOUGHT INR SOLD USD 20260407,000000000,-17850.3,-2.306e-06,DFE,,IN,,,N/A,,736618.81,Derivative
2026-03-31,GNMA PASS THRU POOLS,GNMA POOL 783793 GN 07/28 FIXED 3,3622A2GA4,375974.86,4.8573000000000004e-05,ABS-MBS,USGSE,US,2028-07-15,3.0,Long,,,Agency MBS
2026-03-31,TURKEY GOVT,TURKIYE CENTR BANK BILL BILLS 04/26 0.00000,ACI38VBK6,3774696.5,0.00048765799999999997,DBT,NUSS,TR,2026-04-07,0.0,Long,,,Government Related
2026-03-31,N/A,BOUGHT PLN SOLD USD 20260415,000000000,-33617.67,-4.343e-06,DFE,,PL,,,N/A,,6256224.06,Derivative
2026-03-31,BAMLL COMMERCIAL MORTGAGE SECURITIES TRUST 2025-HMST,BANC OF AMERICA MERRILL LYNCH BAMLL 2025 HMST B 144A,05555XAB1,8961883.6,0.0011577999999999998,ABS-MBS,CORP,US,2052-08-25,3.11034,Long,,,Non-Agency MBS
2026-03-31,N/A,BOUGHT THB SOLD USD 20260416,000000000,-1881.64,-2.43e-07,DFE,,TH,,,N/A,,626409.0,Derivative
2026-03-31,FHLMC PASS THRU POOLS,FED HM LN PC POOL C91148 FG 01/28 FIXED 5.5,3128P7HZ9,845.85,1.0900000000000001e-07,ABS-MBS,USGSE,US,2028-01-01,5.5,Long,,,Agency MBS
2026-03-31,NSCALE SERVICES UK LIMITED,NSCALE DELAYED DRAW TERM LOAN,BA000WQD0,20000000.0,0.0025838299999999996,LON,CORP,US,2032-08-11,0.3601,Long,,,Credit & Loans
2026-03-31,AVOLON HOLDINGS FUNDING LIMITED,AVOLON HOLDINGS FNDG LTD COMPANY GUAR 144A 03/29 5.75,05401AAU5,3068535.57,0.000396428,DBT,CORP,KY,2029-03-01,5.75,Long,,,Credit & Loans
2026-03-31,ENERGY TRANSFER LP,ENERGY TRANSFER LP SR UNSECURED 06/48 6,29278NAE3,10173749.46,0.0013143599999999999,DBT,CORP,US,2048-06-15,6.0,Long,,,Credit & Loans
2026-03-31,MARS INCORPORATED,MARS INC SR UNSECURED 144A 03/35 5.2,571676BA2,3585088.48,0.000463163,DBT,CORP,US,2035-03-01,5.2,Long,,,Credit & Loans
2026-03-31,N/A,BOUGHT TWD SOLD USD 20260413,000000000,-2034.05,-2.63e-07,DFE,,TW,,,N/A,,416000.0,Derivative
2026-03-31,PROTECTIVE LIFE CORPORATION,PROTECTIVE LIFE CORP SR UNSECURED 144A 01/31 4.7,743674BF9,11055744.03,0.0014283100000000001,DBT,CORP,US,2031-01-15,4.7,Long,,,Credit & Loans
2026-03-31,AMERICOLD REALTY OPERATING PARTNERSHIP LP,AMERICOLD REALTY OPER PA COMPANY GUAR 09/34 5.409,03063UAA9,5622043.04,0.00072632,DBT,CORP,US,2034-09-12,5.409,Long,,,Credit & Loans
2026-03-31,MASTR ADJUSTABLE RT MTGE TRUST 2005-8,MASTR ADJUSTABLE RATE MORTGAGE MARM 2005 8 3A1,576433E77,2229791.3,0.00028806999999999997,ABS-MBS,CORP,US,2035-12-25,5.93922,Long,,,Non-Agency MBS
2026-03-31,MORGAN STANLEY MORTGAGE LOAN TRUST 2007-1XS,MORGAN STANLEY MORTGAGE LOAN T MSM 2007 1XS 1A1,61752JAA8,819563.1,0.00010588,ABS-MBS,CORP,US,2046-09-25,6.465,Long,,,Non-Agency MBS
2026-03-31,THORNBURG MORTGAGE SECURITIES TRUST 2007-2,THORNBURG MORTGAGE SECURITIES TMST 2007 2 A2A,88522WAB9,119761.94,1.5472e-05,ABS-MBS,CORP,US,2037-06-25,5.78618,Long,,,Non-Agency MBS
2026-03-31,ENERGY TRANSFER LP,ENERGY TRANSFER LP SR UNSECURED 09/34 5.6,29273VBA7,611715.78,7.9028e-05,DBT,CORP,US,2034-09-01,5.6,Long,,,Credit & Loans
2026-03-31,N/A,SOLD PEN BOUGHT USD 20270121,000000000,93012.5,1.2016e-05,DFE,,PE,,,N/A,,2662208.08,Derivative
2026-03-31,FANNIE MAE REMICS 2025-69,FANNIE MAE FNR 2025 69 FB,3136BWC38,23673238.03,0.00305838,ABS-MBS,USGSE,US,2055-08-25,4.8619,Long,,,Agency MBS
2026-03-31,FNMA PASS THRU POOLS,FNMA POOL 792400 FN 09/34 FLOATING VAR,31405LKM0,8435.32,1.0900000000000002e-06,ABS-MBS,USGSE,US,2034-09-01,6.343,Long,,,Agency MBS
2026-03-31,MINNESOTA HOUSING FINANCE AGENCY,MINNESOTA ST HSG FIN AGY MNSHSG 01/34 FIXED 5.532,60416T8E1,5162464.0,0.0006669460000000001,DBT,MUN,US,2034-01-01,5.532,Long,,,Municipal / Other
2026-03-31,PRPM 2026-RCF1 TRUST 2026-RCF1,PRESTON RIDGE PARTNERS MORTGAG PRPM 2026 RCF1 A1 144A,69383VAA1,3029183.25,0.000391344,ABS-MBS,CORP,US,2056-01-25,4.845,Long,,,Non-Agency MBS
2026-03-31,GLP CAPITAL LP / GLP FINANCING II INC,GLP CAPITAL LP / FIN II COMPANY GUAR 09/34 5.625,361841AT6,2167715.88,0.00028005,DBT,CORP,US,2034-09-15,5.625,Long,,,Credit & Loans
2026-03-31,N/A,BOUGHT SGD SOLD USD 20260402,000000000,-1665.13,-2.15e-07,DFE,,SG,,,N/A,,293269.14,Derivative
2026-03-31,FORD MOTOR CREDIT COMPANY LLC,FORD MOTOR CREDIT CO LLC SR UNSECURED 11/27 7.35,345397C35,722683.53,9.3364e-05,DBT,CORP,US,2027-11-04,7.35,Long,,,Credit & Loans
2026-03-31,PIMCO FUNDS,PIMCO MORTGAGE BACKED SECURITI PIMCO MBS ACTIVE ETF,72201R569,270044769.6,0.0348875,EC,RF,US,,,Long,,,Municipal / Other
2026-03-31,FHLMC PASS THRU POOLS,FED HM LN PC POOL C91020 FG 03/27 FIXED 5.5,3128P7DZ3,233.66,3.0000000000000004e-08,ABS-MBS,USGSE,US,2027-03-01,5.5,Long,,,Agency MBS
2026-03-31,N/A,SOLD THB BOUGHT USD 20260420,000000000,5768.17,7.45e-07,DFE,,TH,,,N/A,,1705000.0,Derivative
2026-03-31,COBANK ACB (AKA: COBANK AB),COBANK ACB JR SUBORDINA 12/99 VAR,19075QAF9,10740577.86,0.00138759,EP,NUSS,US,,,Long,,,Government Related
2026-03-31,FNMA PASS THRU POOLS,FNMA POOL 256370 FN 06/36 FIXED 5.5,31371MW78,20983.03,2.711e-06,ABS-MBS,USGSE,US,2036-06-01,5.5,Long,,,Agency MBS
2026-03-31,N/A,SOLD THB BOUGHT USD 20260416,000000000,88261.77,1.1402999999999999e-05,DFE,,TH,,,N/A,,2537318.0,Derivative
2026-03-31,ROMARK CREDIT FUNDING II LTD,"ROMARK CREDIT FUNDING, LTD. RCF 2021 2A A 144A",77588JAA4,952086.0,0.000123001,ABS-CBDO,CORP,KY,2039-10-25,2.625,Long,,,ABS / CLO
2026-03-31,URSA RE II LTD,URSA RE II LTD UNSECURED 144A 06/28 VAR,91734PAK2,504825.0,6.5219e-05,DBT,CORP,BM,2028-06-07,11.4132,Long,,,Credit & Loans
2026-03-31,MAREX GROUP PLC,MAREX GROUP PLC SR UNSECURED 05/28 5.829,566539AB8,4043994.48,0.0005224489999999999,DBT,CORP,GB,2028-05-08,5.829,Long,,,Credit & Loans
2026-03-31,BNP PARIBAS,BNP PARIBAS 144A 01/28 VAR,09659W2T0,7386079.73,0.0009542180000000001,DBT,CORP,FR,2028-01-20,2.591,Long,,,Credit & Loans
2026-03-31,BAIN CAPITAL CREDIT CLO 2019-3A,BAIN CAPITAL CREDIT CLO LIMITE BCC 2019 3A ARR 144A,05683TBA6,6550042.38,0.000846209,ABS-CBDO,CORP,KY,2034-10-21,4.69969,Long,,,ABS / CLO
2026-03-31,N/A,RFR USD SOFR/4.01528 06/30/26-27Y* LCH,000000000,82669.65,1.068e-05,DIR,,US,,,N/A,3500000.0,,Derivative
2026-03-31,CAIXABANK SA (AKA: LA CAIXA),CAIXABANK SA SR UNSECURED 144A 06/35 VAR,12803RAH7,10680357.94,0.00137981,DBT,CORP,ES,2035-06-15,6.037,Long,,,Credit & Loans
2026-03-31,MFA 2023-INV2 TRUST,MFRA TRUST MFRA 2023 INV2 A1 144A,59319BAA5,888222.21,0.000114751,ABS-MBS,CORP,US,2058-10-25,6.775,Long,,,Non-Agency MBS
2026-03-31,GOLDMAN SACHS GROUP INC,GOLDMAN SACHS GROUP INC SR UNSECURED 10/36 VAR,38141GD43,4165749.01,0.0005381790000000001,DBT,CORP,US,2036-10-21,4.939,Long,,,Credit & Loans
2026-03-31,N/A,SOLD CNH BOUGHT USD 20260402,000000000,-3656.86,-4.7200000000000004e-07,DFE,,CN,,,N/A,,1299109.69,Derivative
2026-03-31,GARTNER INC,GARTNER INC SR UNSECURED 03/31 4.95,366651AJ6,5045700.64,0.000651861,DBT,CORP,US,2031-03-20,4.95,Long,,,Credit & Loans
2026-03-31,FANNIE MAE 2001-14,FANNIE MAE FNR 2001 14 Z,31359SWU0,3163.62,4.0899999999999997e-07,ABS-MBS,USGSE,US,2031-05-25,6.0,Long,,,Agency MBS
2026-03-31,ECOPETROL SA,ECOPETROL SA 2022 TERM LOAN,BA000WS06,9900000.0,0.0012790000000000002,LON,CORP,US,2027-12-18,5.7194,Long,,,Credit & Loans
2026-03-31,PIMCO FUNDS,PIMCO PREFERRED AND CAPITAL SE PIMCO PREF AND CAP SEC ACT,72201R619,20938718.79,0.0027050999999999998,EC,RF,US,,,Long,,,Municipal / Other
2026-03-31,GA GLOBAL FUNDING TRUST,GA GLOBAL FUNDING TRUST SECURED 144A 01/35 5.9,36143L2S3,15143203.64,0.0019563700000000002,DBT,CORP,US,2035-01-13,5.9,Long,,,Credit & Loans
2026-03-31,FHLMC PASS THRU POOLS,FED HM LN PC POOL Q28306 FG 09/44 FIXED 4,3132M83P9,379890.13,4.9078999999999995e-05,ABS-MBS,USGSE,US,2044-09-01,4.0,Long,,,Agency MBS
2026-03-31,AIRCASTLE LIMITED,AIRCASTLE LTD COMPANY GUAR 144A 02/29 5.95,00928QAY7,5138064.15,0.0006637940000000001,DBT,CORP,BM,2029-02-15,5.95,Long,,,Credit & Loans
2026-03-31,GSAMP TRUST 2004-AR2,GSAMP TRUST GSAMP 2004 AR2 M5,36242DDT7,4284617.0,0.000553536,ABS-MBS,CORP,US,2034-08-25,5.66803,Long,,,Non-Agency MBS
2026-03-31,N/A,BOUGHT AUD SOLD USD 20260402,000000000,-36548.84,-4.722e-06,DFE,,AU,,,N/A,,4004452.36,Derivative
2026-03-31,BEAR STEARNS ASSET BACKED SECURITIES TRUST 2006-HE9,BEAR STEARNS ASSET BACKED SECU BSABS 2006 HE9 1A3,07389MAC1,3048354.24,0.00039382100000000004,ABS-MBS,CORP,US,2036-11-25,4.25303,Long,,,Non-Agency MBS
2026-03-31,VERUS SECURITIZATION TRUST 2023-INV3,VERUS SECURITIZATION TRUST VERUS 2023 INV3 A1 144A,92540CAA5,1790599.1,0.00023133,ABS-MBS,CORP,US,2068-11-25,6.876,Long,,,Non-Agency MBS
2026-03-31,STELLANTIS FINANCE US INC,STELLANTIS FIN US INC COMPANY GUAR 144A 03/35 6.45,85855CAL4,20008256.32,0.0025848900000000003,DBT,CORP,US,2035-03-18,6.45,Long,,,Credit & Loans
2026-03-31,N/A,BOUGHT IDR SOLD USD 20260427,000000000,1080.25,1.4e-07,DFE,,ID,,,N/A,,2925362.0,Derivative
2026-03-31,UNITED AIRLINES 2024-1 CLASS AA PASS THROUGH TRUST,UNITED AIR 2024 1 AA PTT PASS THRU CE 08/38 5.45,90932WAA1,1921408.06,0.000248229,DBT,CORP,US,2038-08-15,5.45,Long,,,Credit & Loans
2026-03-31,N/A,BOUGHT CHF SOLD USD 20260402,000000000,-9349.21,-1.208e-06,DFE,,CH,,,N/A,,1401295.18,Derivative
2026-03-31,METAL CAYMAN 2017-1 LLC,METAL CAYMAN METAL 2017 1 A 144A,59111RAA0,1535930.13,0.000198429,ABS-O,CORP,KY,2042-10-15,4.581,Long,,,ABS / CLO
2026-03-31,FNMA PASS THRU POOLS,FNMA POOL AC3943 FN 01/40 FIXED 4,31417NLZ2,11606.16,1.4990000000000002e-06,ABS-MBS,USGSE,US,2040-01-01,4.0,Long,,,Agency MBS
2026-03-31,N/A,RFR USD SOFR/3.28000 09/16/24-10Y LCH,000000000,411334.2,5.3141000000000005e-05,DIR,,US,,,N/A,10100000.0,,Derivative
2026-03-31,FNMA PASS THRU POOLS,FNMA POOL AK6081 FN 02/42 FIXED 4,3138EAXK8,28371.19,3.665e-06,ABS-MBS,USGSE,US,2042-02-01,4.0,Long,,,Agency MBS
2026-03-31,CITIGROUP MTGE LOAN TR INC 2006-AR6,CITIGROUP MORTGAGE LOAN TRUST CMLTI 2006 AR6 2A2,17309RAH5,310786.27,4.0150999999999996e-05,ABS-MBS,CORP,US,2036-09-25,4.11303,Long,,,Non-Agency MBS
2026-03-31,BOEING CO/THE,BOEING CO SR UNSECURED 02/31 3.625,097023DC6,2854379.52,0.000368761,DBT,CORP,US,2031-02-01,3.625,Long,,,Credit & Loans
2026-03-31,N/A,SOLD ILS BOUGHT USD 20260406,000000000,70888.8,9.158000000000001e-06,DFE,,IL,,,N/A,,3984035.0,Derivative
2026-03-31,FREDDIE MAC REMICS 5568,FREDDIE MAC FHR 5568 FE,3137HMN71,23050454.46,0.0029779200000000002,ABS-MBS,USGSE,US,2055-08-25,4.8619,Long,,,Agency MBS
2026-03-31,AMERICAN AIRLINES 2025-1 CLASS A PASS THROUGH TRUST,AMER AIRLINE 25 1A PTT PASS THRU CE 11/39 4.9,02377NAA8,5078419.32,0.000656088,DBT,CORP,US,2039-11-11,4.9,Long,,,Credit & Loans
2026-03-31,N/A,RFR USD SOFR/3.40750 09/05/24-10Y LCH,000000000,154550.73,1.9967e-05,DIR,,US,,,N/A,5000000.0,,Derivative
2026-03-31,VENTURE GLOBAL CALCASIEU PASS LLC,VENTURE GLOBAL CALCASIEU SR SECURED 144A 08/31 4.125,92328MAB9,6403893.45,0.000827328,DBT,CORP,US,2031-08-15,4.125,Long,,,Credit & Loans
2026-03-31,N/A,BOUGHT IDR SOLD USD 20260610,000000000,-199.99,-2.6e-08,DFE,,ID,,,N/A,,25257.67,Derivative
2026-03-31,BCAP LLC TRUST 2007-AA3,BCAP LLC TRUST BCAP 2007 AA3 2A1B,05530VAP4,1062165.04,0.000137223,ABS-MBS,CORP,US,2047-05-25,4.09303,Long,,,Non-Agency MBS
2026-03-31,N/A,BOUGHT MXN SOLD USD 20260617,000000000,-49262.23,-6.3639999999999995e-06,DFE,,MX,,,N/A,,8770612.02,Derivative
2026-03-31,MMCAPS FUNDING XVIII LTD,MMCAPS FUND XVIII LTD SR SECURED 144A 12/39 VAR,60688HAA3,485168.11,6.268e-05,DBT,CORP,KY,2039-12-26,4.26249,Long,,,Credit & Loans
2026-03-31,LEHMAN XS TRUST 2006-16N,LEHMAN XS TRUST LXS 2006 16N A4A,52522DAM3,1955430.84,0.00025262500000000003,ABS-MBS,CORP,US,2046-11-25,4.17303,Long,,,Non-Agency MBS
2026-03-31,N/A,RFR USD SOFR/3.26378 12/02/24-7Y* LCH,000000000,1110484.96,0.000143465,DIR,,US,,,N/A,46800000.0,,Derivative
2026-03-31,FIRST AMERICAN FINANCIAL CORPORATION,FIRST AMERICAN FINANCIAL SR UNSECURED 08/31 2.4,31847RAH5,1723842.4,0.000222706,DBT,CORP,US,2031-08-15,2.4,Long,,,Credit & Loans
2026-03-31,DELOITTE LLP,DELOITTE LLP SR UNSEC F,955GHA901,868565.77,0.000112211,DBT,CORP,US,2045-01-30,5.97,Long,,,Credit & Loans
2026-03-31,UMBS PASS THRU POOLS,FNMA TBA 30 YR 6.5 SINGLE FAMILY MORTGAGE,01F062655,29255453.0,0.00377955,ABS-MBS,USGSE,US,2056-05-13,6.5,Long,,,Agency MBS
2026-03-31,PAGAYA AI DEBT TRUST 2025-4,PAGAYA AI DEBT SELECTION TRUST PAID 2025 4 A2 144A,69547DAB2,426795.45,5.5138e-05,ABS-O,CORP,US,2033-01-17,5.373,Long,,,ABS / CLO
2026-03-31,N/A,SOLD PLN BOUGHT USD 20260415,000000000,22404.11,2.8939999999999997e-06,DFE,,PL,,,N/A,,480075.46,Derivative
2026-03-31,MSCI INC,MSCI INC COMPANY GUAR 144A 02/31 3.875,55354GAL4,283761.01,3.6659e-05,DBT,CORP,US,2031-02-15,3.875,Long,,,Credit & Loans
2026-03-31,VERIZON COMMUNICATIONS INC,VERIZON COMMUNICATIONS SR UNSECURED 02/35 4.78,92343VGY4,5518975.92,0.000713004,DBT,CORP,US,2035-02-15,4.78,Long,,,Credit & Loans
2026-03-31,RENAISSANCE HOME EQUITY LN TR 2005-3,RENAISSANCE HOME EQUITY LOAN T RAMC 2005 3 AV3,75970NBA4,625489.16,8.0808e-05,ABS-MBS,CORP,US,2035-11-25,4.55303,Long,,,Non-Agency MBS
2026-03-31,FANNIE MAE REMICS 2004-59,FANNIE MAE FNR 2004 59 BG,31394AVD5,1681.91,2.17e-07,ABS-MBS,USGSE,US,2032-12-25,0.0,Long,,,Agency MBS
2026-03-31,GNMA PASS THRU POOLS,GNMA II POOL 004795 G2 09/40 FIXED 4,36202FKG0,33081.65,4.274e-06,ABS-MBS,USGSE,US,2040-09-20,4.0,Long,,,Agency MBS
2026-03-31,N/A,BOUGHT INR SOLD USD 20260407,000000000,-167542.08,-2.1645e-05,DFE,,IN,,,N/A,,4278364.0,Derivative
2026-03-31,FHLMC PASS THRU POOLS,FED HM LN PC POOL N31079 FG 02/34 FIXED 4.5,31281BFU9,8308.98,1.0730000000000001e-06,ABS-MBS,USGSE,US,2034-02-01,4.5,Long,,,Agency MBS
2026-03-31,ASHTEAD CAPITAL INC,ASHTEAD CAPITAL INC ASHTEAD CAPITAL INC,045054AS2,3059719.65,0.000395289,DBT,CORP,US,2034-04-15,5.8,Long,,,Credit & Loans
2026-03-31,PRIME PROPERTY FUND LLC,CORPIJ944,990ACURK8,5889843.48,0.000760917,DBT,CORP,US,2031-03-15,4.92,Long,,,Credit & Loans
2026-03-31,N/A,BOUGHT PLN SOLD USD 20260415,000000000,-7250.88,-9.37e-07,DFE,,PL,,,N/A,,244841.31,Derivative
2026-03-31,ARES STRATEGIC INCOME FUND,ARES STRATEGIC INCOME FU SR UNSECURED 02/30 5.6,04020EAD9,4868030.0,0.000628908,DBT,CORP,US,2030-02-15,5.6,Long,,,Credit & Loans
2026-03-31,GSR MORTGAGE LOAN TRUST 2006-4F,GSR MORTGAGE LOAN TRUST GSR 2006 4F 6A1,362650BB8,202314.25,2.6137e-05,ABS-MBS,CORP,US,2036-05-25,6.5,Long,,,Non-Agency MBS
2026-03-31,DEUTSCHE ALT-A SEC INC MTGE LO 2006-AB1,DEUTSCHE ALT A SECURITIES INC DBALT 2006 AB1 A1A,251510MD2,89268.16,1.1533e-05,ABS-MBS,CORP,US,2036-02-25,5.431,Long,,,Non-Agency MBS
2026-03-31,NFL FOOTBALL CLUB TERM NOTES 2025-XIX TRUST,NATIONAL FOOTBALL LEAGUE 9YR OCT SR SEC,958BJPII5,2491699.73,0.000321906,DBT,CORP,US,2034-10-05,5.25,Long,,,Credit & Loans
2026-03-31,FARMERS INSURANCE EXCHANGE,FARMERS INS EXCH SUBORDINATED 144A 10/64 VAR,309601AG7,1906800.86,0.000246342,DBT,CORP,US,2064-10-15,7.0,Long,,,Credit & Loans
2026-03-31,FHLMC PASS THRU POOLS,FED HM LN PC POOL C91206 FG 08/28 FIXED 5.5,3128P7KT9,4569.16,5.9e-07,ABS-MBS,USGSE,US,2028-08-01,5.5,Long,,,Agency MBS
2026-03-31,EXTRA SPACE STORAGE LP,EXTRA SPACE STORAGE LP COMPANY GUAR 02/34 5.4,30225VAS6,1714657.59,0.000221519,DBT,CORP,US,2034-02-01,5.4,Long,,,Credit & Loans
2026-03-31,FHLMC PASS THRU POOLS,FED HM LN PC POOL Q02208 FG 07/41 FIXED 4.5,3132GFNZ6,49119.29,6.346e-06,ABS-MBS,USGSE,US,2041-07-01,4.5,Long,,,Agency MBS
2026-03-31,TIME WARNER CABLE LLC,TIME WARNER CABLE LLC SR SECURED 05/37 6.55,88732JAJ7,605385.64,7.821099999999999e-05,DBT,CORP,US,2037-05-01,6.55,Long,,,Credit & Loans
2026-03-31,FREDDIE MAC 3117,FREDDIE MAC FHR 3117 OK,31396HVU0,2980.62,3.85e-07,ABS-MBS,USGSE,US,2036-02-15,0.0,Long,,,Agency MBS
2026-03-31,FNMA PASS THRU POOLS,FNMA POOL FA2784 FN 04/55 FIXED VAR,3140W3CW7,28491928.0,0.00368091,ABS-MBS,USGSE,US,2055-04-01,6.0,Long,,,Agency MBS
2026-03-31,CHASE MORTGAGE FINANCE CORP 2006-S1,CHASE MORTGAGE FINANCE CORPORA CHASE 2006 S1 A4,16162WRA9,1296351.45,0.000167477,ABS-MBS,CORP,US,2036-05-25,6.0,Long,,,Non-Agency MBS
2026-03-31,FNMA PASS THRU POOLS,FNMA POOL AV8867 FN 11/44 FIXED 4.5,3138XLZ96,186441.36,2.4087e-05,ABS-MBS,USGSE,US,2044-11-01,4.5,Long,,,Agency MBS
2026-03-31,ENERGY TRANSFER LP,ENERGY TRANSFER LP ENERGY TRANSFER LP,29273VAW0,3472567.81,0.00044862600000000004,DBT,CORP,US,2054-05-15,5.95,Long,,,Credit & Loans
2026-03-31,FHLMC PASS THRU POOLS,FED HM LN PC POOL N31476 FG 12/37 FIXED 5,31281BT91,5081.81,6.57e-07,ABS-MBS,USGSE,US,2037-12-01,5.0,Long,,,Agency MBS
2026-03-31,FHLMC PASS THRU POOLS,FED HM LN PC POOL Q31130 FG 02/45 FIXED 4,3132QMHG9,558755.65,7.2186e-05,ABS-MBS,USGSE,US,2045-02-01,4.0,Long,,,Agency MBS
2026-03-31,FHLMC PASS THRU POOLS,FED HM LN PC POOL H10235 FG 10/37 FIXED 4.5,3128N0HL7,116395.12,1.5037e-05,ABS-MBS,USGSE,US,2037-10-01,4.5,Long,,,Agency MBS
2026-03-31,LINEAGE OP LP,LINEAGE OP LP COMPANY GUAR 07/30 5.25,53567YAB5,2195889.7,0.00028368999999999996,DBT,CORP,US,2030-07-15,5.25,Long,,,Credit & Loans
2026-03-31,OAK HILL EUROPEAN CREDIT PARTNERS V DESIGNATED ACTIVITY CO 16-5A,OAK HILL EUROPEAN CREDIT PARTN OHECP 2016 5A ARR 144A,ACI224GS2,4072397.18,0.000526119,ABS-CBDO,CORP,IE,2035-01-21,3.013,Long,,,ABS / CLO
2026-03-31,BROOKFIELD FINANCE INC,BROOKFIELD FINANCE INC BROOKFIELD FINANCE INC,11271LAK8,10499890.1,0.0013564999999999998,DBT,CORP,CA,2034-01-05,6.35,Long,,,Credit & Loans
2026-03-31,DIAMONDBACK ENERGY INC,DIAMONDBACK ENERGY INC COMPANY GUAR 04/35 5.55,25278XBC2,2756403.7,0.000356104,DBT,CORP,US,2035-04-01,5.55,Long,,,Credit & Loans
2026-03-31,N/A,SOLD GBP BOUGHT USD 20260402,000000000,288.79,3.7e-08,DFE,,GB,,,N/A,,23177.81,Derivative
2026-03-31,BANK5 2024-5YR7,BANK5 BANK5 2024 5YR7 A2,06211UBF1,4431537.86,0.000572517,ABS-MBS,CORP,US,2057-06-15,5.788,Long,,,Non-Agency MBS
2026-03-31,MILL CITY MORTGAGE LOAN TRUST 2019-GS2,MILL CITY MORTGAGE TRUST MCMLT 2019 GS2 A1 144A,59981TAC9,318541.64,4.1153e-05,ABS-MBS,CORP,US,2059-08-25,2.75,Long,,,Non-Agency MBS
2026-03-31,FNMA PASS THRU POOLS,FNMA POOL 889404 FN 06/37 FIXED VAR,31410KDH4,4933.24,6.37e-07,ABS-MBS,USGSE,US,2037-06-01,5.0,Long,,,Agency MBS
2026-03-31,CITIGROUP INC,CITIGROUP INC SR UNSECURED 11/33 VAR,172967PA3,7484974.84,0.0009669940000000001,DBT,CORP,US,2033-11-17,6.27,Long,,,Credit & Loans
2026-03-31,FREDDIE MAC REMICS 3549,FREDDIE MAC FHR 3549 PO,31398EPR9,14565.91,1.882e-06,ABS-MBS,USGSE,US,2039-07-15,0.0,Long,,,Agency MBS
2026-03-31,WELLS FARGO & COMPANY,WELLS FARGO + COMPANY SR UNSECURED 09/36 VAR,95000U4B6,1946640.26,0.000251489,DBT,CORP,US,2036-09-15,4.892,Long,,,Credit & Loans
2026-03-31,EAST LANE RE VII LTD,EAST LANE RE VII LTD SR UNSECURED 144A 03/32 VAR,27332EAC5,500850.0,6.4706e-05,DBT,CORP,KY,2032-03-31,12.1021,Long,,,Credit & Loans
2026-03-31,NAVIENT REFINANCE LOAN TRUST 2025-C,NAVIENT REFINANCE LOAN TRUST NAVRL 2025 C A 144A,638973AA5,8127875.68,0.00105005,ABS-O,CORP,US,2055-10-15,4.8,Long,,,ABS / CLO
2026-03-31,PACIFIC GAS AND ELECTRIC CO,PACIFIC GAS + ELECTRIC 1ST MORTGAGE 05/34 5.8,694308KR7,4305047.67,0.000556175,DBT,CORP,US,2034-05-15,5.8,Long,,,Credit & Loans
2026-03-31,N/A,RFR USD SOFR/3.62000 02/14/25-5Y LCH,000000000,-173630.14,-2.2431999999999998e-05,DIR,,US,,,N/A,133500000.0,,Derivative
2026-03-31,FNMA PASS THRU POOLS,FNMA POOL FA1193 FN 03/55 FIXED VAR,3140W1KF9,18259589.34,0.00235898,ABS-MBS,USGSE,US,2055-03-01,6.0,Long,,,Agency MBS
2026-03-31,N/A,SOLD SEK BOUGHT USD 20260402,000000000,19440.81,2.512e-06,DFE,,SE,,,N/A,,1141273.77,Derivative
2026-03-31,LAD AUTO RECEIVABLES TRUST 2023-4,LAD AUTO RECEIVABLES TRUST LADAR 2023 4A A4 144A,50571AAD3,3639987.25,0.000470255,ABS-O,CORP,US,2028-06-15,6.24,Long,,,ABS / CLO
2026-03-31,CITIGROUP MORTGAGE LOAN TRUST 2025-RP4,CITIGROUP MORTGAGE LOAN TRUST CMLTI 2025 RP4 A1 144A,17292EAA8,10696695.23,0.00138192,ABS-MBS,CORP,US,2062-10-25,3.375,Long,,,Non-Agency MBS
2026-03-31,BLUE CROSS AND BLUE SHIELD OF FLORIDA,BLUE CROSS BLU SHIELD FL SR UNSEC 4A2,958BHKII8,3741264.88,0.000483339,DBT,CORP,US,2030-09-30,4.85,Long,,,Credit & Loans
2026-03-31,N/A,SOLD PLN BOUGHT USD 20260415,000000000,-9369.23,-1.21e-06,DFE,,PL,,,N/A,,1927017.0,Derivative
2026-03-31,FHLMC PASS THRU POOLS,FED HM LN PC POOL A55007 FG 11/36 FIXED 6,3128KHR40,19301.93,2.4939999999999998e-06,ABS-MBS,USGSE,US,2036-11-01,6.0,Long,,,Agency MBS
2026-03-31,N/A,SOLD NOK BOUGHT USD 20260407,000000000,63.92,7.999999999999999e-09,DFE,,NO,,,N/A,,6740.0,Derivative
2026-03-31,FERGUSON ENTERPRISES INC,FERGUSON ENTERPRISES INC COMPANY GUAR 10/34 5,31488VAA5,988734.93,0.00012773599999999998,DBT,CORP,US,2034-10-03,5.0,Long,,,Credit & Loans
2026-03-31,FHLMC PASS THRU POOLS,FED HM LN PC POOL A92791 FG 07/40 FIXED 4.5,312941C47,27075.29,3.498e-06,ABS-MBS,USGSE,US,2040-07-01,4.5,Long,,,Agency MBS
2026-03-31,PALM RE LTD,PALM RE LTD UNSECURED 144A 06/32 VAR,69664FAB4,257725.0,3.3296e-05,DBT,CORP,BM,2032-06-07,11.27,Long,,,Credit & Loans
2026-03-31,COMPEER FINANCIAL ACA,COMPEER FINANCIAL ACA JR SUBORDINA 144A 12/99 VAR,20453QAC6,21467046.0,0.0027733600000000003,EP,CORP,US,,,Long,,,Credit & Loans
2026-03-31,FHLMC PASS THRU POOLS,FED HM LN PC POOL 1G2603 FH 10/36 FLOATING VAR,3128QS3L8,168.11,2.2000000000000002e-08,ABS-MBS,USGSE,US,2036-10-01,6.358,Long,,,Agency MBS
2026-03-31,AMERICAN AIRLINES 2014-1 CLASS A PASS THROUGH TRUST,AMER AIRLN 14 1 A PTT PASS THRU CE 04/28 3.7,02377AAA6,1356793.59,0.00017528599999999997,DBT,CORP,US,2028-04-01,3.7,Long,,,Credit & Loans
2026-03-31,SANTANDER UK GROUP HOLDINGS PLC,SANTANDER UK GROUP HLDGS SR UNSECURED 03/32 VAR,80281LAP0,3538831.41,0.000457187,DBT,CORP,GB,2032-03-15,2.896,Long,,,Credit & Loans
2026-03-31,ROMARK CLO IV LTD 2021-4A,ROMARK CLO LTD RMRK 2021 4A A2AR 144A,77588LAQ4,1297504.73,0.00016762599999999998,ABS-CBDO,CORP,KY,2034-07-10,5.29968,Long,,,ABS / CLO
2026-03-31,TARGA RESOURCES CORP,TARGA RESOURCES CORP COMPANY GUAR 03/33 6.125,87612GAC5,3174100.77,0.00041006599999999995,DBT,CORP,US,2033-03-15,6.125,Long,,,Credit & Loans
2026-03-31,N/A,REVERSE REPO BANK OF AMERICA REVERSE REPO,000000000,-1960140.16,-0.000253233,RA,,US,2026-06-12,,Short,,,Cash & Repo
2026-03-31,N/A,REPO BANK AMERICA REPO,000000000,19900000.0,0.00257091,RA,,US,2026-04-01,,Long,,,Cash & Repo
2026-03-31,GREENSKY HOME IMPROVEMENT TRUST 2024-1,GREENSKY HOME IMPROVEMENT ISSU GSKY 2024 1 B 144A,39571MAF5,2042525.11,0.000263877,ABS-O,CORP,US,2059-06-25,5.87,Long,,,ABS / CLO
2026-03-31,AERCAP IRELAND CAPITAL DAC / AERCAP GLOBAL AVIATION TRUST,AERCAP IRELAND CAP/GLOBA COMPANY GUAR 10/28 3,00774MAW5,2584255.34,0.00033386399999999996,DBT,CORP,IE,2028-10-29,3.0,Long,,,Credit & Loans
2026-03-31,MLCC MORTGAGE INVESTORS INC 2004-C,MLCC MORTGAGE INVESTORS INC MLCC 2004 C A1,59020UDN2,22800.66,2.9460000000000003e-06,ABS-MBS,CORP,US,2029-07-25,4.35303,Long,,,Non-Agency MBS
2026-03-31,FNMA PASS THRU POOLS,FNMA POOL CB7998 FN 02/54 FIXED 6,3140QT3G2,5103713.55,0.0006593559999999999,ABS-MBS,USGSE,US,2054-02-01,6.0,Long,,,Agency MBS
2026-03-31,COUNTRYWIDE HOME LOANS 2005-HY10,COUNTRYWIDE HOME LOANS CWHL 2005 HY10 3A1A,126694VM7,317590.68,4.103e-05,ABS-MBS,CORP,US,2036-02-20,4.47597,Long,,,Non-Agency MBS
2026-03-31,MORGAN STANLEY MORTGAGE LN TR-2006-8AR,MORGAN STANLEY MORTGAGE LOAN T MSM 2006 8AR 5A3,61749LAN1,1568979.88,0.000202699,ABS-MBS,CORP,US,2036-06-25,5.63394,Long,,,Non-Agency MBS
2026-03-31,OBX 2024-NQM16 TRUST,ONSLOW BAY FINANCIAL LLC OBX 2024 NQM16 A1 144A,67120GAA6,4681585.29,0.000604821,ABS-MBS,CORP,US,2064-10-25,5.53,Long,,,Non-Agency MBS
2026-03-31,QTS ISSUER ABS II LLC 2025-1A,QTS ISSUER ABS II LLC QTSII 2025 1A A2 144A,74690FAA4,3826526.73,0.000494354,ABS-O,CORP,US,2055-10-05,5.044,Long,,,ABS / CLO
2026-03-31,N/A,BOUGHT MXN SOLD USD 20260409,000000000,23211.12,2.9990000000000004e-06,DFE,,MX,,,N/A,,866009.0,Derivative
2026-03-31,VENTURE CLO LTD 2018-33A,VENTURE CDO LTD VENTR 2018 33A A1LR 144A,92330YAN3,496663.67,6.4165e-05,ABS-CBDO,CORP,KY,2031-07-15,4.9938,Long,,,ABS / CLO
2026-03-31,N/A,NATWEST GROUP PLC SNR SE ICE,000000000,117049.88,1.5122e-05,DCR,,GB,,,N/A,8900000.0,,Derivative
2026-03-31,STRUCTURED ASSET INVST LN TR 2006-4,STRUCTURED ASSET INVESTMENT LO SAIL 2006 4 A1,86360WAA0,2462903.43,0.00031818600000000003,ABS-MBS,CORP,US,2036-07-25,4.13803,Long,,,Non-Agency MBS
2026-03-31,UNITED STATES GOVT,US TREASURY N/B 08/44 3.125,912810RH3,161635534.64,0.0208819,DBT,UST,US,2044-08-15,3.125,Long,,,Government Related
2026-03-31,N/A,SOLD ILS BOUGHT USD 20260505,000000000,-22172.8,-2.865e-06,DFE,,IL,,,N/A,,2935306.0,Derivative
2026-03-31,JP MORGAN CHASE COMMERCIAL MORTGAGE SECURITIES CORP 2016-JP4,JP MORGAN CHASE COMMERCIAL MOR JPMCC 2016 JP4 A4,46645UAT4,3671501.12,0.00047432599999999996,ABS-MBS,CORP,US,2049-12-15,3.6483,Long,,,Non-Agency MBS
2026-03-31,FHLMC PASS THRU POOLS,FED HM LN PC POOL SL3298 FR 11/55 FIXED 5.5,31427QUY6,376743.54,4.8672000000000004e-05,ABS-MBS,USGSE,US,2055-11-01,5.5,Long,,,Agency MBS
2026-03-31,CENTENE CORPORATION,CENTENE CORP SR UNSECURED 10/30 3,15135BAW1,4735526.22,0.0006117890000000001,DBT,CORP,US,2030-10-15,3.0,Long,,,Credit & Loans
2026-03-31,N/A,SOLD TRY BOUGHT USD 20260420,000000000,-16777.46,-2.1680000000000002e-06,DFE,,TR,,,N/A,,3716532.0,Derivative
2026-03-31,AASET-2025-2A,APOLLO AVIATION SECURITIZATION AASET 2025 2A A 144A,00039NAA2,6905748.35,0.000892163,ABS-O,CORP,US,2050-02-16,5.522,Long,,,ABS / CLO
2026-03-31,BOEING CO/THE,BOEING CO/THE SR UNSECURED 05/31 6.388,097023DR3,1386796.1,0.000179162,DBT,CORP,US,2031-05-01,6.388,Long,,,Credit & Loans
2026-03-31,N/A,SOLD ILS BOUGHT USD 20260610,000000000,21509.4,2.779e-06,DFE,,IL,,,N/A,,1469344.0,Derivative
2026-03-31,N/A,SOLD CAD BOUGHT USD 20260402,000000000,221897.96,2.8667e-05,DFE,,CA,,,N/A,,9279165.9,Derivative
2026-03-31,BANK OF AMERICA CORPORATION,BANK OF AMERICA CORP SR UNSECURED 04/29 VAR,06051GLG2,8520832.57,0.00110082,DBT,CORP,US,2029-04-25,5.202,Long,,,Credit & Loans
2026-03-31,SANTANDER HOLDINGS USA INC,SANTANDER HOLDINGS USA SR UNSECURED 03/29 VAR,80282KBF2,1753570.55,0.000226546,DBT,CORP,US,2029-03-09,6.499,Long,,,Credit & Loans
2026-03-31,N/A,BOUGHT GBP SOLD USD 20260402,000000000,-1320.54,-1.7099999999999998e-07,DFE,,GB,,,N/A,,74555.35,Derivative
2026-03-31,GROSVENOR PLACE CLO 2025-4 DAC 25-4A,GROSVENOR PLACE CLO BV GROSV 2025 4A A 144A,ACI379GR6,3236301.33,0.000418102,ABS-CBDO,CORP,IE,2039-08-15,3.383,Long,,,ABS / CLO
2026-03-31,N/A,SOLD SGD BOUGHT USD 20260402,000000000,74.99,1e-08,DFE,,SG,,,N/A,,4903.0,Derivative
2026-03-31,CAPITAL ONE FINANCIAL CORPORATION,CAPITAL ONE FINANCIAL CO SR UNSECURED 10/27 VAR,14040HDB8,2027642.3,0.000261954,DBT,CORP,US,2027-10-29,7.149,Long,,,Credit & Loans
2026-03-31,ROCKFORD TOWER EUROPE CLO 2021-2 DAC,ROCKFORD TOWER EUROPE CLO RFTE 2021 2A A 144A,ACI2PTDF3,1152440.46,0.000148885,ABS-CBDO,CORP,IE,2035-01-24,2.99,Long,,,ABS / CLO
2026-03-31,FNMA PASS THRU POOLS,FNMA POOL CB6515 FN 06/53 FIXED 5,3140QSGZ8,15111482.02,0.00195227,ABS-MBS,USGSE,US,2053-06-01,5.0,Long,,,Agency MBS
2026-03-31,COUSINS PROPERTIES LP,COUSINS PROPERTIES LP COMPANY GUAR 07/30 5.25,222793AC5,3243464.54,0.00041902799999999995,DBT,CORP,US,2030-07-15,5.25,Long,,,Credit & Loans
2026-03-31,CREDIT AGRICOLE SA,CREDIT AGRICOLE SA 144A 01/36 VAR,22535WAN7,7419686.9,0.00095856,DBT,CORP,FR,2036-01-09,5.862,Long,,,Credit & Loans
2026-03-31,FNMA PASS THRU POOLS,FNMA POOL 881858 FN 04/36 FLOATING VAR,31409XWT2,2715.44,3.51e-07,ABS-MBS,USGSE,US,2036-04-01,6.945,Long,,,Agency MBS
2026-03-31,FHLMC PASS THRU POOLS,FED HM LN PC POOL Q04911 FG 12/41 FIXED 3.5,3132GLDQ4,939.78,1.2099999999999998e-07,ABS-MBS,USGSE,US,2041-12-01,3.5,Long,,,Agency MBS
2026-03-31,VERUS SECURITIZATION TRUST 2023-6,VERUS SECURITIZATION TRUST VERUS 2023 6 A1 144A,92539XAA2,3305026.89,0.00042698100000000005,ABS-MBS,CORP,US,2068-09-25,6.665,Long,,,Non-Agency MBS
2026-03-31,GREYWOLF CLO III LTD 2020-3RA,GREYWOLF CLO LTD GWOLF 2020 3RA A1R2 144A,39809CAY0,2690779.56,0.00034762599999999997,ABS-CBDO,CORP,KY,2033-04-22,4.8992,Long,,,ABS / CLO
2026-03-31,HCA INC,HCA INC COMPANY GUAR 03/30 5.25,404119CZ0,1633896.54,0.000211085,DBT,CORP,US,2030-03-01,5.25,Long,,,Credit & Loans
2026-03-31,N/A,SOLD IDR BOUGHT USD 20260610,000000000,190.62,2.5000000000000002e-08,DFE,,ID,,,N/A,,17722.92,Derivative
2026-03-31,N/A,SOLD TRY BOUGHT USD 20260421,000000000,-27833.09,-3.596e-06,DFE,,TR,,,N/A,,1868239.0,Derivative
2026-03-31,BRAZIL GOVT,FED REPUBLIC OF BRAZIL SR UNSECURED 03/34 6.125,105756CH1,8505950.0,0.0010989,DBT,NUSS,BR,2034-03-15,6.125,Long,,,Government Related
2026-03-31,WASHINGTON MUTUAL 2006-AR18,WAMU MORTGAGE PASS THROUGH CER WAMU 2006 AR18 1A1,933637AA8,1655084.87,0.000213823,ABS-MBS,CORP,US,2037-01-25,3.5335,Long,,,Non-Agency MBS
2026-03-31,N/A,BOUGHT TRY SOLD USD 20260421,000000000,25082.47,3.2400000000000003e-06,DFE,,TR,,,N/A,,4200000.0,Derivative
2026-03-31,TOWD POINT MORTGAGE TRUST 2018-5,TOWD POINT MORTGAGE TRUST TPMT 2018 5 A1A 144A,89176VAK8,952752.2,0.000123087,ABS-MBS,CORP,US,2058-07-25,3.25,Long,,,Non-Agency MBS
2026-03-31,CREDIT SUISSE MORTGAGE CAP CERT 2007-6,CREDIT SUISSE MORTGAGE TRUST CSMC 2007 6 A1,12639PAA6,1488484.53,0.00019229900000000002,ABS-MBS,CORP,US,2037-10-25,6.4205,Long,,,Non-Agency MBS
2026-03-31,PPL CAPITAL FUNDING,PPL CAPITAL FUNDING INC PPL CAPITAL FUNDING INC,69352PAT0,2268779.42,0.00029310699999999997,DBT,CORP,US,2034-09-01,5.25,Long,,,Credit & Loans
2026-03-31,INTEGRITY RE III LTD,INTEGRITY RE III UNSECURED 144A 06/29 VAR,45870GAH9,250000.0,3.2298e-05,DBT,CORP,BM,2029-06-07,6.01,Long,,,Credit & Loans
2026-03-31,FHLMC PASS THRU POOLS,FED HM LN PC POOL Q01045 FG 05/41 FIXED 4.5,3132GEES5,424887.64,5.4891999999999996e-05,ABS-MBS,USGSE,US,2041-05-01,4.5,Long,,,Agency MBS
2026-03-31,HOME PARTNERS OF AMERICA 2021-3 TRUST,HOME PARTNERS OF AMERICA TRUST HPA 2021 3 A 144A,43730XAA2,1485047.96,0.000191855,ABS-MBS,CORP,US,2041-01-17,2.2,Long,,,Non-Agency MBS
2026-03-31,DELOITTE LLP,DELOITTE LLP SR UNSEC,938WPEII2,1095471.43,0.000141525,DBT,CORP,US,2035-01-30,5.59,Long,,,Credit & Loans
2026-03-31,FHLMC PASS THRU POOLS,FED HM LN PC POOL RJ3965 FR 04/55 FIXED 5.5,3142GUMP5,378790.71,4.8935999999999994e-05,ABS-MBS,USGSE,US,2055-04-01,5.5,Long,,,Agency MBS
2026-03-31,BANK 2025-BNK50,BANK BANK 2025 BNK50 ASB,064908AB2,2295559.31,0.000296566,ABS-MBS,CORP,US,2068-05-15,5.561,Long,,,Non-Agency MBS
2026-03-31,GNMA PASS THRU POOLS,GNMA POOL 778776 GN 01/27 FIXED 3,36176W6M8,103131.23,1.3324000000000002e-05,ABS-MBS,USGSE,US,2027-01-15,3.0,Long,,,Agency MBS
2026-03-31,PACIFIC LIFE INSURANCE COMPANY,PACIFIC LIFE INSURANCE C SUBORDINATED 144A 06/39 9.25,694475AA2,6682784.65,0.000863358,DBT,CORP,US,2039-06-15,9.25,Long,,,Credit & Loans
2026-03-31,VICI PROPERTIES LP / VICI NOTE CO INC,VICI PROPERTIES / NOTE COMPANY GUAR 144A 02/27 3.75,92564RAD7,99263.47,1.2824e-05,DBT,CORP,US,2027-02-15,3.75,Long,,,Credit & Loans
2026-03-31,ANCHORAGE CREDIT FUNDING 13 LTD,ANCHORAGE CREDIT FUNDING LTD. ANCHF 2021 13A A1 144A,03290AAA8,1917269.5,0.000247695,ABS-CBDO,CORP,KY,2039-07-27,2.875,Long,,,ABS / CLO
2026-03-31,BRANDYWINE OPERATING PARTNERSHIP LP,BRANDYWINE OPER PARTNERS COMPANY GUAR 03/28 8.3,105340AR4,101852.53,1.3158e-05,DBT,CORP,US,2028-03-15,8.3,Long,,,Credit & Loans
2026-03-31,POLESTAR RE LTD,POLESTAR RE LTD UNSECURED 144A 01/29 VAR,73110JAD4,250600.0,3.2375e-05,DBT,CORP,BM,2029-01-08,10.662,Long,,,Credit & Loans
2026-03-31,RGA GLOBAL FUNDING,RGA GLOBAL FUNDING SECURED 144A 11/30 4.6,76209PAK9,9996870.42,0.0012915099999999998,DBT,CORP,US,2030-11-25,4.6,Long,,,Credit & Loans
2026-03-31,RENAISSANCE HOME EQUITY LOAN TRUST 2006-2,RENAISSANCE HOME EQUITY LOAN T RAMC 2006 2 AF4,759676AG4,3052339.56,0.000394336,ABS-MBS,CORP,US,2036-08-25,6.115,Long,,,Non-Agency MBS
2026-03-31,AMERICAN NATIONAL GLOBAL FUNDING,AMERICAN NATIONAL GF SR SECURED 144A 01/31 4.875,02771D2E3,9795770.4,0.00126553,DBT,CORP,US,2031-01-23,4.875,Long,,,Credit & Loans
2026-03-31,GOLDMAN SACHS GROUP INC,GOLDMAN SACHS GROUP INC SR UNSECURED 08/28 VAR,38141GZU1,10002220.5,0.0012922,DBT,CORP,US,2028-08-23,4.482,Long,,,Credit & Loans
2026-03-31,FNMA PASS THRU POOLS,FNMA POOL 745632 FN 03/36 FIXED VAR,31403DLM9,2315.8,2.9899999999999996e-07,ABS-MBS,USGSE,US,2036-03-01,5.0,Long,,,Agency MBS
2026-03-31,BBCMS MORTGAGE TRUST 2025-5C37,BARCLAYS COMMERCIAL MORTGAGE S BBCMS 2025 5C37 A2,05494NAB7,6966013.6,0.000899949,ABS-MBS,CORP,US,2058-09-15,4.534,Long,,,Non-Agency MBS
2026-03-31,FLNG LIQUEFACTION 3 LLC,FLNG LIQUEFACTION 3 LLC 5.58,990ABNZF7,5694675.42,0.0007357030000000001,DBT,CORP,US,2040-03-31,5.71,Long,,,Credit & Loans
2026-03-31,N/A,RFR USD SOFR/3.64300 08/28/24-10Y LCH,000000000,55602.89,7.183e-06,DIR,,US,,,N/A,4400000.0,,Derivative
2026-03-31,N/A,RFR USD SOFR/3.28013 12/02/24-4Y* LCH,000000000,805010.14,0.000104,DIR,,US,,,N/A,93500000.0,,Derivative
2026-03-31,FANNIE MAE INTEREST STRIP 314,FANNIEMAE STRIP FNS 314 1,3136FABE9,5302.15,6.85e-07,ABS-MBS,USGSE,US,2031-07-25,0.0,Long,,,Agency MBS
2026-03-31,N/A,SOLD COP BOUGHT USD 20260617,000000000,-32152.58,-4.154e-06,DFE,,CO,,,N/A,,3072770.46,Derivative
2026-03-31,FNMA PASS THRU POOLS,FNMA POOL CB8026 FN 02/54 FIXED 6.5,3140QT4L0,6131278.54,0.000792108,ABS-MBS,USGSE,US,2054-02-01,6.5,Long,,,Agency MBS
2026-03-31,GNMA PASS THRU POOLS,GNMA II POOL MB0933 G2 02/56 FIXED 3.5,3618N6BB2,59664282.87,0.007708110000000001,ABS-MBS,USGSE,US,2056-02-20,3.5,Long,,,Agency MBS
2026-03-31,ASSET BACKED FUNDING CERT 2006-OPT1,ASSET BACKED FUNDING CERTIFICA ABFC 2006 OPT1 A3D,00075QAD4,2826350.98,0.00036513999999999996,ABS-MBS,CORP,US,2036-09-25,4.27303,Long,,,Non-Agency MBS
2026-03-31,VERAISON RE LTD,VERAISON RE LTD UNSECURED 144A 03/34 VAR,92335TAG4,250162.5,3.2319e-05,DBT,CORP,BM,2034-03-08,7.6753,Long,,,Credit & Loans
2026-03-31,N/A,AT&T INC SNR S* ICE,000000000,79846.07,1.0315e-05,DCR,,US,,,N/A,7300000.0,,Derivative
2026-03-31,KKR CLO 33 LTD 33A,KKR FINANCIAL CLO LTD KKR 33A AR 144A,48254QAF1,4004104.92,0.000517296,ABS-CBDO,CORP,KY,2034-07-20,4.74763,Long,,,ABS / CLO
2026-03-31,FIBRA UNO (TRUST F/1401),TRUST FIBRAUNO SR UNSECURED 144A 01/30 4.869,898339AA4,1601324.54,0.000206877,DBT,CORP,MX,2030-01-15,4.869,Long,,,Credit & Loans
2026-03-31,HSBC HOLDINGS PLC,HSBC HOLDINGS PLC SR UNSECURED 06/28 VAR,404280DF3,2505862.15,0.00032373600000000003,DBT,CORP,GB,2028-06-09,4.755,Long,,,Credit & Loans
2026-03-31,BLUE RIDGE RE LTD,BLUE RIDGE RE LTD UNSECURED 144A 01/29 VAR,096003AE8,246350.0,3.1825999999999996e-05,DBT,CORP,BM,2029-01-08,11.51,Long,,,Credit & Loans
2026-03-31,SOUTHERN CALIFORNIA EDISON COMPANY,SOUTHERN CAL EDISON 1ST REF MORT 10/43 4.65,842400FZ1,1049402.6,0.000135574,DBT,CORP,US,2043-10-01,4.65,Long,,,Credit & Loans
2026-03-31,COUNTRYWIDE ALTERNATIVE LN TR 2006-9T1,COUNTRYWIDE ALTERNATIVE LOAN T CWALT 2006 9T1 A1,12668BVA8,128391.79,1.6587e-05,ABS-MBS,CORP,US,2036-05-25,5.75,Long,,,Non-Agency MBS
2026-03-31,FHLMC PASS THRU POOLS,FED HM LN PC POOL L10157 FG 01/35 FIXED 5.5,3128DHE67,395264.07,5.1065e-05,ABS-MBS,USGSE,US,2035-01-01,5.5,Long,,,Agency MBS
2026-03-31,THORNBURG MORTGAGE SECURITIES TR 2006-5,THORNBURG MORTGAGE SECURITIES TMST 2006 5 A1,88522RAA2,579500.26,7.4866e-05,ABS-MBS,CORP,US,2046-10-25,5.13884,Long,,,Non-Agency MBS
2026-03-31,F&G GLOBAL FUNDING,F+G GLOBAL FUNDING SECURED 144A 01/30 5.875,30321L2J0,4055007.32,0.000523872,DBT,CORP,US,2030-01-16,5.875,Long,,,Credit & Loans
2026-03-31,JP MORGAN CHASE & CO,JPMORGAN CHASE + CO SR UNSECURED 06/30 VAR,46647PDF0,12064072.11,0.00155857,DBT,CORP,US,2030-06-14,4.565,Long,,,Credit & Loans
2026-03-31,CREDIT SUISSE MORTGAGE TRUST 2008-2R,CREDIT SUISSE MORTGAGE TRUST CSMC 2008 2R 1A1 144A,225492AA5,220698.55,2.8512e-05,ABS-MBS,CORP,US,2037-07-25,6.0,Long,,,Non-Agency MBS
2026-03-31,N/A,BOUGHT THB SOLD USD 20260416,000000000,-32642.75,-4.2170000000000005e-06,DFE,,TH,,,N/A,,3775217.0,Derivative
2026-03-31,GNMA PASS THRU POOLS,GNMA II POOL 005123 G2 07/41 FIXED 4.5,36202FVQ6,41484.91,5.359e-06,ABS-MBS,USGSE,US,2041-07-20,4.5,Long,,,Agency MBS
2026-03-31,RESIDENTIAL ACCREDIT LOANS 2006-QS6,"RESIDENTIAL ACCREDIT LOANS, IN RALI 2006 QS6 1A8",74922EAH2,829964.4,0.000107224,ABS-MBS,CORP,US,2036-06-25,6.0,Long,,,Non-Agency MBS
2026-03-31,PAGAYA AI DEBT TRUST 2025-5,PAGAYA AI DEBT SELECTION TRUST PAID 2025 5 A2 144A,69548WAB9,1102370.48,0.000142417,ABS-O,CORP,US,2033-03-15,5.108,Long,,,ABS / CLO
2026-03-31,VERIZON COMMUNICATIONS INC,VERIZON COMMUNICATIONS SR UNSECURED 11/34 4.4,92343VCQ5,4285883.66,0.0005536989999999999,DBT,CORP,US,2034-11-01,4.4,Long,,,Credit & Loans
2026-03-31,CVS HEALTH CORPORATION,CVS HEALTH CORP SR UNSECURED 07/35 4.875,126650CM0,1155047.35,0.000149222,DBT,CORP,US,2035-07-20,4.875,Long,,,Credit & Loans
2026-03-31,N/A,BOUGHT PLN SOLD USD 20260415,000000000,-82098.67,-1.0606000000000001e-05,DFE,,PL,,,N/A,,2827759.14,Derivative
2026-03-31,GLOBAL PAYMENTS INC,GLOBAL PAYMENTS INC SR UNSECURED 08/32 5.4,37940XAQ5,5259422.35,0.000679472,DBT,CORP,US,2032-08-15,5.4,Long,,,Credit & Loans
2026-03-31,ROMARK CREDIT FUNDING III LTD 2024-3A,"ROMARK CREDIT FUNDING I, LTD. RCF 2024 3A A 144A",77587BAA2,4406124.8,0.000569233,ABS-CBDO,CORP,KY,2042-09-15,5.539,Long,,,ABS / CLO
2026-03-31,SANTANDER UK GROUP HOLDINGS PLC,SANTANDER UK GROUP HLDGS SR UNSECURED 09/36 VAR,80281LAY1,2125251.83,0.000274564,DBT,CORP,GB,2036-09-22,5.136,Long,,,Credit & Loans
2026-03-31,N/A,SOLD THB BOUGHT USD 20260420,000000000,316.64,4.0999999999999997e-08,DFE,,TH,,,N/A,,6839.96,Derivative
2026-03-31,N/A,BOUGHT MXN SOLD USD 20260413,000000000,37277.38,4.816e-06,DFE,,MX,,,N/A,,1383227.43,Derivative
2026-03-31,GNMA PASS THRU POOLS,GNMA II POOL MA1753 G2 03/44 FIXED 4.5,36179N5N4,13099.64,1.6919999999999999e-06,ABS-MBS,USGSE,US,2044-03-20,4.5,Long,,,Agency MBS
2026-03-31,N/A,RFR USD SOFR/3.55800 08/21/24-10Y LCH,000000000,85102.65,1.0995e-05,DIR,,US,,,N/A,4400000.0,,Derivative
2026-03-31,N/A,BOUGHT PLN SOLD USD 20260422,000000000,-182252.12,-2.3545e-05,DFE,,PL,,,N/A,,6708861.0,Derivative
2026-03-31,GOLDEN BEAR RE LTD SERIES 2026-1,GOLDEN BEAR RE LTD UNSECURED 144A 03/32 VAR,38090EAB6,500000.0,6.4596e-05,DBT,CORP,BM,2032-03-08,9.5,Long,,,Credit & Loans
2026-03-31,STRUCTURED ASSET INVST LN TR 2004-10,STRUCTURED ASSET INVESTMENT LO SAIL 2004 10 A11,86358EPB6,1461494.53,0.000188813,ABS-MBS,CORP,US,2034-11-25,5.29303,Long,,,Non-Agency MBS
2026-03-31,FANNIE MAE-2006-50,FANNIE MAE FNR 2006 50 JO,31395DUD9,3966.97,5.119999999999999e-07,ABS-MBS,USGSE,US,2036-06-25,0.0,Long,,,Agency MBS
2026-03-31,PURPLE RE LTD,PURPLE RE LTD UNSECURED 144A 06/33 VAR,74639NAF0,250000.0,3.2298e-05,DBT,CORP,BM,2033-06-07,6.05,Long,,,Credit & Loans
2026-03-31,FANNIE MAE 2005-120,FANNIE MAE FNR 2005 120 PB,31394VJR2,9900.99,1.279e-06,ABS-MBS,USGSE,US,2036-01-25,6.0,Long,,,Agency MBS
2026-03-31,LAZARD GROUP LLC,LAZARD GROUP LLC COMPANY GUAR 08/35 5.625,52107QAM7,5590794.61,0.000722283,DBT,CORP,US,2035-08-01,5.625,Long,,,Credit & Loans
2026-03-31,FNMA PASS THRU POOLS,FNMA POOL DA1101 FN 12/53 FIXED 6.5,3140A1GK7,4621369.34,0.000597041,ABS-MBS,USGSE,US,2053-12-01,6.5,Long,,,Agency MBS
2026-03-31,FNMA PASS THRU POOLS,FNMA POOL AW9120 FN 10/44 FIXED 4.5,3138XZD24,91308.56,1.1796e-05,ABS-MBS,USGSE,US,2044-10-01,4.5,Long,,,Agency MBS
2026-03-31,VERUS SECURITIZATION TRUST 2025-R2,VERUS SECURITIZATION TRUST VERUS 2025 R2 A1 144A,92541EAC6,2499921.85,0.00032296800000000003,ABS-MBS,CORP,US,2067-07-25,5.086,Long,,,Non-Agency MBS
2026-03-31,FEDEX FREIGHT HOLDING COMPANY INC,FEDEX FREIGHT HOLDING CO COMPANY GUAR 144A 03/33 4.95,314352AE5,487832.87,6.3024e-05,DBT,CORP,US,2033-03-15,4.95,Long,,,Credit & Loans
2026-03-31,TORREY PINES RE LTD,TORREY PINES RE LTD UNSECURED 144A 06/32 VAR,89141WAJ1,310980.0,4.0175999999999996e-05,DBT,CORP,BM,2032-06-07,10.656,Long,,,Credit & Loans
2026-03-31,LOW INCOME INVESTMENT FUND,LOW INCOME INVESTMENT UNSECURED 07/29 3.711,54750AAB2,2417946.88,0.000312378,DBT,CORP,US,2029-07-01,3.711,Long,,,Credit & Loans
2026-03-31,JP MORGAN MTGE ACQUIS CORP 2006-HE2,JP MORGAN MORTGAGE ACQUISITION JPMAC 2006 HE2 M1,46625SAF3,1464004.34,0.00018913699999999997,ABS-MBS,CORP,US,2036-07-25,4.24303,Long,,,Non-Agency MBS
2026-03-31,STRUCTURED ASSET INVST LN TR 2005-9,STRUCTURED ASSET INVESTMENT LO SAIL 2005 9 M1,86358EYF7,1223260.22,0.00015803500000000003,ABS-MBS,CORP,US,2035-11-25,4.42303,Long,,,Non-Agency MBS
2026-03-31,HOST HOTELS & RESORTS LP,HOST HOTELS + RESORTS LP SR UNSECURED 04/35 5.5,44107TBC9,10273858.36,0.00132729,DBT,CORP,US,2035-04-15,5.5,Long,,,Credit & Loans
2026-03-31,FNMA PASS THRU POOLS,FNMA POOL CB7270 FN 10/53 FIXED 6,3140QTCG2,50353506.75,0.00650524,ABS-MBS,USGSE,US,2053-10-01,6.0,Long,,,Agency MBS
2026-03-31,N/A,US 10YR ULTRA FUT JUN26 XCBT 20260618,000000000,-121380.76,-1.5681e-05,DIR,,US,,,N/A,22005359.47,,Derivative
2026-03-31,N/A,SOLD IDR BOUGHT USD 20260610,000000000,10975.31,1.418e-06,DFE,,ID,,,N/A,,1276207.0,Derivative
2026-03-31,GNMA PASS THRU POOLS,GNMA POOL AG8838 GN 01/29 FIXED 3,36182DZB4,111952.81,1.4463e-05,ABS-MBS,USGSE,US,2029-01-15,3.0,Long,,,Agency MBS
2026-03-31,N/A,BOUGHT NOK SOLD USD 20260407,000000000,-17742.77,-2.292e-06,DFE,,NO,,,N/A,,1164093.55,Derivative
2026-03-31,FHLMC PASS THRU POOLS,FED HM LN PC POOL P51240 FG 01/37 FIXED 6.5,3128C6LV9,8477.84,1.095e-06,ABS-MBS,USGSE,US,2037-01-01,6.5,Long,,,Agency MBS
2026-03-31,HCA INC,HCA INC COMPANY GUAR 06/33 5.5,404119CQ0,2244790.06,0.000290008,DBT,CORP,US,2033-06-01,5.5,Long,,,Credit & Loans
2026-03-31,GNMA PASS THRU POOLS,GNMA II POOL 784067 G2 10/45 FIXED 4,3622A2QU9,4199404.63,0.000542527,ABS-MBS,USGSE,US,2045-10-20,4.0,Long,,,Agency MBS
2026-03-31,COUNTRYWIDE HOME LOANS 2005-7,COUNTRYWIDE HOME LOANS CWHL 2005 7 1A1,12669GNL1,38969.23,5.0339999999999996e-06,ABS-MBS,CORP,US,2035-03-25,4.33303,Long,,,Non-Agency MBS
2026-03-31,INVITATION HOMES OPERATING PARTNERSHIP LP,INVITATION HOMES OP COMPANY GUAR 02/35 4.875,46188BAG7,1432115.75,0.000185017,DBT,CORP,US,2035-02-01,4.875,Long,,,Credit & Loans
2026-03-31,CROWN CASTLE INTERNATIONAL CORP (CCI),CROWN CASTLE INC CROWN CASTLE INC,22822VBE0,8299452.13,0.00107222,DBT,CORP,US,2034-03-01,5.8,Long,,,Credit & Loans
2026-03-31,OBX 2025-R1 TRUST,ONSLOW BAY FINANCIAL LLC OBX 2025 R1 A1 144A,67123GAC9,4007064.01,0.000517678,ABS-MBS,CORP,US,2062-09-25,4.94,Long,,,Non-Agency MBS
2026-03-31,N/A,BOUGHT CHF SOLD USD 20260402,000000000,24710.62,3.192e-06,DFE,,CH,,,N/A,,9879304.99,Derivative
2026-03-31,MORGAN STANLEY ABS CAPITAL I 2006-WMC2,MORGAN STANLEY CAPITAL INC MSAC 2006 WMC2 A2D,61749KAF0,498344.77,6.4382e-05,ABS-MBS,CORP,US,2036-07-25,4.29303,Long,,,Non-Agency MBS
2026-03-31,GNMA PASS THRU POOLS,GNMA II POOL 005255 G2 12/26 FIXED 3,36202FZU3,142625.47,1.8426e-05,ABS-MBS,USGSE,US,2026-12-20,3.0,Long,,,Agency MBS
2026-03-31,PROVIDUS CLO VII DAC 7A,PROVIDUS CLO PRVD 7A ARR 144A,ACI38JRZ3,2189518.95,0.000282867,ABS-CBDO,CORP,IE,2038-07-15,3.164,Long,,,ABS / CLO
2026-03-31,N/A,SOLD BRL BOUGHT USD 20260402,000000000,-65340.69,-8.441e-06,DFE,,BR,,,N/A,,3974809.0,Derivative
2026-03-31,FNMA PASS THRU POOLS,FNMA POOL MA1618 FN 10/43 FIXED 4,31418AYQ5,72798.91,9.405e-06,ABS-MBS,USGSE,US,2043-10-01,4.0,Long,,,Agency MBS
2026-03-31,GNMA PASS THRU POOLS,GNMA POOL 515985 GN 12/26 FIXED 3,36211LF23,22942.97,2.964e-06,ABS-MBS,USGSE,US,2026-12-15,3.0,Long,,,Agency MBS
2026-03-31,DELTA AIR LINES INC / SKYMILES IP LTD,DELTA AIR LINES/SKYMILES SR SECURED 144A 10/28 4.75,830867AB3,1831342.39,0.00023659400000000002,DBT,CORP,US,2028-10-20,4.75,Long,,,Credit & Loans
2026-03-31,N/A,SOLD EUR BOUGHT USD 20260402,000000000,1275650.82,0.000164803,DFE,,N/A,,,N/A,,60408368.14,Derivative
2026-03-31,N/A,BOUGHT INR SOLD USD 20260424,000000000,2869.53,3.7100000000000003e-07,DFE,,IN,,,N/A,,2922931.0,Derivative
2026-03-31,GNMA PASS THRU POOLS,GNMA POOL 783423 GN 09/26 FIXED 3,36241LYU4,18522.95,2.393e-06,ABS-MBS,USGSE,US,2026-09-15,3.0,Long,,,Agency MBS
2026-03-31,CROSS 2025-H9 MORTGAGE TRUST,CROSS MORTGAGE TRUST CROSS 2025 H9 A1 144A,227923AA7,2903106.11,0.000375056,ABS-MBS,CORP,US,2070-11-25,5.036,Long,,,Non-Agency MBS
2026-03-31,N/A,BOUGHT THB SOLD USD 20260420,000000000,-141.48,-1.8e-08,DFE,,TH,,,N/A,,3722.68,Derivative
2026-03-31,PACIFIC GAS AND ELECTRIC CO,PACIFIC GAS + ELECTRIC 1ST MORTGAGE 04/53 6.7,694308KK2,3729977.24,0.000481881,DBT,CORP,US,2053-04-01,6.7,Long,,,Credit & Loans
2026-03-31,N/A,BOUGHT CAD SOLD USD 20260504,000000000,-159.22,-2.1e-08,DFE,,CA,,,N/A,,52575.06,Derivative
2026-03-31,ATHENE GLOBAL FUNDING,ATHENE GLOBAL FUNDING SR SECURED 144A 03/27 5.516,04685A3T6,2016932.04,0.00026057,DBT,CORP,US,2027-03-25,5.516,Long,,,Credit & Loans
2026-03-31,INDIANA FINANCE AUTHORITY,INDIANA ST FIN AUTH UNIV HSG R INSHSG 07/53 FIXED 5.928,45471MAC0,7931209.6,0.00102464,DBT,MUN,US,2053-07-01,5.928,Long,,,Municipal / Other
2026-03-31,GNMA PASS THRU POOLS,GNMA POOL 738969 GN 11/26 FIXED 3,3620AS6E4,103293.27,1.3345e-05,ABS-MBS,USGSE,US,2026-11-15,3.0,Long,,,Agency MBS
2026-03-31,N/A,SOLD SEK BOUGHT USD 20260402,000000000,48319.26,6.242e-06,DFE,,SE,,,N/A,,2158886.36,Derivative
2026-03-31,NELNET STUDENT LOAN TRUST 2025-BA,NELNET STUDENT LOAN TRUST NSLT 2025 BA A1A 144A,64032BAA1,16146531.15,0.0020859900000000002,ABS-O,CORP,US,2055-05-17,4.84,Long,,,ABS / CLO
2026-03-31,FNMA PASS THRU POOLS,FNMA POOL FA1361 FN 04/55 FIXED VAR,3140W1QP1,392319.09,5.0684e-05,ABS-MBS,USGSE,US,2055-04-01,5.5,Long,,,Agency MBS
2026-03-31,HSBC HOLDINGS PLC,HSBC HOLDINGS PLC SR UNSECURED 03/30 VAR,404280ED7,4099410.2,0.000529608,DBT,CORP,GB,2030-03-04,5.546,Long,,,Credit & Loans
2026-03-31,ARGENT SECURITIES INC 2005-W5,ARGENT SECURITIES INC. ARSI 2005 W5 A2C,040104QN4,4100116.15,0.0005297,ABS-MBS,CORP,US,2036-01-25,4.25303,Long,,,Non-Agency MBS
2026-03-31,N/A,BOUGHT TWD SOLD USD 20260427,000000000,-7361.12,-9.51e-07,DFE,,TW,,,N/A,,2290000.0,Derivative
2026-03-31,WASHINGTON MUTUAL MTGE P/T 2005-AR1,WASHINGTON MUTUAL MORTGAGE PAS WMALT 2005 AR1 A1A,93934FHC9,4708044.79,0.000608239,ABS-MBS,CORP,US,2035-12-25,4.31303,Long,,,Non-Agency MBS
2026-03-31,N/A,SOLD COP BOUGHT USD 20260617,000000000,-3896.77,-5.03e-07,DFE,,CO,,,N/A,,1859485.68,Derivative
2026-03-31,LEHMAN XS TRUST 2006-18N,LEHMAN XS TRUST LXS 2006 18N A3,52522GAC8,1589950.63,0.00020540800000000002,ABS-MBS,CORP,US,2036-12-25,4.15303,Long,,,Non-Agency MBS
2026-03-31,SLM STUDENT LOAN TRUST 2005-A,SLM STUDENT LOAN TRUST SLMA 2005 A A4,78443CBV5,172714.07,2.2312999999999998e-05,ABS-O,CORP,US,2038-12-15,4.24562,Long,,,ABS / CLO
2026-03-31,NATIXIS COMMERCIAL MORTGAGE SECURITIES TRUST 2021-APPL,NATIXIS COMMERCIAL MORTGAGE SE NCMS 2021 APPL A 144A,63874AAA6,820479.53,0.00010599900000000001,ABS-MBS,CORP,US,2038-08-15,4.88748,Long,,,Non-Agency MBS
2026-03-31,FREDDIE MAC REMICS 4158,FREDDIE MAC FHR 4158 KZ,3137AXUV3,28.02,3.9999999999999994e-09,ABS-MBS,USGSE,US,2043-01-15,3.0,Long,,,Agency MBS
2026-03-31,N/A,BOUGHT EUR SOLD USD 20260402,000000000,113036.43,1.4603e-05,DFE,,N/A,,,N/A,,70501896.98,Derivative
2026-03-31,FREDDIE MAC 3545,FREDDIE MAC FHR 3545 AO,31398E3C6,6717.38,8.68e-07,ABS-MBS,USGSE,US,2039-06-15,0.0,Long,,,Agency MBS
2026-03-31,CSMC TRUST 2021-RPL4,CREDIT SUISSE MORTGAGE TRUST CSMC 2021 RPL4 A1 144A,12662GAC2,1598423.96,0.000206503,ABS-MBS,CORP,US,2060-12-27,4.15146,Long,,,Non-Agency MBS
2026-03-31,N/A,SOLD CAD BOUGHT USD 20260402,000000000,526174.29,6.7977e-05,DFE,,CA,,,N/A,,34462215.3,Derivative
2026-03-31,FNMA PASS THRU POOLS,FNMA POOL 735329 FN 11/33 FIXED VAR,31402Q4N8,12116.82,1.565e-06,ABS-MBS,USGSE,US,2033-11-01,5.5,Long,,,Agency MBS
2026-03-31,N/A,SOLD CHF BOUGHT USD 20260402,000000000,8077.78,1.044e-06,DFE,,CH,,,N/A,,847247.36,Derivative
2026-03-31,N/A,SOLD COP BOUGHT USD 20260617,000000000,-3805.1,-4.92e-07,DFE,,CO,,,N/A,,2548431.37,Derivative
2026-03-31,FNMA PASS THRU POOLS,FNMA POOL 888412 FN 04/37 FIXED VAR,31410GAM5,6481.88,8.37e-07,ABS-MBS,USGSE,US,2037-04-01,7.0,Long,,,Agency MBS
2026-03-31,CS FIRST BOSTON MORTGAGE SEC 2001-28,CREDIT SUISSE FIRST BOSTON MOR CSFB 2001 28 1A1,22540VKM3,12283.21,1.587e-06,ABS-MBS,CORP,US,2031-11-25,4.44303,Long,,,Non-Agency MBS
2026-03-31,N/A,BOUGHT TWD SOLD USD 20260427,000000000,-10053.93,-1.2990000000000002e-06,DFE,,TW,,,N/A,,3325699.0,Derivative
2026-03-31,BEAR STEARNS ABS INC 2004-HE10,BEAR STEARNS ASSET BACKED SECU BSABS 2004 HE10 M1,073879MR6,1244452.18,0.000160773,ABS-MBS,CORP,US,2034-12-25,4.76803,Long,,,Non-Agency MBS
2026-03-31,PK ALIFT LOAN FUNDING 6 LP 2025-1,PK ALIFT LOAN FUNDING PKAIR 2025 1 A 144A,69291YAA6,4730022.97,0.0006110779999999999,ABS-O,CORP,US,2042-11-15,5.365,Long,,,ABS / CLO
2026-03-31,FHLMC PASS THRU POOLS,FED HM LN PC POOL SD5067 FR 03/54 FIXED 5.5,3132DSTY8,7763.34,1.003e-06,ABS-MBS,USGSE,US,2054-03-01,5.5,Long,,,Agency MBS
2026-03-31,FNMA PASS THRU POOLS,FNMA POOL FA4874 FN 02/56 FIXED VAR,3140W5MY7,27685679.14,0.00357675,ABS-MBS,USGSE,US,2056-02-01,5.5,Long,,,Agency MBS
2026-03-31,FNMA PASS THRU POOLS,FNMA POOL FA1633 FN 12/54 FIXED VAR,3140W1Y72,37855558.26,0.00489061,ABS-MBS,USGSE,US,2054-12-01,5.5,Long,,,Agency MBS
2026-03-31,ING GROEP NV,ING GROEP NV,456837AZ6,521781.18,6.741e-05,DBT,CORP,NL,2031-05-16,4.25,Long,,,Credit & Loans
2026-03-31,COBANK ACB (AKA: COBANK AB),COBANK ACB JR SUBORDINA 12/99 VAR,19075QAD4,1673123.0,0.00021615300000000002,EP,NUSS,US,,,Long,,,Government Related
2026-03-31,SECURITIZED ASSET BACKED RECEIVABLES LLC 2006-WM1,SECURITIZED ASSET BACKED RECEI SABR 2006 WM1 A2C,81375WKD7,1028117.12,0.000132824,ABS-MBS,CORP,US,2035-12-25,4.37303,Long,,,Non-Agency MBS
2026-03-31,MORGAN STANLEY ABS CAPITAL I 2006-HE8,MORGAN STANLEY CAPITAL INC MSAC 2006 HE8 A2FP,61750SAB8,28534.05,3.686e-06,ABS-MBS,CORP,US,2036-10-25,3.86303,Long,,,Non-Agency MBS
2026-03-31,PRUDENTIAL FINANCIAL INC,PRUDENTIAL FINANCIAL INC JR SUBORDINA 03/54 VAR,744320BP6,2869350.4,0.000370695,DBT,CORP,US,2054-03-15,6.5,Long,,,Credit & Loans
2026-03-31,ELECTRICITE DE FRANCE SA (EDF),ELECTRICITE DE FRANCE SA SR UNSECURED 144A 04/64 6,268317BB9,3811521.36,0.0004924160000000001,DBT,CORP,FR,2064-04-22,6.0,Long,,,Credit & Loans
2026-03-31,FAIR OAKS LOAN FUNDING V DAC 5A,FAIR OAKS LOAN FUNDING FOAKS 5A AR 144A,ACI384R29,1155200.75,0.000149242,ABS-CBDO,CORP,IE,2036-10-15,3.268,Long,,,ABS / CLO
2026-03-31,COUNTRYWIDE ALTERNATIVE LN TR 2005-85CB,COUNTRYWIDE ALTERNATIVE LOAN T CWALT 2005 85CB 2A1,12668BEF6,879321.39,0.000113601,ABS-MBS,CORP,US,2036-02-25,5.5,Long,,,Non-Agency MBS
2026-03-31,N/A,SOLD TRY BOUGHT USD 20260428,000000000,-30446.22,-3.933e-06,DFE,,TR,,,N/A,,2335967.0,Derivative
2026-03-31,CARRINGTON MTGE LOAN TRUST 2007-FRE1,CARRINGTON MORTGAGE LOAN TRUST CARR 2007 FRE1 A3,144527AC2,3082428.65,0.00039822299999999996,ABS-MBS,CORP,US,2037-02-25,4.05303,Long,,,Non-Agency MBS
2026-03-31,CHARTER COMMUNICATIONS OPERATING LLC/CHARTER COMMUNICATIONS OPERATING CAPITAL,CHARTER COMM OPT LLC/CAP SR SECURED 10/35 6.384,161175AZ7,2235566.78,0.000288816,DBT,CORP,US,2035-10-23,6.384,Long,,,Credit & Loans
2026-03-31,GOLDEN STATE TOBACCO SECURITIZATION,GOLDEN ST TOBACCO SECURITIZATI GLDGEN 06/41 FIXED 3.714,38122ND58,6829295.3,0.000882286,DBT,MUN,US,2041-06-01,3.714,Long,,,Municipal / Other
2026-03-31,N/A,BOUGHT TWD SOLD USD 20260413,000000000,-4053.07,-5.24e-07,DFE,,TW,,,N/A,,880000.0,Derivative
2026-03-31,ONCOR ELECTRIC DELIVERY COMPANY LLC,ONCOR ELECTRIC SERIES H 5.15,955TTGII8,12131685.84,0.0015673100000000001,DBT,CORP,US,2029-05-01,5.15,Long,,,Credit & Loans
2026-03-31,GNMA PASS THRU POOLS,GNMA II POOL 004709 G2 06/40 FIXED 4.5,36202FGS9,197438.73,2.5506999999999998e-05,ABS-MBS,USGSE,US,2040-06-20,4.5,Long,,,Agency MBS
2026-03-31,NOMURA HOLDINGS INC,NOMURA HOLDINGS INC SR UNSECURED 07/26 1.653,65535HAW9,2978377.44,0.000384781,DBT,CORP,JP,2026-07-14,1.653,Long,,,Credit & Loans
2026-03-31,STRUCTURED ASSET SECUR CORP 2005-WF4,STRUCTURED ASSET SECURITIES CO SASC 2005 WF3 M5,86359DLQ8,3004851.3,0.000388201,ABS-MBS,CORP,US,2035-07-25,4.82803,Long,,,Non-Agency MBS
2026-03-31,JP MORGAN CHASE COMMERCIAL MORTGAGE SECURITIES CORP 2020-NNN,JP MORGAN CHASE COMMERCIAL MOR JPMCC 2020 NNN AFX 144A,46652BAY5,90497.15,1.1691e-05,ABS-MBS,CORP,US,2037-01-16,2.8123,Long,,,Non-Agency MBS
2026-03-31,DEUTSCHE ALT-A SECURITIES INC 2007-AR1,DEUTSCHE ALT A SECURITIES INC DBALT 2007 AR1 A5,25151RAG9,2837819.21,0.000366622,ABS-MBS,CORP,US,2047-01-25,4.27303,Long,,,Non-Agency MBS
2026-03-31,N/A,SOLD SEK BOUGHT USD 20260402,000000000,8047.0,1.04e-06,DFE,,SE,,,N/A,,1129351.79,Derivative
2026-03-31,FNMA PASS THRU POOLS,FNMA POOL BZ4074 FN 04/32 FIXED 5.33,3140NYQ46,1227174.15,0.00015854,ABS-MBS,USGSE,US,2032-04-01,5.33,Long,,,Agency MBS
2026-03-31,ASSET BACKED SEC HOME EQTY LN 2004-HE2,ASSET BACKED SECURITIES CORP H ABSHE 2004 HE2 M1,04541GHW5,588740.9,7.606e-05,ABS-MBS,CORP,US,2034-04-25,4.61803,Long,,,Non-Agency MBS
2026-03-31,N/A,RFR USD SOFR/3.42145 07/06/26-4Y* LCH,000000000,51785.36,6.69e-06,DIR,,US,,,N/A,8300000.0,,Derivative
2026-03-31,BANCO SANTANDER SA,BANCO SANTANDER SA 01/35 6.033,05964HBK0,3346546.75,0.000432345,DBT,CORP,ES,2035-01-17,6.033,Long,,,Credit & Loans
2026-03-31,MEXICO GOVT,UNITED MEXICAN STATES SR UNSECURED 05/37 6.875,91087BBC3,6825000.0,0.0008817310000000001,DBT,NUSS,MX,2037-05-13,6.875,Long,,,Government Related
2026-03-31,N/A,BOUGHT JPY SOLD USD 20260402,000000000,-3166.18,-4.0899999999999997e-07,DFE,,JP,,,N/A,,2134794.04,Derivative
2026-03-31,BANK OF AMERICA CORPORATION,BANK OF AMERICA CORP SR UNSECURED 07/28 VAR,06051GKW8,4026728.76,0.000520219,DBT,CORP,US,2028-07-22,4.948,Long,,,Credit & Loans
2026-03-31,LPL HOLDINGS INC,LPL HOLDINGS INC COMPANY GUAR 06/35 5.75,50212YAQ7,896866.16,0.00011586700000000001,DBT,CORP,US,2035-06-15,5.75,Long,,,Credit & Loans
2026-03-31,N/A,SOLD KRW BOUGHT USD 20260413,000000000,11068.78,1.43e-06,DFE,,KR,,,N/A,,620000.0,Derivative
2026-03-31,FNMA PASS THRU POOLS,FNMA POOL 929863 FN 08/38 FIXED 5.5,31412NB88,11683.34,1.509e-06,ABS-MBS,USGSE,US,2038-08-01,5.5,Long,,,Agency MBS
2026-03-31,CARRINGTON MTGE LOAN TRUST 2006-FRE2,CARRINGTON MORTGAGE LOAN TRUST CARR 2006 FRE2 A3,14454AAC3,1673407.06,0.00021619,ABS-MBS,CORP,US,2036-10-25,3.95303,Long,,,Non-Agency MBS
2026-03-31,N/A,SOLD SGD BOUGHT USD 20260504,000000000,1643.81,2.12e-07,DFE,,SG,,,N/A,,293269.14,Derivative
2026-03-31,UPGRADE AUTO RECEIVABLES TRUST 25-1A,UPGRADE AUTO RECEIVABLES TRUST UPGA 2025 1A A4 144A,91531AAD6,5256783.27,0.000679131,ABS-O,CORP,US,2031-10-15,4.59,Long,,,ABS / CLO
2026-03-31,COUNTRYWIDE ASSET BACKED CERTS 2006-20,COUNTRYWIDE ASSET BACKED CERTI CWL 2006 20 2A4,12667HAE1,5357999.43,0.0006922069999999999,ABS-MBS,CORP,US,2047-04-25,4.25303,Long,,,Non-Agency MBS
2026-03-31,MORGAN STANLEY,MORGAN STANLEY SR UNSECURED REGS 04/32 VAR,U6S771NR6,6706474.74,0.0008664189999999999,DBT,CORP,US,2032-04-02,0.0,Long,,,Credit & Loans
2026-03-31,LUX 2023-LION,LUX 2023 LION LUX 2023 LION A 144A,55067LAA5,3219831.04,0.000415974,ABS-MBS,CORP,US,2040-08-15,6.36278,Long,,,Non-Agency MBS
2026-03-31,VICI PROPERTIES LP,VICI PROPERTIES LP SR UNSECURED 04/34 5.75,925650AF0,2826967.58,0.00036522,DBT,CORP,US,2034-04-01,5.75,Long,,,Credit & Loans
2026-03-31,N/A,BOUGHT INR SOLD USD 20260424,000000000,-37260.78,-4.814e-06,DFE,,IN,,,N/A,,3085822.0,Derivative
2026-03-31,CAPITAL POWER (US HOLDINGS) INC,CAPITAL POWER US HOLDING COMPANY GUAR 144A 06/28 5.257,14041TAA6,1710384.6,0.000220967,DBT,CORP,US,2028-06-01,5.257,Long,,,Credit & Loans
2026-03-31,GOLDEN STATE TOBACCO SECURITIZATION,GOLDEN ST TOBACCO SECURITIZATI GLDGEN 06/50 FIXED 4.214,38122ND66,5346546.57,0.000690728,DBT,MUN,US,2050-06-01,4.214,Long,,,Municipal / Other
2026-03-31,STARWOOD MORTGAGE RESIDENTIAL TRUST 2020-INV1,STARWOOD MORTGAGE RESIDENTIAL STAR 2020 INV1 A2 144A,85573EAB3,182845.81,2.3622000000000002e-05,ABS-MBS,CORP,US,2055-11-25,1.439,Long,,,Non-Agency MBS
2026-03-31,BLUE OWL FINANCE LLC,BLUE OWL FINANCE LLC COMPANY GUAR 04/34 6.25,09581JAT3,3751735.57,0.00048469199999999995,DBT,CORP,US,2034-04-18,6.25,Long,,,Credit & Loans
2026-03-31,QUERCUS II RE DESIGNATED ACTIVITY COMPANY,QUERCUS II RE DAC UNSECURED 144A 01/31 VAR,ACI37KKF2,346720.39,4.4793e-05,DBT,CORP,IE,2031-01-07,13.075,Long,,,Credit & Loans
2026-03-31,N/A,IRS AUD 4.00000 12/17/25-10Y LCH,000000000,-7481618.47,-0.0009665609999999999,DIR,,AU,,,N/A,134400000.0,,Derivative
2026-03-31,CITIGROUP MORTGAGE LOAN TRUST INC 2007-AMC3,CITIGROUP MORTGAGE LOAN TRUST CMLTI 2007 AMC3 A1 144A,17312EAA4,162147.19,2.0948e-05,ABS-MBS,CORP,US,2037-03-25,4.05303,Long,,,Non-Agency MBS
2026-03-31,NEW CENTURY HOME EQUITY LOAN TR 2004-2,NEW CENTURY HOME EQUITY LOAN T NCHET 2004 2 M1,64352VGA3,567684.78,7.334e-05,ABS-MBS,CORP,US,2034-08-25,4.67803,Long,,,Non-Agency MBS
2026-03-31,FNMA PASS THRU POOLS,FNMA POOL 889388 FN 03/38 FIXED VAR,31410KCZ5,18173.31,2.348e-06,ABS-MBS,USGSE,US,2038-03-01,7.0,Long,,,Agency MBS
2026-03-31,FHLMC PASS THRU POOLS,FED HM LN PC POOL N31490 FG 01/38 FIXED 5,31281BUP3,27944.99,3.6099999999999997e-06,ABS-MBS,USGSE,US,2038-01-01,5.0,Long,,,Agency MBS
2026-03-31,N/A,SOLD PLN BOUGHT USD 20260415,000000000,4679.12,6.05e-07,DFE,,PL,,,N/A,,1940041.0,Derivative
2026-03-31,DOCTORS CO/THE,DOCTORS CO INTERINSURANC SUBORDINATED 144A 01/32 4.5,256141AB8,7700959.05,0.0009948980000000001,DBT,CORP,US,2032-01-18,4.5,Long,,,Credit & Loans
2026-03-31,N/A,SOLD JPY BOUGHT USD 20260507,000000000,-2603.55,-3.36e-07,DFE,,JP,,,N/A,,430208.0,Derivative
2026-03-31,N/A,BOUGHT CNH SOLD USD 20260402,000000000,-50286.79,-6.497e-06,DFE,,CN,,,N/A,,9551009.44,Derivative
2026-03-31,N/A,BOUGHT IDR SOLD USD 20260413,000000000,-12136.65,-1.5679999999999999e-06,DFE,,ID,,,N/A,,2435524.0,Derivative
2026-03-31,N/A,BOUGHT NOK SOLD USD 20260504,000000000,441.81,5.6999999999999994e-08,DFE,,NO,,,N/A,,41990.21,Derivative
2026-03-31,FHLMC PASS THRU POOLS,FED HM LN PC POOL A92415 FG 06/40 FIXED 4.5,312940VG1,72464.22,9.362e-06,ABS-MBS,USGSE,US,2040-06-01,4.5,Long,,,Agency MBS
2026-03-31,N/A,SOLD INR BOUGHT USD 20260407,000000000,15340.41,1.982e-06,DFE,,IN,,,N/A,,417698.06,Derivative
2026-03-31,STARWOOD MORTGAGE RESIDENTIAL TRUST 2020-INV1,STARWOOD MORTGAGE RESIDENTIAL STAR 2020 INV1 A3 144A,85573EAC1,236276.98,3.0525e-05,ABS-MBS,CORP,US,2055-11-25,1.593,Long,,,Non-Agency MBS
2026-03-31,UBS GROUP AG,UBS GROUP AG SR UNSECURED 144A 09/34 VAR,225401BG2,16909918.87,0.00218462,DBT,CORP,CH,2034-09-22,6.301,Long,,,Credit & Loans
2026-03-31,UPGRADE AUTO RECEIVABLES TRUST 25-1A,UPGRADE AUTO RECEIVABLES TRUST UPGA 2025 1A A3 144A,91531AAC8,8585719.7,0.0011092,ABS-O,CORP,US,2031-01-15,4.6,Long,,,ABS / CLO
2026-03-31,PETROLEOS MEXICANOS (PEMEX),PETROLEOS MEXICANOS COMPANY GUAR 02/32 6.7,71643VAB1,4505747.29,0.0005821040000000001,DBT,CORP,MX,2032-02-16,6.7,Long,,,Credit & Loans
2026-03-31,N/A,SOLD GBP BOUGHT USD 20260402,000000000,185670.45,2.3987000000000003e-05,DFE,,GB,,,N/A,,15341099.53,Derivative
2026-03-31,UMBS PASS THRU POOLS,FNMA TBA 30 YR 5.5 SINGLE FAMILY MORTGAGE,01F052649,-126600032.16,-0.016355599999999998,ABS-MBS,USGSE,US,2056-04-13,5.5,Short,,,Agency MBS
2026-03-31,WINDMILL III RE DESIGNATED ACTIVITY COMPANY,WINDMILL III RE DAC UNSECURED 144A 07/28 VAR,ACI2PJTV3,299394.1,3.8679e-05,DBT,CORP,IE,2028-07-05,7.236,Long,,,Credit & Loans
2026-03-31,N/A,BOUGHT INR SOLD USD 20260424,000000000,22253.29,2.875e-06,DFE,,IN,,,N/A,,4629173.0,Derivative
2026-03-31,FHLMC PASS THRU POOLS,FED HM LN PC POOL C91223 FG 12/28 FIXED 5.5,3128P7LC5,120.87,1.5999999999999998e-08,ABS-MBS,USGSE,US,2028-12-01,5.5,Long,,,Agency MBS
2026-03-31,NAVIENT PRIVATE EDUCATION REFI LOAN TRUST 2023-BA,NAVIENT STUDENT LOAN TRUST NAVSL 2023 BA B 144A,63942TAC9,1727378.88,0.000223162,ABS-O,CORP,US,2072-03-15,7.23,Long,,,ABS / CLO
2026-03-31,SOUNDVIEW HOME EQUITY LOAN TR 2007-OPT2,SOUNDVIEW HOME EQUITY LOAN TRU SVHE 2007 OPT2 2A4,83613DAE6,2464312.9,0.00031836799999999997,ABS-MBS,CORP,US,2037-07-25,4.04303,Long,,,Non-Agency MBS
2026-03-31,ICG EURO CLO 2023-2 DAC 23-2A,ICG EURO CLO ICGE 2023 2A A1R 144A,ACI38GWX8,1155611.42,0.000149295,ABS-CBDO,CORP,IE,2038-01-26,3.32,Long,,,ABS / CLO
2026-03-31,TIME WARNER CABLE LLC,TIME WARNER CABLE LLC SR SECURED 07/38 7.3,88732JAN8,2617767.33,0.000338193,DBT,CORP,US,2038-07-01,7.3,Long,,,Credit & Loans
2026-03-31,GA GLOBAL FUNDING TRUST,GA GLOBAL FUNDING TRUST SR SECURED 144A 01/29 5.5,36143L2L8,3037678.59,0.000392442,DBT,CORP,US,2029-01-08,5.5,Long,,,Credit & Loans
2026-03-31,FHLMC PASS THRU POOLS,FED HM LN PC POOL QH6111 FR 12/53 FIXED 6.5,3133CJYG0,3187817.45,0.000411839,ABS-MBS,USGSE,US,2053-12-01,6.5,Long,,,Agency MBS
2026-03-31,NEUBERGER BERMAN LOAN ADVISERS LASALLE STREET LENDING CLO I LTD 2023-1A,NEUBERGER BERMAN LOAN ADVISERS NEUBL 2023 1A A1R 144A,640977AN4,6500817.12,0.0008398500000000001,ABS-CBDO,CORP,JE,2036-10-25,4.91802,Long,,,ABS / CLO
2026-03-31,FHLMC PASS THRU POOLS,FED HM LN PC POOL Q22511 FG 10/43 FIXED 4.5,3132JPYG1,256594.2,3.315e-05,ABS-MBS,USGSE,US,2043-10-01,4.5,Long,,,Agency MBS
2026-03-31,FIRST FRANKLIN MTG LOAN 2006-FF18,FIRST FRANKLIN MTG LOAN ASSET FFML 2006 FF18 A1,32029AAA5,1555928.55,0.000201013,ABS-MBS,CORP,US,2037-12-25,4.01303,Long,,,Non-Agency MBS
2026-03-31,OCEAN TRAILS CLO X 2020-10A,OCEAN TRAILS CLO OCTR 2020 10A AR2 144A,67516CAW9,2002337.5,0.000258685,ABS-CBDO,CORP,KY,2034-10-15,4.97219,Long,,,ABS / CLO
2026-03-31,N/A,VALEO SA SNR SE ICE,000000000,11375.05,1.47e-06,DCR,,FR,,,N/A,2500000.0,,Derivative
2026-03-31,BEAR STEARNS ALT-A TRUST 2004-3,BEAR STEARNS ALT A TRUST BALTA 2004 3 A1,07386HGG0,3652.92,4.7200000000000004e-07,ABS-MBS,CORP,US,2034-04-25,4.43303,Long,,,Non-Agency MBS
2026-03-31,FHLMC PASS THRU POOLS,FED HM LN PC POOL C91128 FG 12/27 FIXED 5.5,3128P7HD8,2884.86,3.7299999999999997e-07,ABS-MBS,USGSE,US,2027-12-01,5.5,Long,,,Agency MBS
2026-03-31,CREDIT SUISSE GROUP AG,CS AT1 CLAIMS USH3698DBW32 CREDIT SUISSE GROUP AG,952NPG907,70000.0,9.043e-06,DBT,CORP,US,2060-12-31,0.0,Long,,,Credit & Loans
2026-03-31,VICI PROPERTIES LP / VICI NOTE CO INC,VICI PROPERTIES / NOTE COMPANY GUAR 144A 02/27 5.75,92564RAJ4,281658.28,3.6388000000000005e-05,DBT,CORP,US,2027-02-01,5.75,Long,,,Credit & Loans
2026-03-31,FHLMC PASS THRU POOLS,FED HM LN PC POOL SD8431 FR 05/54 FIXED 5.5,3132DWLL5,81948340.39,0.010587,ABS-MBS,USGSE,US,2054-05-01,5.5,Long,,,Agency MBS
2026-03-31,SOUTHERN CALIFORNIA GAS COMPANY,SOUTHERN CALIF GAS CO 1ST MORTGAGE 02/30 2.55,842434CU4,1592632.73,0.000205754,DBT,CORP,US,2030-02-01,2.55,Long,,,Credit & Loans
2026-03-31,JP MORGAN MTGE ACQUIS CORP 2006-FRE1,JP MORGAN MORTGAGE ACQUISITION JPMAC 2006 FRE1 M1,46626LFN5,516444.74,6.672e-05,ABS-MBS,CORP,US,2035-05-25,4.37803,Long,,,Non-Agency MBS
2026-03-31,UNITED STATES GOVT,US TREASURY N/B 02/36 4.125,91282CPZ8,22642421.76,0.0029252099999999997,DBT,UST,US,2036-02-15,4.125,Long,,,Government Related
2026-03-31,RESIDENTIAL ACCREDIT LOANS INC 2006-QS17,"RESIDENTIAL ACCREDIT LOANS, IN RALI 2006 QS17 A4",74922SAD0,694620.72,8.9739e-05,ABS-MBS,CORP,US,2036-12-25,6.0,Long,,,Non-Agency MBS
2026-03-31,CAPE LOOKOUT RE LTD,CAPE LOOKOUT RE LTD UNSECURED 144A 03/33 VAR,13947LAH5,300000.0,3.8757e-05,DBT,CORP,BM,2033-03-21,8.76,Long,,,Credit & Loans
2026-03-31,BENCHMARK 2025-V19 MORTGAGE TRUST,BENCHMARK MORTGAGE TRUST BMARK 2025 V19 A3,08164DAB2,6635570.5,0.000857259,ABS-MBS,CORP,US,2058-01-15,5.249,Long,,,Non-Agency MBS
2026-03-31,ALT-2 STRUCTURED TRUST,CASTLELAKE LP FIRST LIEN TERM LOAN,937CJTII1,3682877.48,0.000475796,LON,CORP,US,2031-05-12,2.95,Long,,,Credit & Loans
2026-03-31,GNMA PASS THRU POOLS,GNMA II POOL 004554 G2 10/39 FIXED 5,36202FBX3,29366.43,3.794e-06,ABS-MBS,USGSE,US,2039-10-20,5.0,Long,,,Agency MBS
2026-03-31,N/A,SOLD AUD BOUGHT USD 20260402,000000000,25790.68,3.332e-06,DFE,,AU,,,N/A,,2348163.0,Derivative
2026-03-31,PACIFIC GAS AND ELECTRIC CO,PACIFIC GAS + ELECTRIC 1ST MORTGAGE 02/31 2.5,694308JG3,3541098.69,0.000457479,DBT,CORP,US,2031-02-01,2.5,Long,,,Credit & Loans
2026-03-31,FNMA PASS THRU POOLS,FNMA POOL BE7191 FN 03/47 FIXED 4,3140FS7D9,1141561.24,0.00014748000000000002,ABS-MBS,USGSE,US,2047-03-01,4.0,Long,,,Agency MBS
2026-03-31,GA GLOBAL FUNDING TRUST,GA GLOBAL FUNDING TRUST SECURED 144A 09/30 4.5,36143L2V6,4576596.45,0.000591257,DBT,CORP,US,2030-09-18,4.5,Long,,,Credit & Loans
2026-03-31,BAYER US FINANCE LLC,BAYER US FINANCE LLC COMPANY GUAR 144A 11/30 6.375,07274EAK9,1262275.56,0.000163075,DBT,CORP,US,2030-11-21,6.375,Long,,,Credit & Loans
2026-03-31,FNMA PASS THRU POOLS,FNMA POOL AV5397 FN 12/28 FIXED 4,3138XG7K3,82851.56,1.0704e-05,ABS-MBS,USGSE,US,2028-12-01,4.0,Long,,,Agency MBS
2026-03-31,CAIXABANK SA (AKA: LA CAIXA),CAIXABANK SA SR UNSECURED 144A 03/30 VAR,12803RAG9,5138315.2,0.000663826,DBT,CORP,ES,2030-03-15,5.673,Long,,,Credit & Loans
2026-03-31,N/A,BOUGHT MXN SOLD USD 20260610,000000000,-1748.27,-2.26e-07,DFE,,MX,,,N/A,,1247688.07,Derivative
2026-03-31,BARCLAYS PLC,BARCLAYS PLC SR UNSECURED 02/36 VAR,06738ECZ6,2832402.89,0.00036592199999999997,DBT,CORP,GB,2036-02-25,5.785,Long,,,Credit & Loans
2026-03-31,SLAM 2024-1A LTD,SLAM LLC SLAM 2024 1A A 144A,83100AAA0,2613454.05,0.000337636,ABS-O,CORP,US,2049-09-15,5.335,Long,,,ABS / CLO
2026-03-31,FNMA PASS THRU POOLS,FNMA POOL MA5388 FN 06/54 FIXED 5.5,31418E7A2,105504384.59,0.0136303,ABS-MBS,USGSE,US,2054-06-01,5.5,Long,,,Agency MBS
2026-03-31,TOBACCO SETTLEMENT FINANCE AUTHORITY,TOBACCO SETTLEMENT FIN AUTH WV TOBGEN 06/49 FIXED 4.875,88880LAW3,3244058.44,0.000419104,DBT,MUN,US,2049-06-01,4.875,Long,,,Municipal / Other
2026-03-31,FNMA PASS THRU POOLS,FNMA POOL AD0070 FN 12/37 FIXED VAR,31418MCG5,2155.32,2.7800000000000003e-07,ABS-MBS,USGSE,US,2037-12-01,6.5,Long,,,Agency MBS
2026-03-31,ASSET BACKED FUNDING CERT 2006-OPT2,ASSET BACKED FUNDING CERTIFICA ABFC 2006 OPT2 A2,00075XAB3,837859.21,0.000108244,ABS-MBS,CORP,US,2036-10-25,4.07303,Long,,,Non-Agency MBS
2026-03-31,GNMA PASS THRU POOLS,GNMA II POOL 004364 G2 02/39 FIXED 6,36202EZ51,29284.22,3.7829999999999996e-06,ABS-MBS,USGSE,US,2039-02-20,6.0,Long,,,Agency MBS
2026-03-31,SAXON ASSET SECURITIES TRUST 2005-1,SAXON ASSET SECURITIES TRUST SAST 2005 1 M3,805564RP8,494951.75,6.3944e-05,ABS-MBS,CORP,US,2035-05-25,4.57303,Long,,,Non-Agency MBS
2026-03-31,TORO EUROPEAN CLO 3 DAC 3A,TORO EUROPEAN CLO TCLO 3A ARRE 144A,ACI37Y6D3,1155720.19,0.000149309,ABS-CBDO,CORP,IE,2034-07-15,3.006,Long,,,ABS / CLO
2026-03-31,ACRES COMMERCIAL REALTY LTD 2025-FL3,ACRES PLC ACRES 2025 FL3 A 144A,00501DAA3,7928379.17,0.00102428,ABS-MBS,CORP,KY,2040-08-18,5.29856,Long,,,Non-Agency MBS
2026-03-31,ONEMAIN FINANCIAL ISSUANCE TRUST 2023-2A,ONEMAIN FINANCIAL ISSUANCE TRU OMFIT 2023 2A A1 144A,68269HAA3,10349379.0,0.00133705,ABS-O,CORP,US,2036-09-15,5.84,Long,,,ABS / CLO
2026-03-31,SLM STUDENT LOAN TRUST 2008-7,SLM STUDENT LOAN TRUST SLMA 2008 7 A4,78445FAD7,1507315.33,0.000194732,ABS-O,CORP,US,2049-07-25,5.04862,Long,,,ABS / CLO
2026-03-31,PAGAYA AI DEBT TRUST 2025-1,PAGAYA AI DEBT SELECTION TRUST PAID 2025 1 A2 144A,69544NAB3,674066.21,8.7084e-05,ABS-O,CORP,US,2032-07-15,5.156,Long,,,ABS / CLO
2026-03-31,ARES CAPITAL CORPORATION,ARES CAPITAL CORP SR UNSECURED 03/29 5.875,04010LBF9,3021908.07,0.000390404,DBT,CORP,US,2029-03-01,5.875,Long,,,Credit & Loans
2026-03-31,BGC GROUP INC,BGC GROUP INC SR UNSECURED 04/30 6.15,05555LAD3,7110220.15,0.0009185790000000001,DBT,CORP,US,2030-04-02,6.15,Long,,,Credit & Loans
2026-03-31,EL PASO NATURAL GAS COMPANY LLC,EL PASO NATURAL GAS COMPANY GUAR 144A 02/32 3.5,283695BQ6,1751337.54,0.00022625800000000001,DBT,CORP,US,2032-02-15,3.5,Long,,,Credit & Loans
2026-03-31,NETAPP INC,NETAPP INC SR UNSECURED 03/32 5.5,64110DAM6,1024193.18,0.00013231700000000001,DBT,CORP,US,2032-03-17,5.5,Long,,,Credit & Loans
2026-03-31,HARBORVIEW MORTGAGE LOAN TR 2006-12,HARBORVIEW MORTGAGE LOAN TRUST HVMLT 2006 12 1A1A,41162DAA7,1645705.7,0.00021261100000000003,ABS-MBS,CORP,US,2036-12-19,4.2012,Long,,,Non-Agency MBS
2026-03-31,AERCAP IRELAND CAPITAL DAC / AERCAP GLOBAL AVIATION TRUST,AERCAP IRELAND CAP/GLOBA COMPANY GUAR 01/29 5.1,00774MBJ3,2735919.75,0.000353457,DBT,CORP,IE,2029-01-19,5.1,Long,,,Credit & Loans
2026-03-31,LAZARD GROUP LLC,LAZARD GROUP LLC SR UNSECURED 03/31 6,52107QAL9,7223058.9,0.000933157,DBT,CORP,US,2031-03-15,6.0,Long,,,Credit & Loans
2026-03-31,FHLMC PASS THRU POOLS,FED HM LN PC POOL SL0874 FR 03/55 FIXED 6,31427M6L0,8980560.96,0.00116021,ABS-MBS,USGSE,US,2055-03-01,6.0,Long,,,Agency MBS
2026-03-31,FREDDIE MAC-3891,FREDDIE MAC FHR 3891 ZD,3137ADWV5,85969.87,1.1107e-05,ABS-MBS,USGSE,US,2041-07-15,5.0,Long,,,Agency MBS
2026-03-31,AMERICAN AIRLINES 2015-1 CLASS A PASS THROUGH TRUST,AMER AIRLN 15 1 A PTT PASS THRU CE 11/28 3.375,023770AA8,6346159.42,0.000819869,DBT,CORP,US,2028-11-01,3.375,Long,,,Credit & Loans
2026-03-31,ANCHORAGE CREDIT FUNDING LTD 2026-20A,ANCHORAGE CREDIT FUNDING LTD. ANCHF 2026 20A A 144A,03333NAA9,8400000.0,0.00108521,ABS-CBDO,CORP,KY,2042-04-25,4.896,Long,,,ABS / CLO
2026-03-31,FNMA PASS THRU POOLS,FNMA POOL 462402 FN 12/28 FLOATING VAR,31381JU34,73006.45,9.432e-06,ABS-MBS,USGSE,US,2028-12-01,5.508,Long,,,Agency MBS
2026-03-31,N/A,SOLD PEN BOUGHT USD 20260410,000000000,26279.93,3.395e-06,DFE,,PE,,,N/A,,6691111.09,Derivative
2026-03-31,WABTEC CORP (AKA: WESTINGHOUSE AIR BRAKE TECHNOLOGIES CORP),WESTINGHOUSE AIR BRAKE COMPANY GUAR 09/28 4.7,960386AM2,3390467.72,0.000438019,DBT,CORP,US,2028-09-15,4.7,Long,,,Credit & Loans
2026-03-31,WELLS FARGO HOME EQUITY TRUST 2005-1,WELLS FARGO HOME EQUITY TRUST WFHET 2005 1 M9,9497ERAJ3,134116.54,1.7327e-05,ABS-MBS,CORP,US,2035-04-25,6.34303,Long,,,Non-Agency MBS
2026-03-31,PACIFIC GAS AND ELECTRIC CO,PACIFIC GAS + ELECTRIC 1ST MORTGAGE 03/34 6.95,694308KP1,3286789.05,0.000424625,DBT,CORP,US,2034-03-15,6.95,Long,,,Credit & Loans
2026-03-31,MORGAN STANLEY ABS CAPITAL I 2005-WMC1,MORGAN STANLEY CAPITAL INC MSAC 2005 WMC1 M3,61744CLW4,59991.26,7.75e-06,ABS-MBS,CORP,US,2035-01-25,4.57303,Long,,,Non-Agency MBS
2026-03-31,FREDDIE MAC REMICS 5051,FREDDIE MAC FHR 5051 SX,3137F83L5,566501.32,7.3187e-05,ABS-MBS,USGSE,US,2048-11-15,0.57777,Long,,,Agency MBS
2026-03-31,MILL CITY MORTGAGE LOAN TRUST 2019-GS1,MILL CITY MORTGAGE TRUST MCMLT 2019 GS1 A1 144A,59981BAC8,917212.22,0.000118496,ABS-MBS,CORP,US,2059-07-25,2.75,Long,,,Non-Agency MBS
2026-03-31,BEIGNET INVESTOR LLC,BEIGNET INVESTOR LLC SR SECURED 144A 05/49 6.581,076912AA2,84475189.95,0.0109135,DBT,CORP,US,2049-05-30,6.581,Long,,,Credit & Loans
2026-03-31,FNMA PASS THRU POOLS,FNMA POOL AD8319 FN 07/40 FIXED 4.5,31418WG53,184045.02,2.3777e-05,ABS-MBS,USGSE,US,2040-07-01,4.5,Long,,,Agency MBS
2026-03-31,FNMA PASS THRU POOLS,FNMA POOL 255966 FN 10/35 FIXED 5.5,31371MJK4,281.13,3.6e-08,ABS-MBS,USGSE,US,2035-10-01,5.5,Long,,,Agency MBS
2026-03-31,BANCO SANTANDER SA,BANCO SANTANDER SA SR UNSECURED 03/31 2.958,05964HAM7,2018460.95,0.000260768,DBT,CORP,ES,2031-03-25,2.958,Long,,,Credit & Loans
2026-03-31,N/A,BOUGHT AUD SOLD USD 20260402,000000000,-15953.35,-2.061e-06,DFE,,AU,,,N/A,,3591965.16,Derivative
2026-03-31,N/A,BOUGHT PLN SOLD USD 20260415,000000000,-30979.38,-4.002e-06,DFE,,PL,,,N/A,,1111462.0,Derivative
2026-03-31,N/A,RFR USD SOFR/3.32500 07/06/26-4Y* CME,000000000,139999.91,1.8087e-05,DIR,,US,,,N/A,13964800.0,,Derivative
2026-03-31,BARINGS EURO CLO 2025-1 DAC 25-1A,BARINGS EURO CLO DAC BABSE 2025 1A A 144A,ACI379GS4,2884086.14,0.000372599,ABS-CBDO,CORP,IE,2039-08-15,3.426,Long,,,ABS / CLO
2026-03-31,REALTY INCOME CORPORATION,REALTY INCOME CORP SR UNSECURED 01/31 3.25,756109AX2,1975530.44,0.000255222,DBT,CORP,US,2031-01-15,3.25,Long,,,Credit & Loans
2026-03-31,CNO GLOBAL FUNDING,CNO GLOBAL FUNDING SECURED 144A 09/29 4.95,18977W2F6,3721209.18,0.000480748,DBT,CORP,US,2029-09-09,4.95,Long,,,Credit & Loans
2026-03-31,COLOMBIAN GOVT,TITULOS DE TESORERIA BONDS 02/33 13.25,ACI2C9W52,12493326.56,0.0016140299999999998,DBT,NUSS,CO,2033-02-09,13.25,Long,,,Government Related
2026-03-31,FHLMC PASS THRU POOLS,FED HM LN PC POOL A90710 FG 01/40 FIXED 4.5,312938YF4,177160.36,2.2888000000000002e-05,ABS-MBS,USGSE,US,2040-01-01,4.5,Long,,,Agency MBS
2026-03-31,SAXON ASSET SECURITIES TR 2004-3,SAXON ASSET SECURITIES TRUST SAST 2004 3 M5,805564QZ7,1458212.75,0.000188389,ABS-MBS,CORP,US,2034-12-26,5.51803,Long,,,Non-Agency MBS
2026-03-31,FHLMC PASS THRU POOLS,FED HM LN PC POOL N31311 FG 08/36 FIXED 5.5,31281BN48,1137.03,1.47e-07,ABS-MBS,USGSE,US,2036-08-01,5.5,Long,,,Agency MBS
2026-03-31,GOLDEN BEAR RE LTD SERIES 2026-1,GOLDEN BEAR RE LTD UNSECURED 144A 01/29 VAR,38090EAA8,1018150.0,0.000131536,DBT,CORP,BM,2029-01-08,9.75,Long,,,Credit & Loans
2026-03-31,N/A,SOLD ZAR BOUGHT USD 20260420,000000000,414765.44,5.3584e-05,DFE,,ZA,,,N/A,,28618313.41,Derivative
2026-03-31,FNMA PASS THRU POOLS,FNMA POOL 256109 FN 01/36 FIXED 6.5,31371MN29,15295.61,1.9760000000000002e-06,ABS-MBS,USGSE,US,2036-01-01,6.5,Long,,,Agency MBS
2026-03-31,N/A,SOLD THB BOUGHT USD 20260423,000000000,-6787.57,-8.77e-07,DFE,,TH,,,N/A,,1700000.0,Derivative
2026-03-31,GOLDMAN SACHS GROUP INC,GOLDMAN SACHS GROUP INC SR UNSECURED 02/33 VAR,38141GZM9,9441290.55,0.00121973,DBT,CORP,US,2033-02-24,3.102,Long,,,Credit & Loans
2026-03-31,GNMA PASS THRU POOLS,GNMA POOL AD8911 GN 04/28 FIXED 3,36180M3U9,89210.29,1.1525e-05,ABS-MBS,USGSE,US,2028-04-15,3.0,Long,,,Agency MBS
2026-03-31,N/A,SOLD COP BOUGHT USD 20260408,000000000,-289809.74,-3.7441e-05,DFE,,CO,,,N/A,,8308971.8,Derivative
2026-03-31,FHLMC PASS THRU POOLS,FED HM LN PC POOL G08882 FG 06/49 FIXED 4,3128MJ6U9,712690.86,9.207399999999999e-05,ABS-MBS,USGSE,US,2049-06-01,4.0,Long,,,Agency MBS
2026-03-31,GSAMP TRUST 2004-FM2,GSAMP TRUST GSAMP 2004 FM2 M1,36228FN28,661539.54,8.546500000000001e-05,ABS-MBS,CORP,US,2034-01-25,4.54303,Long,,,Non-Agency MBS
2026-03-31,UNITED AIRLINES 2019-1 CLASS A PASS THROUGH TRUST,UNITED AIR 2019 1 A PTT PASS THRU CE 08/31 4.55,90931EAA2,1597504.17,0.00020638400000000002,DBT,CORP,US,2031-08-25,4.55,Long,,,Credit & Loans
2026-03-31,FS RIALTO 2026-FL11 ISSUER LLC 2026-FL11,FS RIALTO ISSUER LTD FSRIA 2026 FL11 A 144A,30343TAA7,7501431.9,0.00096912,ABS-CBDO,CORP,KY,2044-01-19,5.11529,Long,,,ABS / CLO
2026-03-31,SCE RECOVERY FUNDING LLC,SCE RECOVERY FUNDING LLC SR SECURED 03/36 4.453,78433LAJ5,7431045.38,0.000960027,DBT,CORP,US,2036-03-15,4.453,Long,,,Credit & Loans
2026-03-31,N/A,BOUGHT TRY SOLD USD 20260420,000000000,15641.0,2.0210000000000002e-06,DFE,,TR,,,N/A,,2400000.0,Derivative
2026-03-31,MARGAY CLO II DAC 2A,MARGAY CLO MARGA 2A AR 144A,ACI384PC9,1614418.79,0.000208569,ABS-CBDO,CORP,IE,2037-07-15,3.244,Long,,,ABS / CLO
2026-03-31,CITIGROUP MTGE LOAN TR INC 2006-WFH1,CITIGROUP MORTGAGE LOAN TRUST CMLTI 2006 WFH1 M6,17307G2T4,1727417.88,0.00022316800000000002,ABS-MBS,CORP,US,2036-01-25,4.69303,Long,,,Non-Agency MBS
2026-03-31,N/A,BOUGHT SEK SOLD USD 20260402,000000000,4019.67,5.19e-07,DFE,,SE,,,N/A,,430903.43,Derivative
2026-03-31,TRINITAS CLO XIX LTD,TRINITAS CLO LTD TRNTS 2022 19A A1R 144A,89642FAN3,2101162.99,0.000271452,ABS-CBDO,CORP,BM,2033-10-20,4.77763,Long,,,ABS / CLO
2026-03-31,N/A,SOLD INR BOUGHT USD 20260407,000000000,47745.86,6.168e-06,DFE,,IN,,,N/A,,2271201.0,Derivative
2026-03-31,N/A,BOUGHT INR SOLD USD 20260424,000000000,-20146.52,-2.603e-06,DFE,,IN,,,N/A,,2382265.0,Derivative
2026-03-31,GSMPS MORTGAGE LOAN TRUST 2006-RP1,GSMPS MORTGAGE LOAN TRUST GSMPS 2006 RP1 1AF1 144A,3623413C1,1202802.69,0.000155392,ABS-MBS,CORP,US,2036-01-25,4.14303,Long,,,Non-Agency MBS
2026-03-31,LEHMAN XS TRUST 2006-8,LEHMAN XS TRUST LXS 2006 8 3A4,52522HAM4,1190618.57,0.00015381799999999998,ABS-MBS,CORP,US,2036-06-25,6.4,Long,,,Non-Agency MBS
2026-03-31,RCKT MORTGAGE TRUST 2024-CES1,WOODWARD CAPITAL MANAGEMENT RCKT 2024 CES1 A1A 144A,749424AA5,467054.28,6.0339e-05,ABS-MBS,CORP,US,2044-02-25,6.025,Long,,,Non-Agency MBS
2026-03-31,BOSTON PROPERTIES LP,BOSTON PROPERTIES LP SR UNSECURED 04/32 2.55,10112RBE3,3777601.21,0.000488034,DBT,CORP,US,2032-04-01,2.55,Long,,,Credit & Loans
2026-03-31,N/A,SOLD JPY BOUGHT USD 20260402,000000000,51687.73,6.677999999999999e-06,DFE,,JP,,,N/A,,2549051.0,Derivative
2026-03-31,N/A,BOUGHT MXN SOLD USD 20260413,000000000,15357.59,1.984e-06,DFE,,MX,,,N/A,,553598.67,Derivative
2026-03-31,GNMA PASS THRU POOLS,GNMA POOL 783446 GN 10/26 FIXED 3,36241LZK5,40895.92,5.283e-06,ABS-MBS,USGSE,US,2026-10-15,3.0,Long,,,Agency MBS
2026-03-31,N/A,SOLD GBP BOUGHT USD 20260402,000000000,1414.94,1.83e-07,DFE,,GB,,,N/A,,923964.46,Derivative
2026-03-31,N/A,BOUGHT MXN SOLD USD 20260415,000000000,50358.51,6.506e-06,DFE,,MX,,,N/A,,1808351.32,Derivative
2026-03-31,FHLMC PASS THRU POOLS,FED HM LN PC POOL L10219 FG 01/34 FIXED 5,3128DHG40,11337.87,1.4650000000000002e-06,ABS-MBS,USGSE,US,2034-01-01,5.0,Long,,,Agency MBS
2026-03-31,VERUS SECURITIZATION TRUST 2026-R1,VERUS SECURITIZATION TRUST VERUS 2026 R1 A1 144A,924932AC0,2332854.36,0.000301385,ABS-MBS,CORP,US,2067-10-25,4.832,Long,,,Non-Agency MBS
2026-03-31,GNMA PASS THRU POOLS,GNMA II POOL MA0375 G2 09/27 FIXED 3,36179MMY3,9053.4,1.17e-06,ABS-MBS,USGSE,US,2027-09-20,3.0,Long,,,Agency MBS
2026-03-31,GLOBAL PAYMENTS INC,GLOBAL PAYMENTS INC SR UNSECURED 11/35 5.55,37940XAY8,6218563.68,0.0008033849999999999,DBT,CORP,US,2035-11-15,5.55,Long,,,Credit & Loans
2026-03-31,MDPKE 14A,MADISON PARK EURO FUNDING MDPKE 14A A1R 144A,ACI2289F9,1942766.07,0.000250989,ABS-CBDO,CORP,IE,2032-07-15,2.816,Long,,,ABS / CLO
2026-03-31,NOMURA HOLDINGS INC,NOMURA HOLDINGS INC SR UNSECURED 07/28 6.07,65535HBM0,3198067.38,0.00041316300000000003,DBT,CORP,JP,2028-07-12,6.07,Long,,,Credit & Loans
2026-03-31,ANTARES HOLDINGS LP,ANTARES HOLDINGS SR UNSECURED 144A 07/27 3.75,03666HAE1,3597065.74,0.00046470999999999996,DBT,CORP,US,2027-07-15,3.75,Long,,,Credit & Loans
2026-03-31,SPIRIT AIRLINES PASS THROUGH TRUST 2017-1AA,SPIRIT AIR 2017 1 PTT AA PASS THRU CE 08/31 3.375,84858WAA4,431468.06,5.5741999999999996e-05,DBT,CORP,US,2031-08-15,3.375,Long,,,Credit & Loans
2026-03-31,N/A,BOUGHT TRY SOLD USD 20260420,000000000,11277.55,1.457e-06,DFE,,TR,,,N/A,,1316532.0,Derivative
2026-03-31,FNMA PASS THRU POOLS,FNMA POOL MA3664 FN 05/49 FIXED 4,31418DCA8,637948.12,8.2417e-05,ABS-MBS,USGSE,US,2049-05-01,4.0,Long,,,Agency MBS
2026-03-31,MORGAN STANLEY,MORGAN STANLEY SR UNSECURED 10/32 VAR,61747YEH4,1501598.63,0.000193994,DBT,CORP,US,2032-10-20,2.511,Long,,,Credit & Loans
2026-03-31,N/A,SOLD ILS BOUGHT USD 20260617,000000000,20123.16,2.5999999999999997e-06,DFE,,IL,,,N/A,,1505951.0,Derivative
2026-03-31,GNMA PASS THRU POOLS,GNMA II POOL 627130 G2 03/34 FIXED 5,36291FVX3,118446.97,1.5302e-05,ABS-MBS,USGSE,US,2034-03-20,5.0,Long,,,Agency MBS
2026-03-31,BBCMS MORTGAGE TRUST 2018-C2,BARCLAYS COMMERCIAL MORTGAGE S BBCMS 2018 C2 A5,05491UBD9,988516.6,0.000127708,ABS-MBS,CORP,US,2051-12-15,4.314,Long,,,Non-Agency MBS
2026-03-31,JP MORGAN CHASE & CO,JPMORGAN CHASE + CO SR UNSECURED 06/34 VAR,46647PDR4,18935288.14,0.0024462800000000003,DBT,CORP,US,2034-06-01,5.35,Long,,,Credit & Loans
2026-03-31,QUIKRETE HOLDINGS INC,QUIKRETE HOLDINGS INC 2025 TERM LOAN B,74839XAL3,989381.25,0.00012782,LON,CORP,US,2032-02-10,5.9177,Long,,,Credit & Loans
2026-03-31,NATURE COAST RE LTD,NATURE COAST RE LTD UNSECURED 144A 02/30 VAR,63901CAF8,398880.0,5.1532e-05,DBT,CORP,BM,2030-02-26,8.0,Long,,,Credit & Loans
2026-03-31,FNMA PASS THRU POOLS,FNMA POOL MA5191 FN 11/53 FIXED 6,31418EXV7,22894457.13,0.00295777,ABS-MBS,USGSE,US,2053-11-01,6.0,Long,,,Agency MBS
2026-03-31,N/A,SOLD JPY BOUGHT USD 20260507,000000000,-6179.93,-7.98e-07,DFE,,JP,,,N/A,,893109.0,Derivative
2026-03-31,FHLMC PASS THRU POOLS,FED HM LN PC POOL N31493 FG 02/38 FIXED 5,31281BUS7,12412.98,1.604e-06,ABS-MBS,USGSE,US,2038-02-01,5.0,Long,,,Agency MBS
2026-03-31,FHLMC PASS THRU POOLS,FED HM LN PC POOL D97896 FG 12/27 FIXED 5.5,3128E4XZ0,906.43,1.17e-07,ABS-MBS,USGSE,US,2027-12-01,5.5,Long,,,Agency MBS
2026-03-31,VISTRA OPERATIONS COMPANY LLC,VISTRA OPERATIONS CO LLC SR SECURED 144A 10/33 6.95,92840VAQ5,5879725.2,0.00075961,DBT,CORP,US,2033-10-15,6.95,Long,,,Credit & Loans
2026-03-31,MKT 2020-525M MORTGAGE TRUST,MKT 2020 525M MORTGAGE TRUST MKT 2020 525M A 144A,55316PAA5,4520850.0,0.000584055,ABS-MBS,CORP,US,2040-02-12,2.694,Long,,,Non-Agency MBS
2026-03-31,SCULPTOR CLO XXVII LTD 27A,SCULPTOR CLO LTD SCUL 27A A1RR 144A,81124UBJ2,3097473.75,0.00040016700000000005,ABS-CBDO,CORP,KY,2037-04-20,4.80934,Long,,,ABS / CLO
2026-03-31,DATABANK ISSUER II LLC 2025-1A,"DATABANK ISSUER II, LLC HYPER 2025 1A A2 144A",23802YAA5,4859951.0,0.0006278640000000001,ABS-O,CORP,US,2055-09-27,5.18,Long,,,ABS / CLO
2026-03-31,PACIFIC GAS AND ELECTRIC CO,PACIFIC GAS + ELECTRIC 1ST MORTGAGE 01/33 6.15,694308KJ5,2824714.49,0.000364929,DBT,CORP,US,2033-01-15,6.15,Long,,,Credit & Loans
2026-03-31,SCCU AUTO RECEIVABLES TRUST 2023-1A,SPACE COAST CREDIT UNION SCCU 2023 1A A3 144A,805922AE1,619864.59,8.008100000000001e-05,ABS-O,CORP,US,2028-10-16,5.7,Long,,,ABS / CLO
2026-03-31,NETAPP INC,NETAPP INC SR UNSECURED 03/35 5.7,64110DAN4,1630694.58,0.00021067200000000002,DBT,CORP,US,2035-03-17,5.7,Long,,,Credit & Loans
2026-03-31,SYMPHONY CLO XXV LTD 2021-25A,SYMPHONY CLO LTD SYMP 2021 25A AR 144A,87167WDC6,3101726.64,0.00040071599999999996,ABS-CBDO,CORP,KY,2034-04-19,4.71763,Long,,,ABS / CLO
2026-03-31,NEW RESIDENTIAL MORTGAGE LOAN TRUST 2023-NQM1,NEW RESIDENTIAL MORTGAGE LOAN NRZT 2023 NQM1 A1A 144A,64831HAM5,4915747.89,0.000635072,ABS-MBS,CORP,US,2063-10-25,6.864,Long,,,Non-Agency MBS
2026-03-31,NISSAN MOTOR CO LTD,NISSAN MOTOR CO SR UNSECURED 144A 09/27 4.345,654744AC5,2725884.84,0.000352161,DBT,CORP,JP,2027-09-17,4.345,Long,,,Credit & Loans
2026-03-31,FHLMC PASS THRU POOLS,FED HM LN PC POOL ZN2806 FR 01/49 FIXED 4.5,3131Y9DK6,817004.46,0.00010555,ABS-MBS,USGSE,US,2049-01-01,4.5,Long,,,Agency MBS
2026-03-31,ORANGE CAPITAL RE DESIGNATED ACTIVITY COMPANY,ORANGE CAPITAL RE DAC SR UNSECURED 144A 01/29 VAR,ACI2S2B04,303641.85,3.9228e-05,DBT,CORP,IE,2029-01-17,8.026,Long,,,Credit & Loans
2026-03-31,SANTANDER DRIVE AUTO RECEIVABLES TRUST 2023-6,SANTANDER DRIVE AUTO RECEIVABL SDART 2023 6 C,80287DAE7,1747457.54,0.00022575600000000003,ABS-O,CORP,US,2031-03-17,6.4,Long,,,ABS / CLO
2026-03-31,BRANDYWINE OPERATING PARTNERSHIP LP,BRANDYWINE OPER PARTNERS COMPANY GUAR 11/27 3.95,105340AQ6,287998.44,3.7207e-05,DBT,CORP,US,2027-11-15,3.95,Long,,,Credit & Loans
2026-03-31,HORIZON AIRCRAFT FINANCE I LTD 2019-1,HORIZON AIRCRAFT FINANCE I LIM HORZN 2019 1 A 144A,44040HAA0,1126862.14,0.000145581,ABS-O,CORP,KY,2039-07-15,3.721,Long,,,ABS / CLO
2026-03-31,FNMA PASS THRU POOLS,FNMA POOL BD6487 FN 09/46 FIXED 4,3140FEF58,510978.92,6.601400000000001e-05,ABS-MBS,USGSE,US,2046-09-01,4.0,Long,,,Agency MBS
2026-03-31,GNMA PASS THRU POOLS,GNMA POOL 778779 GN 01/27 FIXED 3,36176W6Q9,53514.55,6.914e-06,ABS-MBS,USGSE,US,2027-01-15,3.0,Long,,,Agency MBS
2026-03-31,FNMA PASS THRU POOLS,FNMA POOL MA5498 FN 10/54 FIXED 6,31418FDC8,19118265.71,0.00246992,ABS-MBS,USGSE,US,2054-10-01,6.0,Long,,,Agency MBS
2026-03-31,FNMA PASS THRU POOLS,FNMA POOL 944066 FN 07/37 FIXED 6.5,31413FJK9,1454.36,1.88e-07,ABS-MBS,USGSE,US,2037-07-01,6.5,Long,,,Agency MBS
2026-03-31,FNMA PASS THRU POOLS,FNMA POOL DA1559 FN 10/53 FIXED 6.5,3140A1WV5,23797606.44,0.0030744500000000003,ABS-MBS,USGSE,US,2053-10-01,6.5,Long,,,Agency MBS
2026-03-31,WESTERN-SOUTHERN GLOBAL FUNDING,WESTERN SOUTHERN GLOBAL SECURED 144A 12/32 4.7,95954A2C6,9947711.77,0.0012851599999999998,DBT,CORP,US,2032-12-10,4.7,Long,,,Credit & Loans
2026-03-31,FNMA PASS THRU POOLS,FNMA POOL BC5341 FN 02/46 FIXED 3.5,3140F05B6,739327.41,9.5515e-05,ABS-MBS,USGSE,US,2046-02-01,3.5,Long,,,Agency MBS
2026-03-31,MORGAN STANLEY CAPITAL INC 2005-HE7,MORGAN STANLEY CAPITAL INC MSAC 2005 HE7 M2,61744CWM4,3605782.74,0.000465836,ABS-MBS,CORP,US,2035-11-25,4.45303,Long,,,Non-Agency MBS
2026-03-31,MORGAN STANLEY,MORGAN STANLEY SR UNSECURED 10/28 VAR,61747YEV3,20015459.3,0.00258582,DBT,CORP,US,2028-10-18,6.296,Long,,,Credit & Loans
2026-03-31,N/A,SOLD BRL BOUGHT USD 20260402,000000000,-14496.37,-1.873e-06,DFE,,BR,,,N/A,,780000.0,Derivative
2026-03-31,FNMA PASS THRU POOLS,FNMA POOL FA0938 FN 03/55 FIXED VAR,3140W1BG7,16821348.58,0.0021731700000000003,ABS-MBS,USGSE,US,2055-03-01,6.0,Long,,,Agency MBS
2026-03-31,EQUITABLE HOLDINGS INC,EQUITABLE HOLDINGS INC SR UNSECURED 01/33 5.594,29452EAC5,1022397.98,0.000132085,DBT,CORP,US,2033-01-11,5.594,Long,,,Credit & Loans
2026-03-31,SCCU AUTO RECEIVABLES TRUST 2023-1A,SPACE COAST CREDIT UNION SCCU 2023 1A A4 144A,805922AG6,610146.12,7.8826e-05,ABS-O,CORP,US,2029-08-15,5.7,Long,,,ABS / CLO
2026-03-31,GOVERNEMENT NATIONAL MTG ASSOC 2007-41,GOVERNMENT NATIONAL MORTGAGE A GNR 2007 41 PC,38375KXH0,3722.7,4.809999999999999e-07,ABS-MBS,USGSE,US,2037-07-20,5.5,Long,,,Agency MBS
2026-03-31,FHLMC PASS THRU POOLS,FED HM LN PC POOL ZT2086 FR 06/49 FIXED 3.5,3132AEJ72,1326916.09,0.00017142600000000002,ABS-MBS,USGSE,US,2049-06-01,3.5,Long,,,Agency MBS
2026-03-31,VERAISON RE LTD,VERAISON RE LTD UNSECURED 144A 03/34 VAR,92335TAF6,300120.0,3.8773e-05,DBT,CORP,BM,2034-03-08,6.4253,Long,,,Credit & Loans
2026-03-31,ILLINOIS ST,ILLINOIS ST ILS 07/35 FIXED 7.35,452152GS4,5224480.77,0.0006749579999999999,DBT,MUN,US,2035-07-01,7.35,Long,,,Municipal / Other
2026-03-31,N/A,BOUGHT SEK SOLD USD 20260402,000000000,-160459.89,-2.0730000000000003e-05,DFE,,SE,,,N/A,,4080009.04,Derivative
2026-03-31,FNMA PASS THRU POOLS,FNMA POOL 889528 FN 05/38 FIXED VAR,31410KHD9,1599.51,2.07e-07,ABS-MBS,USGSE,US,2038-05-01,6.5,Long,,,Agency MBS
2026-03-31,PAGAYA AI DEBT TRUST 2025-R2,PAGAYA AI DEBT SELECTION TRUST PAID 2025 R2 A 144A,69544VAA7,2031391.39,0.00026243800000000004,ABS-O,CORP,US,2032-10-15,4.865,Long,,,ABS / CLO
2026-03-31,CANTOR FITZGERALD LP,CANTOR FITZGERALD LP SR UNSECURED 144A 12/28 7.2,138616AM9,6755798.79,0.0008727909999999999,DBT,CORP,US,2028-12-12,7.2,Long,,,Credit & Loans
2026-03-31,CALIFORNIA STATE PUBLIC WORKS BOARD,CALIFORNIA ST PUBLIC WKS BRD L CASFAC 10/34 FIXED 8.361,130685WB2,5890785.0,0.000761039,DBT,MUN,US,2034-10-01,8.361,Long,,,Municipal / Other
2026-03-31,FORD MOTOR CREDIT COMPANY LLC,FORD MOTOR CREDIT CO LLC SR UNSECURED 05/27 4.95,345397C27,5999863.32,0.000775131,DBT,CORP,US,2027-05-28,4.95,Long,,,Credit & Loans
2026-03-31,PRET 2025-RPL4 TRUST,PRETIUM MORTGAGE CREDIT PARTNE PRET 2025 RPL4 A1 144A,740943AA3,2774608.54,0.000358456,ABS-MBS,CORP,US,2065-03-25,4.0,Long,,,Non-Agency MBS
2026-03-31,POLESTAR RE LTD,POLESTAR RE LTD UNSECURED 144A 01/27 VAR,73110JAB8,2378200.0,0.000307243,DBT,CORP,BM,2027-01-07,16.79,Long,,,Credit & Loans
2026-03-31,ANCHORAGE CREDIT FUNDING 8 LTD 2019-8A,ANCHORAGE CREDIT FUNDING LTD. ANCHF 2019 8A A 144A,03331XAA9,2446907.91,0.00031611899999999996,ABS-CBDO,CORP,KY,2037-07-25,4.43,Long,,,ABS / CLO
2026-03-31,N/A,BOUGHT INR SOLD USD 20260407,000000000,-35800.88,-4.625000000000001e-06,DFE,,IN,,,N/A,,1286230.49,Derivative
2026-03-31,N/A,SOLD INR BOUGHT USD 20260407,000000000,20562.72,2.657e-06,DFE,,IN,,,N/A,,4629173.0,Derivative
2026-03-31,N/A,BOUGHT NZD SOLD USD 20260402,000000000,-167205.3,-2.1601e-05,DFE,,NZ,,,N/A,,36424066.22,Derivative
2026-03-31,N/A,SOLD ILS BOUGHT USD 20260610,000000000,24271.2,3.1359999999999997e-06,DFE,,IL,,,N/A,,1336971.0,Derivative
2026-03-31,ELEVATION CLO 2022-16A LTD,ELEVATION CLO LTD AWPT 2022 16A A1AR 144A,28623YAU7,3503594.19,0.00045263400000000004,ABS-CBDO,CORP,KY,2034-07-25,4.79802,Long,,,ABS / CLO
2026-03-31,FIRST FRANKLIN MTG LOAN ABS 2005-FF10,FIRST FRANKLIN MTG LOAN ASSET FFML 2005 FF10 A1,32027NWK3,149263.34,1.9284e-05,ABS-MBS,CORP,US,2035-11-25,4.39303,Long,,,Non-Agency MBS
2026-03-31,NAVESINK CLO 2 LTD 2024-2A,"NAVESINK CLO, LIMITED NAVS 2024 2A A1R 144A",63942YAQ7,1500069.06,0.000193796,ABS-CBDO,CORP,KY,2036-01-15,4.86219,Long,,,ABS / CLO
2026-03-31,FNMA PASS THRU POOLS,FNMA POOL AK9126 FN 02/42 FIXED 4,3138EED89,94684.35,1.2232e-05,ABS-MBS,USGSE,US,2042-02-01,4.0,Long,,,Agency MBS
2026-03-31,SAMMONS FINANCIAL GROUP GLOBAL FUNDING,SAMMONS FINANCIAL GLOBAL SR SECURED 144A 09/27 VAR,79587J2D4,3013484.07,0.00038931599999999996,DBT,CORP,US,2027-09-02,4.50671,Long,,,Credit & Loans
2026-03-31,N/A,BOUGHT COP SOLD USD 20260408,000000000,63740.51,8.235e-06,DFE,,CO,,,N/A,,5518997.0,Derivative
2026-03-31,CRNCL-2019-11A,CAIRN CLO BV CRNCL 2019 11A AR 144A,ACI34RX33,3119095.07,0.00040296,ABS-CBDO,CORP,IE,2040-01-15,3.187,Long,,,ABS / CLO
2026-03-31,SMB PRIVATE EDUCATION LOAN TRUST 2024-E,SMB PRIVATE EDUCATION LOAN TRU SMB 2024 E A1B 144A,78450XAB4,938701.51,0.000121272,ABS-O,CORP,US,2056-10-16,5.02223,Long,,,ABS / CLO
2026-03-31,TRALEE CLO V LTD 2018-5A,TRALEE CLO LTD TRAL 2018 5A A1RR 144A,89300JBA5,2795800.14,0.000361193,ABS-CBDO,CORP,KY,2034-10-20,4.74763,Long,,,ABS / CLO
2026-03-31,GOLUB CAPITAL BDC INC,GOLUB CAPITAL BDC SR UNSECURED 07/29 6,38173MAE2,5983209.66,0.000772979,DBT,CORP,US,2029-07-15,6.0,Long,,,Credit & Loans
2026-03-31,MV CREDIT EURO CLO III DAC 3A,MV CREDIT EURO CLO MVCLO 3A AR 144A,ACI35DCS1,2658411.38,0.000343444,ABS-CBDO,CORP,IE,2038-02-15,3.284,Long,,,ABS / CLO
2026-03-31,NATIONAL FUEL GAS COMPANY,NATIONAL FUEL GAS CO SR UNSECURED 03/30 5.5,636180BT7,2148961.42,0.000277627,DBT,CORP,US,2030-03-15,5.5,Long,,,Credit & Loans
2026-03-31,MFA 2020-NQM3 TRUST,MFRA TRUST MFRA 2020 NQM3 A2 144A,552757AB2,198873.42,2.5693e-05,ABS-MBS,CORP,US,2065-01-26,1.324,Long,,,Non-Agency MBS
2026-03-31,N/A,BOUGHT AUD SOLD USD 20260402,000000000,-42352.73,-5.4719999999999994e-06,DFE,,AU,,,N/A,,1724451.28,Derivative
2026-03-31,522 FUNDING CLO I LTD 2018-3A,522 FUNDING CLO LTD MORGN 2018 3A AR 144A,33835NAA9,51005.34,6.589e-06,ABS-CBDO,CORP,KY,2031-10-20,4.96924,Long,,,ABS / CLO
2026-03-31,CITIGROUP INC,CITIGROUP INC SR UNSECURED 04/29 VAR,172967LW9,2978425.68,0.000384787,DBT,CORP,US,2029-04-23,4.075,Long,,,Credit & Loans
2026-03-31,MORGAN STANLEY ABS CAPITAL I 2006-HE5,MORGAN STANLEY CAPITAL INC MSAC 2006 HE5 A2D,61749NAE7,6030662.18,0.00077911,ABS-MBS,CORP,US,2036-08-25,4.29303,Long,,,Non-Agency MBS
2026-03-31,JACKSON NATIONAL LIFE GLOBAL FUNDING,JACKSON NATL LIFE GLOBAL SECURED 144A 09/28 VAR,46849CJS1,14995115.55,0.00193724,DBT,CORP,US,2028-09-12,4.59391,Long,,,Credit & Loans
2026-03-31,N/A,RFR USD SOFR/3.24800 09/18/24-10Y LCH,000000000,189856.55,2.4528000000000003e-05,DIR,,US,,,N/A,4400000.0,,Derivative
2026-03-31,N/A,SOLD PLN BOUGHT USD 20260415,000000000,5453.0,7.040000000000001e-07,DFE,,PL,,,N/A,,1893500.0,Derivative
2026-03-31,ASCENT EDUCATION FUNDING TRUST 2024-A,ASCENT EDUCATION FUNDING TRUST ASCNT 2024 A A 144A,04362VAA3,445145.34,5.7508999999999994e-05,ABS-O,CORP,US,2050-10-25,6.14,Long,,,ABS / CLO
2026-03-31,ENBRIDGE INC,ENBRIDGE INC COMPANY GUAR 11/28 4.2,29250NCM5,2185020.13,0.000282286,DBT,CORP,CA,2028-11-20,4.2,Long,,,Credit & Loans
2026-03-31,N/A,BOUGHT CNH SOLD USD 20260507,000000000,22643.47,2.925e-06,DFE,,CN,,,N/A,,4839899.0,Derivative
2026-03-31,N/A,RFR USD SOFR/3.56436 06/30/26-7Y* LCH,000000000,51249.15,6.621e-06,DIR,,US,,,N/A,6100000.0,,Derivative
2026-03-31,FNMA PASS THRU POOLS,FNMA POOL FA3385 FN 07/55 FIXED VAR,3140W3XP9,9296.52,1.201e-06,ABS-MBS,USGSE,US,2055-07-01,5.5,Long,,,Agency MBS
2026-03-31,N/A,BOUGHT INR SOLD USD 20260407,000000000,-153901.53,-1.9883000000000003e-05,DFE,,IN,,,N/A,,3839945.0,Derivative
2026-03-31,GNMA PASS THRU POOLS,GNMA II POOL 004462 G2 06/39 FIXED 5,36202E5X3,24149.63,3.1199999999999998e-06,ABS-MBS,USGSE,US,2039-06-20,5.0,Long,,,Agency MBS
2026-03-31,ARBOUR CLO XIII DAC 13A,ARBOUR CLO ARBR 13A AR 144A,ACI38J3K2,2880922.0,0.00037219,ABS-CBDO,CORP,IE,2038-08-15,3.151,Long,,,ABS / CLO
2026-03-31,N/A,BOUGHT TRY SOLD USD 20260401,000000000,553.26,7.1e-08,DFE,,TR,,,N/A,,334520.66,Derivative
2026-03-31,FHLMC PASS THRU POOLS,FED HM LN PC POOL Q03745 FG 10/41 FIXED 4.5,3132GJZJ1,189565.79,2.4489999999999998e-05,ABS-MBS,USGSE,US,2041-10-01,4.5,Long,,,Agency MBS
2026-03-31,LMNT CRE 2025-FL3 LLC,"LFT CRE 2021 FL1, LLC LMNT 2025 FL3 A 144A",50208TAA9,6503930.68,0.000840252,ABS-CBDO,CORP,US,2043-07-21,5.22495,Long,,,ABS / CLO
2026-03-31,FHLMC PASS THRU POOLS,FED HM LN PC POOL A94576 FG 10/40 FIXED 4,312943CM3,156.24,2e-08,ABS-MBS,USGSE,US,2040-10-01,4.0,Long,,,Agency MBS
2026-03-31,FHLMC PASS THRU POOLS,FED HM LN PC POOL SD8342 FR 07/53 FIXED 5.5,3132DWHT3,53321563.8,0.006888689999999999,ABS-MBS,USGSE,US,2053-07-01,5.5,Long,,,Agency MBS
2026-03-31,GNMA PASS THRU POOLS,GNMA II POOL 004796 G2 09/40 FIXED 4.5,36202FKH8,16746.62,2.164e-06,ABS-MBS,USGSE,US,2040-09-20,4.5,Long,,,Agency MBS
2026-03-31,SBL HOLDINGS LLC,SBL HOLDINGS INC SR UNSECURED 144A 10/34 7.2,78397DAD0,2101985.97,0.00027155800000000003,DBT,CORP,US,2034-10-30,7.2,Long,,,Credit & Loans
2026-03-31,N/A,SOLD SGD BOUGHT USD 20260402,000000000,817737.79,0.000105645,DFE,,SG,,,N/A,,41296416.93,Derivative
2026-03-31,INDIGO CREDIT MANAGEMENT I DAC 1A,INDIGO CREDIT MANAGEMENT INDI 1A AR 144A,ACI37FVH7,1155396.9,0.000149267,ABS-CBDO,CORP,IE,2037-10-15,3.276,Long,,,ABS / CLO
2026-03-31,MORGAN STANLEY RESIDENTIAL MORTGAGE LOAN TRUST 2025-NQM8,MORGAN STANLEY RESIDENTIAL MOR MSRM 2025 NQM8 A1 144A,61779QAA1,4835045.65,0.000624646,ABS-MBS,CORP,US,2070-09-25,4.963,Long,,,Non-Agency MBS
2026-03-31,BARCLAYS PLC,BARCLAYS PLC SR UNSECURED 03/30 VAR,06738ECR4,7708007.63,0.000995808,DBT,CORP,GB,2030-03-12,5.69,Long,,,Credit & Loans
2026-03-31,CSMC 2021-ADV TRUST,CREDIT SUISSE MORTGAGE TRUST CSMC 2021 ADV A 144A,12660WAA3,888345.0,0.000114767,ABS-MBS,CORP,US,2038-07-15,5.18748,Long,,,Non-Agency MBS
2026-03-31,MORGAN STANLEY,MORGAN STANLEY SR UNSECURED 04/31 VAR,6174468P7,3117346.41,0.000402734,DBT,CORP,US,2031-04-01,3.622,Long,,,Credit & Loans
2026-03-31,CAPE LOOKOUT RE LTD,CAPE LOOKOUT RE LTD UNSECURED 144A 04/27 VAR,13947LAF9,2132865.0,0.000275548,DBT,CORP,BM,2027-04-05,12.2274,Long,,,Credit & Loans
2026-03-31,BAIN CAPITAL CREDIT CLO 2019-4 LTD,BAIN CAPITAL CREDIT CLO  LIMIT BCC 2019 4A A1RR 144A,05684AAY5,8001955.28,0.00103378,ABS-CBDO,CORP,JE,2035-04-23,4.66102,Long,,,ABS / CLO
2026-03-31,RCKT MORTGAGE TRUST 2024-CES4,WOODWARD CAPITAL MANAGEMENT RCKT 2024 CES4 A1A 144A,74939FAA5,2622708.98,0.000338831,ABS-MBS,CORP,US,2044-06-25,6.147,Long,,,Non-Agency MBS
2026-03-31,DIAMOND INFRASTRUCTURE FUNDING LLC 2021 1A,DIAMOND INFRASTRUCTURE FUNDING DNFRA 2021 1A A 144A,25265LAA8,586677.66,7.5794e-05,ABS-O,CORP,US,2049-04-15,1.76,Long,,,ABS / CLO
2026-03-31,STRIPE GLOBAL HOLDINGS INC,86333 AB9,990ADAYN7,9770880.3,0.00126231,DBT,CORP,US,2031-03-26,5.17,Long,,,Credit & Loans
2026-03-31,FHLMC PASS THRU POOLS,FED HM LN PC POOL Q02265 FG 07/41 FIXED 4.5,3132GFQS9,113266.09,1.4633e-05,ABS-MBS,USGSE,US,2041-07-01,4.5,Long,,,Agency MBS
2026-03-31,FNMA PASS THRU POOLS,FNMA POOL MA0853 FN 09/41 FIXED 4.5,31417Y5P8,91747.62,1.1853e-05,ABS-MBS,USGSE,US,2041-09-01,4.5,Long,,,Agency MBS
2026-03-31,N/A,SOLD EUR BOUGHT USD 20260402,000000000,1281.36,1.66e-07,DFE,,N/A,,,N/A,,1075066.21,Derivative
2026-03-31,CIT MTGE LOAN TRUST 2007-1,CIT MORTGAGE LOAN TRUST CITM 2007 1 1M1 144A,12559QAF9,3052803.07,0.000394396,ABS-MBS,CORP,US,2037-10-25,5.29303,Long,,,Non-Agency MBS
2026-03-31,GNMA PASS THRU POOLS,GNMA II POOL MA1573 G2 01/29 FIXED 3,36179NXA1,90630.15,1.1709e-05,ABS-MBS,USGSE,US,2029-01-20,3.0,Long,,,Agency MBS
2026-03-31,PROJECT CASHMERE,PROJECT CASHMERE CLASS B 144A,990ABJRZ1,1448895.39,0.00018718499999999998,ABS-MBS,CORP,AU,2057-12-30,5.8626,Long,,,Non-Agency MBS
2026-03-31,SLM STUDENT LOAN TRUST 2010-C,SLM STUDENT LOAN TRUST SLMA 2010 C A5 144A,78445QAE1,2208040.69,0.00028526,ABS-O,CORP,US,2041-10-15,8.53699,Long,,,ABS / CLO
2026-03-31,GNMA PASS THRU POOLS,GNMA II POOL 688058 G2 08/38 FIXED 4.5,36296DMF2,44497.89,5.749e-06,ABS-MBS,USGSE,US,2038-08-20,4.5,Long,,,Agency MBS
2026-03-31,N/A,BOUGHT MXN SOLD USD 20260415,000000000,40881.73,5.282e-06,DFE,,MX,,,N/A,,1407462.28,Derivative
2026-03-31,SOCIETE GENERALE,SOCIETE GENERALE 144A 01/29 VAR,83368RBR2,3397694.98,0.00043895299999999996,DBT,CORP,FR,2029-01-10,6.446,Long,,,Credit & Loans
2026-03-31,ECMC GROUP STUDENT LOAN TRUST 2020-3A,ECMC GROUP STUDENT LOAN TRUST ECMC 2020 3A A1B 144A,26833BAB9,2214970.67,0.00028615499999999996,ABS-O,CORP,US,2070-01-27,4.77638,Long,,,ABS / CLO
2026-03-31,N/A,SOLD COP BOUGHT USD 20260406,000000000,-7023.8,-9.07e-07,DFE,,CO,,,N/A,,180000.0,Derivative
2026-03-31,N/A,BOUGHT IDR SOLD USD 20260413,000000000,-2273.7,-2.94e-07,DFE,,ID,,,N/A,,503764.0,Derivative
2026-03-31,VIRGIN MEDIA INVESTMENT HOLDINGS LIMITED,VIRGIN MEDIA INV HLDGS LTD 2025 GBP TERM LOAN,BA000VZK6,1270656.44,0.00016415800000000002,LON,CORP,GB,2030-08-01,6.9781,Long,,,Credit & Loans
2026-03-31,FNMA PASS THRU POOLS,FNMA POOL 257280 FN 05/48 FIXED 4.5,31371NXH3,123868.91,1.6003e-05,ABS-MBS,USGSE,US,2048-05-01,4.5,Long,,,Agency MBS
2026-03-31,N/A,SOLD COP BOUGHT USD 20260617,000000000,-62882.31,-8.124e-06,DFE,,CO,,,N/A,,2054033.0,Derivative
2026-03-31,AVOLON TLB BORROWER 1 (US) LLC,AVOLON TLB BORROWER 1 US LLC 2023 TERM LOAN B6,05400KAJ9,1249201.68,0.000161386,LON,CORP,US,2030-06-24,5.425,Long,,,Credit & Loans
2026-03-31,N/A,SOLD COP BOUGHT USD 20260721,000000000,-10898.24,-1.4080000000000001e-06,DFE,,CO,,,N/A,,1279597.0,Derivative
2026-03-31,INDYMAC RESIDENTIAL ASSET BACKED 2006-D,INDYMAC RESIDENTIAL ASSET BACK INABS 2006 D 2A4,43709LAD9,5134096.16,0.000663281,ABS-MBS,CORP,US,2036-11-25,4.03303,Long,,,Non-Agency MBS
2026-03-31,JAPAN GOVT,JAPAN (30 YEAR ISSUE) BONDS 09/55 3.2,ACI30Y3M3,14710409.88,0.0019004599999999999,DBT,NUSS,JP,2055-09-20,3.2,Long,,,Government Related
2026-03-31,COLOMBIAN GOVT,TITULOS DE TESORERIA BONDS 11/40 12.75,ACI2WQVJ3,14267892.89,0.00184329,DBT,NUSS,CO,2040-11-28,12.75,Long,,,Government Related
2026-03-31,VB-S1 ISSUER LLC - VBTEL 2022-1A,VB S1 ISSUER LLC VBTEL 2022 1A C2II 144A,91823AAW1,2201964.72,0.000284475,ABS-O,CORP,US,2057-02-15,3.706,Long,,,ABS / CLO
2026-03-31,DELOITTE LLP,DELOITTE LLP SR UNSEC E,955GGY900,883768.19,0.00011417500000000001,DBT,CORP,US,2040-01-30,5.79,Long,,,Credit & Loans
2026-03-31,N/A,BOUGHT JPY SOLD USD 20260402,000000000,6218.36,8.03e-07,DFE,,JP,,,N/A,,893109.0,Derivative
2026-03-31,UNITED STATES GOVT,US TREASURY N/B 02/56 4.75,912810UR7,7608656.25,0.000982973,DBT,UST,US,2056-02-15,4.75,Long,,,Government Related
2026-03-31,NELNET STUDENT LOAN TRUST 2026-A,NELNET STUDENT LOAN TRUST NSLT 2026 A A1B 144A,64032UAB7,6363315.17,0.0008220860000000001,ABS-O,CORP,US,2061-02-21,4.95819,Long,,,ABS / CLO
2026-03-31,URSA RE LTD,URSA RE LTD UNSECURED 144A 02/28 VAR,90323WAR1,1022500.0,0.000132098,DBT,CORP,BM,2028-02-22,11.0363,Long,,,Credit & Loans
2026-03-31,BMO 2024-5C8 MORTGAGE TRUST,BMO MORTGAGE TRUST BMO 2024 5C8 A3,09661XAC2,3500865.08,0.00045228200000000003,ABS-MBS,CORP,US,2057-12-15,5.6253,Long,,,Non-Agency MBS
2026-03-31,ASSET BACKED SECURITIES CORP HOME EQUITY LOAN TRUST 2002-HE2,ASSET BACKED SECURITIES CORP H ABSHE 2002 HE2 B,045413CW9,214702.8,2.7737999999999998e-05,ABS-MBS,CORP,US,2032-08-15,7.01199,Long,,,Non-Agency MBS
2026-03-31,COUNTRYWIDE ALTERNATIVE LOAN TRUST 2007-4CB,COUNTRYWIDE ALTERNATIVE LOAN T CWALT 2007 4CB 1A35,02148FBX2,1921650.4,0.000248261,ABS-MBS,CORP,US,2037-04-25,6.0,Long,,,Non-Agency MBS
2026-03-31,FNMA PASS THRU POOLS,FNMA POOL MA0415 FN 05/40 FIXED 4.5,31417YN94,32334.64,4.177e-06,ABS-MBS,USGSE,US,2040-05-01,4.5,Long,,,Agency MBS
2026-03-31,HPS CORPORATE LENDING FUND,HPS CORPORATE LENDING FU SR UNSECURED 144A 09/28 4.9,40440VAQ8,4679146.66,0.000604505,DBT,CORP,US,2028-09-11,4.9,Long,,,Credit & Loans
2026-03-31,123 LIGHTS RE LTD,123 LIGHTS RE LTD UNSECURED 144A 09/31 VAR,68302QAA2,258062.5,3.3339e-05,DBT,CORP,BM,2031-09-14,14.51,Long,,,Credit & Loans
2026-03-31,TURKISH AIRLINES 2015-1 CLASS A PASS THROUGH TRUST,TURKISH AIRLN 15 1 A PTT PASS THRU CE 144A 09/28 4.2,10010YAA0,776039.84,0.000100258,DBT,CORP,TR,2028-09-15,4.2,Long,,,Credit & Loans
2026-03-31,LRECS 2025-CRE1 LLC,LRECS 2025 CRE1 LLC LRECS 2025 CRE1 A 144A,50230AAA2,6488707.88,0.000838285,ABS-CBDO,CORP,US,2043-08-19,5.17672,Long,,,ABS / CLO
2026-03-31,STELLANTIS FINANCIAL SERVICES US CORP,STELLANTIS FINANCIAL SER SR UNSECURED 144A 09/28 4.95,85855FAA1,2685785.23,0.00034698,DBT,CORP,US,2028-09-15,4.95,Long,,,Credit & Loans
2026-03-31,TRUST 2401,TRUST 2401 SR UNSECURED 144A 01/44 6.95,89834MAD8,291459.0,3.7654e-05,DBT,CORP,MX,2044-01-30,6.95,Long,,,Credit & Loans
2026-03-31,BGCLO 19A,BIRCH GROVE CLO LTD. BGCLO 19A A1RR 144A,09075JAU3,8321810.66,0.00107511,ABS-CBDO,CORP,KY,2037-07-17,5.25763,Long,,,ABS / CLO
2026-03-31,N/A,BOUGHT PLN SOLD USD 20260415,000000000,-28031.43,-3.621e-06,DFE,,PL,,,N/A,,1047623.0,Derivative
2026-03-31,AVIS BUDGET RENTAL CAR FUNDING AESOP LLC 2023-3A,AVIS BUDGET RENTAL CAR FUNDING AESOP 2023 3A A 144A,05377RGU2,5037365.0,0.000650784,ABS-O,CORP,US,2028-02-22,5.44,Long,,,ABS / CLO
2026-03-31,HSBC HOLDINGS PLC,HSBC HOLDINGS PLC SR UNSECURED 08/33 VAR,404280DH9,4470680.81,0.000577573,DBT,CORP,GB,2033-08-11,5.402,Long,,,Credit & Loans
2026-03-31,BRIXMOR OPERATING PARTNERSHIP LP,BRIXMOR OPERATING PART SR UNSECURED 07/30 4.05,11120VAJ2,1946701.54,0.000251497,DBT,CORP,US,2030-07-01,4.05,Long,,,Credit & Loans
2026-03-31,GNMA PASS THRU POOLS,GNMA II POOL 004673 G2 04/40 FIXED 4.5,36202FFN1,204096.13,2.6367e-05,ABS-MBS,USGSE,US,2040-04-20,4.5,Long,,,Agency MBS
2026-03-31,GNMA PASS THRU POOLS,GNMA II POOL 004880 G2 12/40 FIXED 4.5,36202FM52,27339.36,3.5320000000000002e-06,ABS-MBS,USGSE,US,2040-12-20,4.5,Long,,,Agency MBS
2026-03-31,N/A,SOLD TRY BOUGHT USD 20260421,000000000,-4626.8,-5.979999999999999e-07,DFE,,TR,,,N/A,,1070144.6,Derivative
2026-03-31,N/A,SOLD KRW BOUGHT USD 20260427,000000000,2675.59,3.46e-07,DFE,,KR,,,N/A,,760000.0,Derivative
2026-03-31,GNMA PASS THRU POOLS,GNMA II POOL 005227 G2 11/26 FIXED 3,36202FYY6,67606.24,8.734e-06,ABS-MBS,USGSE,US,2026-11-20,3.0,Long,,,Agency MBS
2026-03-31,N/A,RFR USD SOFR/3.64500 08/07/24-10Y LCH,000000000,55817.77,7.211e-06,DIR,,US,,,N/A,4400000.0,,Derivative
2026-03-31,DEEPHAVEN RESIDENTIAL MORTGAGE TRUST 2025-INV1,DEEPHAVEN RESIDENTIAL MORTGAGE DRMT 2025 INV1 A1 144A,24382EAC1,1923536.72,0.00024850400000000003,ABS-MBS,CORP,US,2060-11-25,5.087,Long,,,Non-Agency MBS
2026-03-31,FORD MOTOR CREDIT COMPANY LLC,FORD MOTOR CREDIT CO LLC SR UNSECURED 05/27 5.85,345397E74,1007606.8,0.000130174,DBT,CORP,US,2027-05-17,5.85,Long,,,Credit & Loans
2026-03-31,UNITED AIRLINES 2020-1 CLASS A PASS THROUGH TRUST,UNITED AIR 2020 1 A PTT PASS THRU CE 04/29 5.875,90931GAA7,927536.06,0.00011983000000000001,DBT,CORP,US,2029-04-15,5.875,Long,,,Credit & Loans
2026-03-31,N/A,SOLD NZD BOUGHT USD 20260504,000000000,169855.25,2.1944e-05,DFE,,NZ,,,N/A,,36464761.74,Derivative
2026-03-31,VERIZON MASTER TRUST 2023-6,VERIZON MASTER TRUST VZMT 2023 6 A 144A,92348VAA7,7204996.4,0.0009308230000000001,ABS-O,CORP,US,2031-09-22,5.35,Long,,,ABS / CLO
2026-03-31,JP MORGAN MORTGAGE TRUST SERIES 2025-NQM2,JP MORGAN MORTGAGE TRUST JPMMT 2025 NQM2 A1 144A,46590SAC1,1684658.7,0.000217643,ABS-MBS,CORP,US,2065-09-25,5.567,Long,,,Non-Agency MBS
2026-03-31,N/A,SOLD GBP BOUGHT USD 20260402,000000000,8990.02,1.161e-06,DFE,,GB,,,N/A,,784619.89,Derivative
2026-03-31,FIRST FRANKLIN MTG LN ABS CERT 2004-FF3,FIRST FRANKLIN MTG LOAN ASSET FFML 2004 FF3 M1,36228FU61,915353.49,0.000118256,ABS-MBS,CORP,US,2034-05-25,4.61803,Long,,,Non-Agency MBS
2026-03-31,PAGAYA AI DEBT TRUST 2025-1,PAGAYA AI DEBT SELECTION TRUST PAID 2025 1 C 144A,69544NAD9,5840421.93,0.000754532,ABS-O,CORP,US,2032-07-15,5.867,Long,,,ABS / CLO
2026-03-31,GNMA PASS THRU POOLS,GNMA II POOL 004674 G2 04/40 FIXED 5,36202FFP6,7394.54,9.55e-07,ABS-MBS,USGSE,US,2040-04-20,5.0,Long,,,Agency MBS
2026-03-31,N/A,SOLD ZAR BOUGHT USD 20260420,000000000,1008.63,1.3e-07,DFE,,ZA,,,N/A,,1837765.06,Derivative
2026-03-31,N/A,SOLD NZD BOUGHT USD 20260402,000000000,132603.39,1.7131e-05,DFE,,NZ,,,N/A,,6588794.96,Derivative
2026-03-31,N/A,SOLD JPY BOUGHT USD 20260507,000000000,-7340.77,-9.48e-07,DFE,,JP,,,N/A,,972495.0,Derivative
2026-03-31,PACIFICORP,PACIFICORP JR SUBORDINA 09/55 VAR,695114DF2,5259726.45,0.000679511,DBT,CORP,US,2055-09-15,7.375,Long,,,Credit & Loans
2026-03-31,LEGACY MORTGAGE ASSET TRUST 2021-GS3,LEGACY MORTGAGE ASSET TRUST LMAT 2021 GS3 A1 144A,52474XAA3,930798.67,0.000120251,ABS-MBS,CORP,US,2061-07-25,5.75,Long,,,Non-Agency MBS
2026-03-31,FHLMC PASS THRU POOLS,FED HM LN PC POOL Q35222 FG 08/45 FIXED 4,3132QRYU8,1444052.87,0.000186559,ABS-MBS,USGSE,US,2045-08-01,4.0,Long,,,Agency MBS
2026-03-31,BACARDI LIMITED,BACARDI LTD COMPANY GUAR 144A 05/38 5.15,067316AG4,1112756.08,0.000143759,DBT,CORP,BM,2038-05-15,5.15,Long,,,Credit & Loans
2026-03-31,CGMS-2021-9A,CARLYLE GLOBAL MARKET STRATEGI CGMS 2021 9A AR 144A,14317KAQ7,1000040.0,0.000129197,ABS-CBDO,CORP,KY,2034-10-20,4.77763,Long,,,ABS / CLO
2026-03-31,BLUE RIDGE RE LTD,BLUE RIDGE RE LTD UNSECURED 144A 01/31 VAR,096003AB4,2035500.0,0.000262969,DBT,CORP,BM,2031-01-08,11.51,Long,,,Credit & Loans
2026-03-31,THE ROYAL BANK OF SCOTLAND INTERNATIONAL LTD,ROYAL BK SCOTLAND INTL LTD USD SR NT SER E,929QCQII3,11846103.72,0.0015304200000000002,DBT,CORP,JE,2028-12-16,4.66,Long,,,Credit & Loans
2026-03-31,N/A,BOUGHT MXN SOLD USD 20260410,000000000,44793.61,5.787000000000001e-06,DFE,,MX,,,N/A,,1496654.16,Derivative
2026-03-31,N/A,BOUGHT GBP SOLD USD 20260402,000000000,-9651.57,-1.2469999999999999e-06,DFE,,GB,,,N/A,,1110887.15,Derivative
2026-03-31,N/A,BOUGHT JPY SOLD USD 20260402,000000000,6985.59,9.02e-07,DFE,,JP,,,N/A,,1435943.11,Derivative
2026-03-31,N/A,SOLD BRL BOUGHT USD 20260402,000000000,-24054.95,-3.108e-06,DFE,,BR,,,N/A,,1463312.0,Derivative
2026-03-31,N/A,BOUGHT MXN SOLD USD 20260617,000000000,-51663.69,-6.6750000000000005e-06,DFE,,MX,,,N/A,,1382761.23,Derivative
2026-03-31,ASSET BACKED SEC HOME EQTY LN 2004-HE3,ASSET BACKED SECURITIES CORP H ABSHE 2004 HE3 M1,04541GJT0,2114469.09,0.000273171,ABS-MBS,CORP,US,2034-06-25,4.60303,Long,,,Non-Agency MBS
2026-03-31,AVOLON HOLDINGS FUNDING LIMITED,AVOLON HOLDINGS FNDG LTD COMPANY GUAR 144A 04/29 4.2,05401ABE0,3926348.32,0.00050725,DBT,CORP,KY,2029-04-15,4.2,Long,,,Credit & Loans
2026-03-31,COUNTRYWIDE ALTERNATIVE LOAN TRUST 2006-24CB,COUNTRYWIDE ALTERNATIVE LOAN T CWALT 2006 24CB A7,02146TAG2,152784.03,1.9738e-05,ABS-MBS,CORP,US,2036-08-25,6.25,Long,,,Non-Agency MBS
2026-03-31,N/A,SOLD PEN BOUGHT USD 20260731,000000000,336973.29,4.3534e-05,DFE,,PE,,,N/A,,7795915.78,Derivative
2026-03-31,FREDDIE MAC REMICS 5564,FREDDIE MAC FHR 5564 PF,3137HMDP2,6051438.64,0.0007817939999999999,ABS-MBS,USGSE,US,2055-08-25,4.8619,Long,,,Agency MBS
2026-03-31,N/A,SOLD COP BOUGHT USD 20260713,000000000,-726.53,-9.4e-08,DFE,,CO,,,N/A,,58721.35,Derivative
2026-03-31,AADVANTAGE LOYALTY IP LTD,AMERICAN AIRLINES INC 2025 TERM LOAN,02376CBS3,2369060.28,0.000306062,LON,CORP,US,2028-04-20,5.9176,Long,,,Credit & Loans
2026-03-31,GNMA PASS THRU POOLS,GNMA II POOL 004489 G2 07/39 FIXED 5,36202E7A1,19291.34,2.492e-06,ABS-MBS,USGSE,US,2039-07-20,5.0,Long,,,Agency MBS
2026-03-31,FHLMC PASS THRU POOLS,FED HM LN PC POOL C91026 FG 04/27 FIXED 5.5,3128P7D75,745.96,9.6e-08,ABS-MBS,USGSE,US,2027-04-01,5.5,Long,,,Agency MBS
2026-03-31,FORD MOTOR CREDIT COMPANY LLC,FORD MOTOR CREDIT CO LLC SR UNSECURED 03/31 6.05,345397E25,5046574.5,0.000651974,DBT,CORP,US,2031-03-05,6.05,Long,,,Credit & Loans
2026-03-31,FNMA PASS THRU POOLS,FNMA POOL MA5296 FN 03/54 FIXED 5.5,31418E3E8,27088808.66,0.00349964,ABS-MBS,USGSE,US,2054-03-01,5.5,Long,,,Agency MBS
2026-03-31,FNMA PASS THRU POOLS,FNMA POOL FA3387 FN 11/55 FIXED VAR,3140W3XR5,27698.51,3.5780000000000003e-06,ABS-MBS,USGSE,US,2055-11-01,5.5,Long,,,Agency MBS
2026-03-31,N/A,BOUGHT INR SOLD USD 20260424,000000000,64642.71,8.351e-06,DFE,,IN,,,N/A,,5398621.86,Derivative
2026-03-31,TORONTO-DOMINION BANK,TORONTO DOMINION BANK SR UNSECURED 12/29 4.783,89115A3C4,505728.7,6.5336e-05,DBT,CORP,CA,2029-12-17,4.783,Long,,,Credit & Loans
2026-03-31,EXTRA SPACE STORAGE LP,EXTRA SPACE STORAGE LP COMPANY GUAR 01/31 5.9,30225VAR8,2195394.01,0.00028362600000000004,DBT,CORP,US,2031-01-15,5.9,Long,,,Credit & Loans
2026-03-31,FNMA PASS THRU POOLS,FNMA POOL 256260 FN 04/36 FIXED 5.5,31371MTR8,10211.11,1.319e-06,ABS-MBS,USGSE,US,2036-04-01,5.5,Long,,,Agency MBS
2026-03-31,GREENSKY HOME IMPROVEMENT ISSUER TRUST 2025-2A,GREENSKY HOME IMPROVEMENT ISSU GSKY 2025 2A A3 144A,39571VAC2,505987.9,6.5369e-05,ABS-O,CORP,US,2060-06-25,5.02,Long,,,ABS / CLO
2026-03-31,HARBORVIEW MORTGAGE LOAN TR 2005-1,HARBORVIEW MORTGAGE LOAN TRUST HVMLT 2005 1 2A1A,41161PLD3,639549.42,8.2624e-05,ABS-MBS,CORP,US,2035-03-19,4.3312,Long,,,Non-Agency MBS
2026-03-31,FNMA PASS THRU POOLS,FNMA POOL MA3467 FN 09/48 FIXED 4,31418CZ98,1038356.63,0.000134147,ABS-MBS,USGSE,US,2048-09-01,4.0,Long,,,Agency MBS
2026-03-31,GSAMP TRUST 2005-HE4,GSAMP TRUST GSAMP 2005 HE4 M3,362341KE8,124982.44,1.6147e-05,ABS-MBS,CORP,US,2045-07-25,4.57303,Long,,,Non-Agency MBS
2026-03-31,GOVERNMENT NATIONAL MORTGAGE ASSOCIATION 2004-26,GOVERNMENT NATIONAL MORTGAGE A GNR 2004 26 ED,38374F3T9,11833.26,1.529e-06,ABS-MBS,USGSE,US,2034-04-16,5.5,Long,,,Agency MBS
2026-03-31,EDISON INTERNATIONAL,EDISON INTERNATIONAL SR UNSECURED 06/27 5.75,281020AN7,1763651.61,0.000227849,DBT,CORP,US,2027-06-15,5.75,Long,,,Credit & Loans
2026-03-31,FNMA PASS THRU POOLS,FNMA POOL MA5531 FN 11/54 FIXED 5.5,31418FED5,33715183.88,0.00435571,ABS-MBS,USGSE,US,2054-11-01,5.5,Long,,,Agency MBS
2026-03-31,N/A,SOLD THB BOUGHT USD 20260617,000000000,21065.89,2.722e-06,DFE,,TH,,,N/A,,3775217.0,Derivative
2026-03-31,CITIGROUP INC,CITIGROUP INC SR UNSECURED 03/33 VAR,172967NN7,4222714.14,0.000545538,DBT,CORP,US,2033-03-17,3.785,Long,,,Credit & Loans
2026-03-31,NLT 2023-1 TRUST,NMLT TRUST NLT 2023 1 A1 144A,62917MAA1,2319775.61,0.000299695,ABS-MBS,CORP,US,2062-10-25,3.2,Long,,,Non-Agency MBS
2026-03-31,SAXON ASSET SECURITIES TRUST 2007-4,SAXON ASSET SECURITIES TRUST SAST 2007 4 A1 144A,80557CAA0,365054.81,4.7162e-05,ABS-MBS,CORP,US,2037-12-25,5.54303,Long,,,Non-Agency MBS
2026-03-31,POST CLO 2021-1 LTD,POST CLO LTD POST 2021 1A AR 144A,73742FAJ5,1001015.81,0.000129323,ABS-CBDO,CORP,KY,2034-10-15,4.75219,Long,,,ABS / CLO
2026-03-31,N/A,SOLD NOK BOUGHT USD 20260407,000000000,-442.76,-5.6999999999999994e-08,DFE,,NO,,,N/A,,41990.21,Derivative
2026-03-31,FNMA PASS THRU POOLS,FNMA POOL 746364 FN 09/33 FIXED 4,31403EFD4,10955.57,1.415e-06,ABS-MBS,USGSE,US,2033-09-01,4.0,Long,,,Agency MBS
2026-03-31,STORE CAPITAL LLC,STORE CAPITAL LLC SR UNSECURED 144A 02/31 4.95,862123AC0,3173685.86,0.000410013,DBT,CORP,US,2031-02-11,4.95,Long,,,Credit & Loans
2026-03-31,JP MORGAN MORTGAGE TRUST 2006-A1,JP MORGAN MORTGAGE TRUST JPMMT 2006 A1 2A4,466247E90,374778.03,4.8418e-05,ABS-MBS,CORP,US,2036-02-25,4.98496,Long,,,Non-Agency MBS
2026-03-31,BANK OF AMERICA CORPORATION,BANK OF AMERICA CORP SR UNSECURED 01/36 VAR,06051GMM8,8263089.77,0.00106752,DBT,CORP,US,2036-01-24,5.511,Long,,,Credit & Loans
2026-03-31,N/A,SOLD CNH BOUGHT USD 20260402,000000000,-3225.63,-4.17e-07,DFE,,CN,,,N/A,,1955207.22,Derivative
2026-03-31,FANNIE MAE REMICS 2010-9,FANNIE MAE FNR 2010 9 KD,31398MCL8,2881.04,3.7200000000000005e-07,ABS-MBS,USGSE,US,2040-01-25,4.5,Long,,,Agency MBS
2026-03-31,N/A,BOUGHT IDR SOLD USD 20260610,000000000,-33738.77,-4.359e-06,DFE,,ID,,,N/A,,3806044.0,Derivative
2026-03-31,FHLMC PASS THRU POOLS,FED HM LN PC POOL SL0873 FR 04/55 FIXED 6,31427M6K2,4315084.87,0.0005574719999999999,ABS-MBS,USGSE,US,2055-04-01,6.0,Long,,,Agency MBS
2026-03-31,N/A,SOLD COP BOUGHT USD 20260617,000000000,-3.51,0.0,DFE,,CO,,,N/A,,160.96,Derivative
2026-03-31,GREENSAIF PIPELINES BIDCO SARL,GREENSAIF PIPELINES BIDC SR SECURED 144A 02/36 5.8528,39541EAD5,2310782.4,0.00029853299999999997,DBT,CORP,LU,2036-02-23,5.8528,Long,,,Credit & Loans
2026-03-31,CHOICE HOTELS INTERNATIONAL INC,CHOICE HOTELS INTL INC SR UNSECURED 08/34 5.85,169905AH9,3939251.12,0.000508917,DBT,CORP,US,2034-08-01,5.85,Long,,,Credit & Loans
2026-03-31,NBA (HARDWOOD FUNDING LLC),CORP0HRG0 HRDFDG 5.33 06/09/35,957HXRII3,706491.95,9.127299999999999e-05,DBT,CORP,US,2035-06-07,5.33,Long,,,Credit & Loans
2026-03-31,N/A,US 10YR NOTE (CBT)JUN26 XCBT 20260618,000000000,-8599036.34,-0.00111092,DIR,,US,,,N/A,468720009.92,,Derivative
2026-03-31,POLESTAR RE LTD,POLESTAR RE LTD UNSECURED 144A 01/29 VAR,73110JAE2,249975.0,3.2295e-05,DBT,CORP,BM,2029-01-08,12.6632,Long,,,Credit & Loans
2026-03-31,CHOICE HOTELS INTERNATIONAL INC,CHOICE HOTELS INTL INC SR UNSECURED 01/31 3.7,169905AG1,1877754.52,0.00024259,DBT,CORP,US,2031-01-15,3.7,Long,,,Credit & Loans
2026-03-31,WELLS FARGO HOME EQUITY ABS SER 2004-1,WELLS FARGO HOME EQUITY TRUST WFHET 2004 1 1A,86359BMW8,45280.58,5.85e-06,ABS-MBS,CORP,US,2034-04-25,4.39303,Long,,,Non-Agency MBS
2026-03-31,N/A,SOLD COP BOUGHT USD 20260406,000000000,-26907.52,-3.476e-06,DFE,,CO,,,N/A,,720000.0,Derivative
2026-03-31,PACIFICORP,PACIFICORP JR SUBORDINA 08/56 VAR,695114DG0,9449835.0,0.00122084,DBT,CORP,US,2056-08-15,7.125,Long,,,Credit & Loans
2026-03-31,SUMITOMO MITSUI FINANCIAL GROUP INC,SUMITOMO MITSUI FINL GRP SR UNSECURED 01/28 5.52,86562MCR9,4082117.88,0.0005273739999999999,DBT,CORP,JP,2028-01-13,5.52,Long,,,Credit & Loans
2026-03-31,EMERA US FINANCE LP,EMERA US FINANCE LP COMPANY GUAR 06/31 2.639,29103DAT3,892435.87,0.000115295,DBT,CORP,US,2031-06-15,2.639,Long,,,Credit & Loans
2026-03-31,FNMA PASS THRU POOLS,FNMA POOL 888534 FN 08/37 FIXED VAR,31410GEF6,2553.38,3.3e-07,ABS-MBS,USGSE,US,2037-08-01,5.0,Long,,,Agency MBS
2026-03-31,WOODWARD CAPITAL MANAGEMENT SERIES 2026-CES1,WOODWARD CAPITAL MANAGEMENT RCKT 2026 CES1 A1A 144A,74939BAA4,4454660.2,0.000575504,ABS-MBS,CORP,US,2056-01-25,4.827,Long,,,Non-Agency MBS
2026-03-31,CITIGROUP MORTGAGE LOAN TR 2006-WF2,CITIGROUP MORTGAGE LOAN TRUST CMLTI 2006 WF2 A2D,17309BAC1,1356731.06,0.00017527799999999998,ABS-MBS,CORP,US,2036-05-25,6.664,Long,,,Non-Agency MBS
2026-03-31,SVB FINANCIAL TRUST,SVB FINL TR,000000000,7280.0,9.41e-07,EP,CORP,US,,,Long,,,Credit & Loans
2026-03-31,SCE RECOVERY FUNDING LLC,SCE RECOVERY FUNDING LLC SR SECURED 03/47 5.341,78433LAK2,7453928.33,0.000962983,DBT,CORP,US,2047-03-15,5.341,Long,,,Credit & Loans
2026-03-31,RRE 3 LOAN MANAGEMENT DAC 3A,RRE LOAN MANAGEMENT RRME 3A A1R 144A,ACI38FGW0,1153274.87,0.00014899300000000001,ABS-CBDO,CORP,IE,2039-12-15,3.306,Long,,,ABS / CLO
2026-03-31,N/A,AUST 10Y BOND FUT JUN26 XSFE 20260615,000000000,-373879.0,-4.8302e-05,DIR,,AU,,,N/A,59773171.37,,Derivative
2026-03-31,N/A,BOUGHT IDR SOLD USD 20260610,000000000,-12121.26,-1.5660000000000001e-06,DFE,,ID,,,N/A,,1479239.58,Derivative
2026-03-31,BROADCOM INC,BROADCOM INC COMPANY GUAR 02/31 2.45,11135FCQ2,9311271.79,0.00120294,DBT,CORP,US,2031-02-15,2.45,Long,,,Credit & Loans
2026-03-31,GNMA PASS THRU POOLS,GNMA II POOL 004384 G2 03/39 FIXED 4.5,36202E2R9,13437.87,1.736e-06,ABS-MBS,USGSE,US,2039-03-20,4.5,Long,,,Agency MBS
2026-03-31,REACH ABS TRUST 2024-2A,REACH FINANCIAL LLC REACH 2024 2A B 144A,75525HAB6,1513719.6,0.00019556,ABS-O,CORP,US,2031-07-15,5.84,Long,,,ABS / CLO
2026-03-31,N/A,SOLD BRL BOUGHT USD 20260402,000000000,-15470.64,-1.9990000000000003e-06,DFE,,BR,,,N/A,,1466342.0,Derivative
2026-03-31,FHLMC PASS THRU POOLS,FED HM LN PC POOL C03449 FG 03/40 FIXED 4,31292KZN0,112.58,1.5000000000000002e-08,ABS-MBS,USGSE,US,2040-03-01,4.0,Long,,,Agency MBS
2026-03-31,N/A,BOUGHT MXN SOLD USD 20260410,000000000,24915.51,3.219e-06,DFE,,MX,,,N/A,,875044.5,Derivative
2026-03-31,DRYDEN 39 EURO CLO 2015 DAC 15-39A,DRYDEN LEVERAGED LOAN CDO DRYD 2015 39A ARR 144A,ACI392F17,749481.72,9.682700000000001e-05,ABS-CBDO,CORP,IE,2035-04-15,2.966,Long,,,ABS / CLO
2026-03-31,CASTLELAKE AIRCRAFT SECURITIZATION TRUST 2025-3A,CASTLELAKE AIRCRAFT SECURITIZA CLAST 2025 3A A 144A,14855YAA0,10591432.92,0.0013683200000000001,ABS-O,CORP,US,2050-11-15,5.087,Long,,,ABS / CLO
2026-03-31,GOLUB CAPITAL PRIVATE CREDIT FUND,GOLUB CAPITAL CAP FND SR UNSECURED 05/30 5.875,38179RAD7,1964507.26,0.000253797,DBT,CORP,US,2030-05-01,5.875,Long,,,Credit & Loans
2026-03-31,VITALITY RE XVI LTD,VITALITY RE XVI LTD UNSECURED 144A 01/30 VAR,92849FAA6,248675.0,3.2127e-05,DBT,CORP,KY,2030-01-08,5.26,Long,,,Credit & Loans
2026-03-31,AVIATION CAPITAL GROUP LLC,AVIATION CAPITAL GROUP SR UNSECURED 144A 10/28 6.75,05369AAP6,5445278.38,0.000703483,DBT,CORP,US,2028-10-25,6.75,Long,,,Credit & Loans
2026-03-31,COUNTRYWIDE ALTERNATIVE LN TR 2005-28CB,COUNTRYWIDE ALTERNATIVE LOAN T CWALT 2005 28CB 1A4,12667GWT6,204657.41,2.644e-05,ABS-MBS,CORP,US,2035-08-25,5.5,Long,,,Non-Agency MBS
2026-03-31,N/A,SOLD CNH BOUGHT USD 20260402,000000000,-18743.68,-2.422e-06,DFE,,CN,,,N/A,,4602491.23,Derivative
2026-03-31,ENERGY TRANSFER LP,ENERGY TRANSFER LP SR UNSECURED 03/35 4.9,29273RBE8,1161352.25,0.000150037,DBT,CORP,US,2035-03-15,4.9,Long,,,Credit & Loans
2026-03-31,GNMA PASS THRU POOLS,GNMA POOL AA8372 GN 03/29 FIXED 3,36178GJR6,91447.71,1.1813999999999999e-05,ABS-MBS,USGSE,US,2029-03-15,3.0,Long,,,Agency MBS
2026-03-31,SECURITIZED ASSET BACKED RECEIVABLES LLC 2004-NC1,SECURITIZED ASSET BACKED RECEI SABR 2004 NC1 M1,81375WAK2,1599208.38,0.000206604,ABS-MBS,CORP,US,2034-02-25,4.57303,Long,,,Non-Agency MBS
2026-03-31,ANGEL OAK MORTGAGE TRUST 2025-R1,ANGEL OAK MORTGAGE TRUST AOMT 2025 R1 A1 144A,034951AA1,9033246.01,0.00116702,ABS-MBS,CORP,US,2062-07-25,4.846,Long,,,Non-Agency MBS
2026-03-31,PFP 2024-11 LTD,PFP III PFP 2024 11 A 144A,69291WAA0,2662785.51,0.000344009,ABS-MBS,CORP,KY,2039-09-17,5.50147,Long,,,Non-Agency MBS
2026-03-31,PACIFIC GAS AND ELECTRIC CO,PACIFIC GAS + ELECTRIC 1ST MORTGAGE 07/50 4.95,694308JN8,7212290.78,0.000931766,DBT,CORP,US,2050-07-01,4.95,Long,,,Credit & Loans
2026-03-31,GOVERNMENT NATIONAL MORTGAGE ASSOCIATION 2011-131,GOVERNMENT NATIONAL MORTGAGE A GNR 2011 131 PZ,38377XL59,39070.11,5.048e-06,ABS-MBS,USGSE,US,2040-12-20,3.5,Long,,,Agency MBS
2026-03-31,GS MORTGAGE SECURITIES CORP TRUST 2018-RIVR,GS MORTGAGE SECURITIES TRUST GSMS 2018 RIVR A 144A,36255WAA3,856485.76,0.000110651,ABS-MBS,CORP,US,2035-07-15,4.92,Long,,,Non-Agency MBS
2026-03-31,MLCC MORTGAGE INVESTORS INC 2004-B,MLCC MORTGAGE INVESTORS INC MLCC 2004 B A3,59020UBW4,6008.45,7.760000000000001e-07,ABS-MBS,CORP,US,2029-05-25,5.14384,Long,,,Non-Agency MBS
2026-03-31,N/A,SOLD INR BOUGHT USD 20260407,000000000,20238.97,2.615e-06,DFE,,IN,,,N/A,,4667252.0,Derivative
2026-03-31,GNMA PASS THRU POOLS,GNMA II POOL MB0420 G2 06/55 FIXED 3.5,3618N5PE3,66950766.89,0.00864946,ABS-MBS,USGSE,US,2055-06-20,3.5,Long,,,Agency MBS
2026-03-31,ESSEX PORTFOLIO LP,ESSEX PORTFOLIO LP COMPANY GUAR 04/35 5.375,29717PBB2,504383.08,6.5162e-05,DBT,CORP,US,2035-04-01,5.375,Long,,,Credit & Loans
2026-03-31,N/A,OIS CAD CAONREPO/2.7404 03/10/25-9Y* LCH,000000000,127537.72,1.6476999999999998e-05,DIR,,CA,,,N/A,7100000.0,,Derivative
2026-03-31,PROJECT CASHMERE,PROJECT CASHMERE CLASS A1 144A,990ABJRT5,61405566.52,0.00793307,ABS-MBS,CORP,AU,2057-12-30,4.5426,Long,,,Non-Agency MBS
2026-03-31,N/A,SOLD THB BOUGHT USD 20260420,000000000,54905.26,7.093e-06,DFE,,TH,,,N/A,,1179454.91,Derivative
2026-03-31,URSA RE II LTD,URSA RE II LTD UNSECURED 144A 12/29 VAR,91734PAJ5,248225.0,3.2069e-05,DBT,CORP,BM,2029-12-07,8.66324,Long,,,Credit & Loans
2026-03-31,GOVERNMENT NATIONAL MORTGAGE ASSOCIATION 2025-98,GOVERNMENT NATIONAL MORTGAGE A GNR 2025 98 FX,38381NPX0,47418227.61,0.00612603,ABS-MBS,USGSE,US,2055-06-20,4.87294,Long,,,Agency MBS
2026-03-31,ANCHORAGE CREDIT FUNDING 4 LTD 2016-4A,ANCHORAGE CREDIT FUNDING LTD. ANCHF 2016 4A AR 144A,03329TAG9,1909085.64,0.000246637,ABS-CBDO,CORP,KY,2039-04-27,2.723,Long,,,ABS / CLO
2026-03-31,FHLMC PASS THRU POOLS,FED HM LN PC POOL SL1583 FR 06/55 FIXED 5.5,31427NXM6,98976.92,1.2787e-05,ABS-MBS,USGSE,US,2055-06-01,5.5,Long,,,Agency MBS
2026-03-31,VIPER ENERGY PARTNERS LLC,VIPER ENERGY PARTNERS LL COMPANY GUAR 08/30 4.9,92764MAA2,1601936.0,0.000206956,DBT,CORP,US,2030-08-01,4.9,Long,,,Credit & Loans
2026-03-31,CS FIRST BOSTON MTGE SEC CORP 2004-AR7,CREDIT SUISSE FIRST BOSTON MOR CSFB 2004 AR7 2A1,22541SRP5,11934.37,1.542e-06,ABS-MBS,CORP,US,2034-11-25,4.94127,Long,,,Non-Agency MBS
2026-03-31,VERIZON COMMUNICATIONS INC,VERIZON COMMUNICATIONS SR UNSECURED 01/36 5,92343VHG2,1077631.95,0.000139221,DBT,CORP,US,2036-01-15,5.0,Long,,,Credit & Loans
2026-03-31,BAYER US FINANCE LLC,BAYER US FINANCE LLC COMPANY GUAR 144A 11/53 6.875,07274EAM5,2636185.4,0.00034057200000000003,DBT,CORP,US,2053-11-21,6.875,Long,,,Credit & Loans
2026-03-31,N/A,RFR USD SOFR/3.60000 08/28/24-10Y LCH,000000000,161507.28,2.0864999999999998e-05,DIR,,US,,,N/A,10100000.0,,Derivative
2026-03-31,GLP CAPITAL LP / GLP FINANCING II INC,GLP CAPITAL LP / FIN II COMPANY GUAR 11/37 5.75,361841AW9,968798.4,0.00012516,DBT,CORP,US,2037-11-01,5.75,Long,,,Credit & Loans
2026-03-31,GLOBAL PAYMENTS INC,GLOBAL PAYMENTS INC SR UNSECURED 11/32 5.2,37940XAX0,3496605.55,0.00045173100000000003,DBT,CORP,US,2032-11-15,5.2,Long,,,Credit & Loans
2026-03-31,PACIFIC GAS AND ELECTRIC CO,PACIFIC GAS + ELECTRIC 1ST MORTGAGE 01/53 6.75,694308KH9,312641.03,4.0391e-05,DBT,CORP,US,2053-01-15,6.75,Long,,,Credit & Loans
2026-03-31,N/A,RFR USD SOFR/3.56900 08/14/24-10Y LCH,000000000,187393.63,2.421e-05,DIR,,US,,,N/A,10100000.0,,Derivative
2026-03-31,N/A,SOLD EUR BOUGHT USD 20260402,000000000,40142.08,5.186e-06,DFE,,N/A,,,N/A,,1706878.1,Derivative
2026-03-31,N/A,BOUGHT TRY SOLD USD 20260429,000000000,29370.44,3.794e-06,DFE,,TR,,,N/A,,15785823.01,Derivative
2026-03-31,BANK OF AMERICA CORPORATION,BANK OF AMERICA CORP SR UNSECURED 05/36 VAR,06051GMW6,423427.39,5.4703e-05,DBT,CORP,US,2036-05-09,5.464,Long,,,Credit & Loans
2026-03-31,SANTANDER DRIVE AUTO RECEIVABLES TRUST 2023-6,SANTANDER DRIVE AUTO RECEIVABL SDART 2023 6 B,80287DAD9,1716967.02,0.000221817,ABS-O,CORP,US,2029-04-16,5.98,Long,,,ABS / CLO
2026-03-31,N/A,BOUGHT IDR SOLD USD 20260610,000000000,-3055.56,-3.95e-07,DFE,,ID,,,N/A,,420571.0,Derivative
2026-03-31,UNITED AIRLINES 2016-1 CLASS AA PASS THROUGH TRUST,UNITED AIR 2016 1 AA PTT PASS THRU CE 01/30 3.1,90931LAA6,752516.83,9.7219e-05,DBT,CORP,US,2030-01-07,3.1,Long,,,Credit & Loans
2026-03-31,NATIXIS COMMERCIAL MORTGAGE SECURITIES TRUST 2017-75B,NATIXIS COMMERCIAL MORTGAGE SE NCMS 2017 75B A 144A,63874EAA8,3100374.75,0.000400542,ABS-MBS,CORP,US,2037-04-10,3.8581,Long,,,Non-Agency MBS
2026-03-31,N/A,BOUGHT INR SOLD USD 20260407,000000000,-133599.95,-1.726e-05,DFE,,IN,,,N/A,,4195053.0,Derivative
2026-03-31,OBX 2023-NQM9 TRUST,ONSLOW BAY FINANCIAL LLC OBX 2023 NQM9 A1 144A,673921AA0,1961777.58,0.000253445,ABS-MBS,CORP,US,2063-10-25,7.159,Long,,,Non-Agency MBS
2026-03-31,CARLYLE GLOBAL MARKET STRATEGIES CLO LTD 2016-3A,CARLYLE GLOBAL MARKET STRATEGI CGMS 2016 3A ARRR 144A,14311UBA5,5603622.14,0.00072394,ABS-CBDO,CORP,KY,2034-07-20,4.75763,Long,,,ABS / CLO
2026-03-31,GNMA PASS THRU POOLS,GNMA II TBA 30 YR 4.5 JUMBOS,21H042646,31498565.32,0.00406934,ABS-MBS,USGSE,US,2056-04-21,4.5,Long,,,Agency MBS
2026-03-31,FHLMC PASS THRU POOLS,FED HM LN PC POOL Q31067 FG 02/45 FIXED 4,3132QMFH9,560091.41,7.2359e-05,ABS-MBS,USGSE,US,2045-02-01,4.0,Long,,,Agency MBS
2026-03-31,PERU GOVT,BONOS DE TESORERIA SR UNSECURED 144A REGS 08/33 7,ACI2GGZ75,21505697.29,0.00277835,DBT,NUSS,PE,2033-08-12,7.3,Long,,,Government Related
2026-03-31,N/A,BOUGHT TWD SOLD USD 20260413,000000000,-33023.34,-4.266e-06,DFE,,TW,,,N/A,,11742874.26,Derivative
2026-03-31,UBS AG / STAMFORD BRANCH,UBS AG STAMFORD CT SR UNSECURED 07/27 5,22550L2K6,3531980.69,0.000456301,DBT,CORP,CH,2027-07-09,5.0,Long,,,Credit & Loans
2026-03-31,KKR CLO 27 LTD,KKR FINANCIAL CLO LTD KKR 27A A1R2 144A,48253YBL1,1000276.39,0.00012922700000000001,ABS-CBDO,CORP,KY,2035-01-15,4.78219,Long,,,ABS / CLO
2026-03-31,N/A,SOLD ILS BOUGHT USD 20260610,000000000,19759.5,2.5530000000000004e-06,DFE,,IL,,,N/A,,1139248.0,Derivative
2026-03-31,FREDDIE MAC 3117,FREDDIE MAC FHR 3117 EO,31396HUN7,3644.77,4.71e-07,ABS-MBS,USGSE,US,2036-02-15,0.0,Long,,,Agency MBS
2026-03-31,FNMA PASS THRU POOLS,FNMA POOL CB6676 FN 07/53 FIXED 6,3140QSM24,885882.5,0.000114448,ABS-MBS,USGSE,US,2053-07-01,6.0,Long,,,Agency MBS
2026-03-31,N/A,SOLD TRY BOUGHT USD 20260505,000000000,-12526.48,-1.618e-06,DFE,,TR,,,N/A,,1869108.0,Derivative
2026-03-31,ACE SECURITIES CORP 2006-HE4,ACE SECURITIES CORP. ACE 2006 HE4 A2D,00442BAE1,1569217.87,0.000202729,ABS-MBS,CORP,US,2036-10-25,4.29303,Long,,,Non-Agency MBS
2026-03-31,N/A,RFR USD SOFR/3.56500 08/28/24-10Y LCH,000000000,82370.73,1.0641999999999999e-05,DIR,,US,,,N/A,4400000.0,,Derivative
2026-03-31,N/A,SOLD CAD BOUGHT USD 20260402,000000000,7721.51,9.98e-07,DFE,,CA,,,N/A,,648250.58,Derivative
2026-03-31,JP MORGAN MORTGAGE TRUST 2007-A1,JP MORGAN MORTGAGE TRUST JPMMT 2007 A1 3A3,46630GAJ4,7652.21,9.89e-07,ABS-MBS,CORP,US,2035-07-25,4.96829,Long,,,Non-Agency MBS
2026-03-31,N/A,SOLD INR BOUGHT USD 20260407,000000000,65196.95,8.423e-06,DFE,,IN,,,N/A,,3085822.0,Derivative
2026-03-31,AMERIQUEST MTGE SEC 2003-AR3,AMERIQUEST MORTGAGE SECURITIES AMSI 2003 AR3 M4,03072SHJ7,2527019.83,0.000326469,ABS-MBS,CORP,US,2033-06-25,9.64303,Long,,,Non-Agency MBS
2026-03-31,MORGAN STANLEY ABS CAPITAL I 2007-HE7,MORGAN STANLEY CAPITAL INC MSAC 2007 HE7 A2C,61756YAD5,5741144.06,0.0007417060000000001,ABS-MBS,CORP,US,2037-07-25,5.04303,Long,,,Non-Agency MBS
2026-03-31,FHLMC PASS THRU POOLS,FED HM LN PC POOL Q31068 FG 02/45 FIXED 4,3132QMFJ5,41300.31,5.335999999999999e-06,ABS-MBS,USGSE,US,2045-02-01,4.0,Long,,,Agency MBS
2026-03-31,MITSUBISHI UFJ FINANCIAL GROUP INC (MUFG),MITSUBISHI UFJ FIN GRP SR UNSECURED 02/34 VAR,606822CX0,204523.08,2.6423e-05,DBT,CORP,JP,2034-02-22,5.441,Long,,,Credit & Loans
2026-03-31,FHLMC PASS THRU POOLS,FED HM LN PC POOL SD8476 FR 11/54 FIXED 6,3132DWMZ3,36116195.92,0.0046659,ABS-MBS,USGSE,US,2054-11-01,6.0,Long,,,Agency MBS
2026-03-31,N/A,REPO BANK AMERICA REPO,000000000,60500000.0,0.00781608,RA,,US,2026-04-01,,Long,,,Cash & Repo
2026-03-31,GNMA PASS THRU POOLS,GNMA POOL AJ0738 GN 07/29 FIXED 3,36182UZB6,27216.7,3.516e-06,ABS-MBS,USGSE,US,2029-07-15,3.0,Long,,,Agency MBS
2026-03-31,N/A,SOLD BRL BOUGHT USD 20260402,000000000,-36491.24,-4.714e-06,DFE,,BR,,,N/A,,2923730.0,Derivative
2026-03-31,COSTA RICA GOVT,COSTA RICA GOVERNMENT BONDS 144A 01/36 6.001,ACI3859N0,2680139.26,0.000346251,DBT,NUSS,CR,2036-01-16,6.001,Long,,,Government Related
2026-03-31,N/A,BOUGHT MXN SOLD USD 20260617,000000000,-183688.6,-2.3731e-05,DFE,,MX,,,N/A,,5875584.05,Derivative
2026-03-31,LLOYDS BANKING GROUP PLC,LLOYDS BANKING GROUP PLC SR UNSECURED 03/29 VAR,539439AX7,5124787.4,0.000662078,DBT,CORP,GB,2029-03-06,5.871,Long,,,Credit & Loans
2026-03-31,N/A,RFR USD SOFR/3.58600 08/19/24-10Y LCH,000000000,173752.95,2.2447e-05,DIR,,US,,,N/A,10100000.0,,Derivative
2026-03-31,REACH ABS TRUST 2024-2A,REACH FINANCIAL LLC REACH 2024 2A A 144A,75525HAA8,166854.74,2.1556e-05,ABS-O,CORP,US,2031-07-15,5.88,Long,,,ABS / CLO
2026-03-31,FAIRFAX FINANCIAL HOLDINGS LIMITED,FAIRFAX FINL HLDGS LTD SR UNSECURED 05/35 5.75,303901BX9,8357329.15,0.0010797,DBT,CORP,CA,2035-05-20,5.75,Long,,,Credit & Loans
2026-03-31,MAYFLOWER RE LTD,MAYFLOWER RE LTD UNSECURED 144A 07/30 VAR,57839MAB4,253250.0,3.2718e-05,DBT,CORP,BM,2030-07-08,10.023,Long,,,Credit & Loans
2026-03-31,VITALITY RE XVI LTD,VITALITY RE XVI LTD UNSECURED 144A 01/30 VAR,92849FAC2,248800.0,3.2143e-05,DBT,CORP,KY,2030-01-08,7.26,Long,,,Credit & Loans
2026-03-31,ANCHORAGE CREDIT FUNDING 25-19A LTD,ANCHORAGE CREDIT FUNDING LTD. ANCHF 2025 19A B 144A,03331VAC9,4948494.1,0.0006393029999999999,ABS-CBDO,CORP,KY,2040-10-25,5.336,Long,,,ABS / CLO
2026-03-31,FHLMC PASS THRU POOLS,FED HM LN PC POOL H10170 FG 07/37 FIXED 5.5,3128N0FK1,12133.03,1.5669999999999998e-06,ABS-MBS,USGSE,US,2037-07-01,5.5,Long,,,Agency MBS
2026-03-31,PUGET ENERGY INC,PUGET ENERGY INC SR SECURED 03/35 5.725,745310AQ5,1512582.35,0.00019541300000000002,DBT,CORP,US,2035-03-15,5.725,Long,,,Credit & Loans
2026-03-31,RCKT MORTGAGE TRUST 2024-CES9,WOODWARD CAPITAL MANAGEMENT RCKT 2024 CES9 A1A 144A,749426AA0,2521264.13,0.000325726,ABS-MBS,CORP,US,2044-12-25,5.582,Long,,,Non-Agency MBS
2026-03-31,FORD AUTO SECURITIZATION TRUST II SERIES 2024-AA ASSET-BACKED NOTES,FORD AUTO SECURITIZATION TRUST FASTR 2024 AA A2 144A,345214BJ8,1107879.58,0.000143129,ABS-O,CORP,CA,2028-07-15,5.053,Long,,,ABS / CLO
2026-03-31,HCA INC,HCA INC COMPANY GUAR 03/32 5.5,404119DA4,3640521.52,0.00047032400000000005,DBT,CORP,US,2032-03-01,5.5,Long,,,Credit & Loans
2026-03-31,RESIDENTIAL ASSET SEC CORP 2007-KS2,RESIDENTIAL ASSET SECURITIES C RASC 2007 KS2 AI4,74924WAD9,3156965.83,0.00040785299999999996,ABS-MBS,CORP,US,2037-02-25,4.01303,Long,,,Non-Agency MBS
2026-03-31,ELECTRICITE DE FRANCE SA (EDF),ELECTRICITE DE FRANCE SA SR UNSECURED 144A 04/34 5.95,268317AZ7,4180808.4,0.000540124,DBT,CORP,FR,2034-04-22,5.95,Long,,,Credit & Loans
2026-03-31,NEW YORK CITY OF,NEW YORK NY NYC 02/45 FIXED 6.291,64966SNH5,4352843.42,0.00056235,DBT,MUN,US,2045-02-01,6.291,Long,,,Municipal / Other
2026-03-31,N/A,SOLD EUR BOUGHT USD 20260402,000000000,-38102.75,-4.923e-06,DFE,,N/A,,,N/A,,5802408.41,Derivative
2026-03-31,HCA INC,HCA INC COMPANY GUAR 03/35 5.75,404119DB2,2468439.17,0.00031890099999999996,DBT,CORP,US,2035-03-01,5.75,Long,,,Credit & Loans
2026-03-31,LSEG US FIN CORP,LSEG US FIN CORP LSEG US FIN CORP,50222CAB6,1712414.69,0.000221229,DBT,CORP,US,2034-03-28,5.297,Long,,,Credit & Loans
2026-03-31,VERUS SECURITIZATION TRUST 2025-12,VERUS SECURITIZATION TRUST VERUS 2025 12 A1FC 144A,92490FAC4,3508362.29,0.00045325,ABS-MBS,CORP,US,2070-12-25,4.858,Long,,,Non-Agency MBS
2026-03-31,N/A,RFR USD SOFR/3.71199 06/30/26-9Y* LCH,000000000,81211.5,1.0491999999999999e-05,DIR,,US,,,N/A,7500000.0,,Derivative
2026-03-31,GNMA PASS THRU POOLS,GNMA II POOL MA0928 G2 04/43 FIXED 4,36179NA57,56546.11,7.305e-06,ABS-MBS,USGSE,US,2043-04-20,4.0,Long,,,Agency MBS
2026-03-31,FANNIE MAE 2010-35,FANNIE MAE FNR 2010 35 SB,31398PKD0,1298.86,1.68e-07,ABS-MBS,USGSE,US,2040-04-25,2.64362,Long,,,Agency MBS
2026-03-31,FHLMC PASS THRU POOLS,FED HM LN PC POOL N31421 FG 07/37 FIXED 5,31281BSJ0,1667.17,2.15e-07,ABS-MBS,USGSE,US,2037-07-01,5.0,Long,,,Agency MBS
2026-03-31,N/A,BOUGHT IDR SOLD USD 20260413,000000000,-41822.46,-5.403e-06,DFE,,ID,,,N/A,,8390000.0,Derivative
2026-03-31,STARWOOD MORTGAGE RESIDENTIAL TRUST 2021-2,STARWOOD MORTGAGE RESIDENTIAL STAR 2021 2 A1 144A,85573HAA8,355309.15,4.5903000000000004e-05,ABS-MBS,CORP,US,2065-05-25,0.943,Long,,,Non-Agency MBS
2026-03-31,PROJECT CASHMERE,PROJECT CASHMERE CLASS A2 144A,990ABJRS7,2069850.56,0.000267407,ABS-MBS,CORP,AU,2057-12-30,5.7126,Long,,,Non-Agency MBS
2026-03-31,N/A,BOUGHT AUD SOLD USD 20260402,000000000,-38180.62,-4.933e-06,DFE,,AU,,,N/A,,1739597.78,Derivative
2026-03-31,FHLMC PASS THRU POOLS,FED HM LN PC POOL H00790 FG 05/37 FIXED 5.5,3128MS2X7,10990.46,1.4200000000000002e-06,ABS-MBS,USGSE,US,2037-05-01,5.5,Long,,,Agency MBS
2026-03-31,SANTOS FINANCE LTD,SANTOS FINANCE LTD COMPANY GUAR 144A 11/35 5.75,803014AC3,12388731.82,0.00160052,DBT,CORP,AU,2035-11-13,5.75,Long,,,Credit & Loans
2026-03-31,EXPEDIA GROUP INC,EXPEDIA GROUP INC COMPANY GUAR 02/30 3.25,30212PAR6,2079537.17,0.00026865799999999996,DBT,CORP,US,2030-02-15,3.25,Long,,,Credit & Loans
2026-03-31,N/A,SOLD PLN BOUGHT USD 20260415,000000000,57283.47,7.401000000000001e-06,DFE,,PL,,,N/A,,1570104.14,Derivative
2026-03-31,N/A,AES CORPORATION SNR S* ICE,000000000,42176.51,5.449e-06,DCR,,US,,,N/A,3400000.0,,Derivative
2026-03-31,GNMA PASS THRU POOLS,GNMA POOL BA5040 GN 06/47 FIXED 4,3617AHS59,1563306.17,0.00020196599999999998,ABS-MBS,USGSE,US,2047-06-15,4.0,Long,,,Agency MBS
2026-03-31,BARCLAYS PLC,BARCLAYS PLC SR UNSECURED 11/28 VAR,06738ECD5,7292300.4,0.0009421019999999999,DBT,CORP,GB,2028-11-02,7.385,Long,,,Credit & Loans
2026-03-31,N/A,RFR USD SOFR/3.64000 03/31/26-9Y* LCH,000000000,444037.58,5.7366e-05,DIR,,US,,,N/A,28900000.0,,Derivative
2026-03-31,BENCHMARK 2025-V19 MORTGAGE TRUST,BENCHMARK MORTGAGE TRUST BMARK 2025 V19 A2,08164DAA4,6513865.15,0.000841535,ABS-MBS,CORP,US,2058-01-15,4.767,Long,,,Non-Agency MBS
2026-03-31,AMMC CLO 2022-27A LTD,AMERICAN MONEY MANAGEMENT CORP AMMC 2022 27A A1R 144A,00173UAS3,1400086.93,0.000180879,ABS-CBDO,CORP,KY,2037-01-20,4.74763,Long,,,ABS / CLO
2026-03-31,WESTERN MIDSTREAM OPERATING LP,WESTERN MIDSTREAM OPERAT SR UNSECURED 11/34 5.45,958667AG2,1684244.66,0.00021759,DBT,CORP,US,2034-11-15,5.45,Long,,,Credit & Loans
2026-03-31,N/A,SOLD SEK BOUGHT USD 20260504,000000000,-4031.15,-5.21e-07,DFE,,SE,,,N/A,,430903.43,Derivative
2026-03-31,MORGAN STANLEY RESIDENTIAL MORTGAGE LOAN TRUST 2025-DSC1,MORGAN STANLEY RESIDENTIAL MOR MSRM 2025 DSC1 A1 144A,61790VAA5,11015738.11,0.00142314,ABS-MBS,CORP,US,2070-03-25,5.562,Long,,,Non-Agency MBS
2026-03-31,MF1 2022-FL8 LTD,MF1 MULTIFAMILY HOUSING MORTGA MF1 2022 FL8 A 144A,55284JAA7,4353281.9,0.000562407,ABS-CBDO,CORP,KY,2037-02-19,5.02672,Long,,,ABS / CLO
2026-03-31,WOODSIDE FINANCE LIMITED,WOODSIDE FINANCE LTD COMPANY GUAR 09/34 5.1,980236AR4,1181641.78,0.000152658,DBT,CORP,AU,2034-09-12,5.1,Long,,,Credit & Loans
2026-03-31,N/A,US ULTRA BOND CBT JUN26 XCBT 20260618,000000000,-3802903.39,-0.000491302,DIR,,US,,,N/A,117312015.63,,Derivative
2026-03-31,FREDDIE MAC REMICS 5564,FREDDIE MAC FHR 5564 FB,3137HMD23,9351490.06,0.00120813,ABS-MBS,USGSE,US,2055-08-25,4.8619,Long,,,Agency MBS
2026-03-31,CREDIT SUISSE GROUP AG,CS AT1 CLAIMS US225401AJ72 CREDIT SUISSE GROUP AG,952NPG006,630000.0,8.1391e-05,DBT,CORP,US,2060-12-31,0.0,Long,,,Credit & Loans
2026-03-31,N/A,BOUGHT INR SOLD USD 20260424,000000000,-6973.57,-9.009999999999999e-07,DFE,,IN,,,N/A,,2840177.0,Derivative
2026-03-31,VENTURE GLOBAL LNG INC,VENTURE GLOBAL LNG INC SR SECURED 144A 01/30 7,92332YAE1,5720724.8,0.000739068,DBT,CORP,US,2030-01-15,7.0,Long,,,Credit & Loans
2026-03-31,SOUTH AFRICA GOVT,REPUBLIC OF SOUTH AFRICA BONDS 03/36 6.25,B1W32LII9,2257655.27,0.00029167,DBT,NUSS,ZA,2036-03-31,6.25,Long,,,Government Related
2026-03-31,FHLMC PASS THRU POOLS,FED HM LN PC POOL G30399 FG 06/28 FIXED 5.5,3128CUNQ5,415.58,5.4e-08,ABS-MBS,USGSE,US,2028-06-01,5.5,Long,,,Agency MBS
2026-03-31,KILROY REALTY LP,KILROY REALTY LP COMPANY GUAR 02/30 3.05,49427RAP7,1824103.36,0.00023565800000000003,DBT,CORP,US,2030-02-15,3.05,Long,,,Credit & Loans
2026-03-31,N/A,BOUGHT INR SOLD USD 20260424,000000000,22932.98,2.963e-06,DFE,,IN,,,N/A,,4667252.0,Derivative
2026-03-31,FHLMC PASS THRU POOLS,FED HM LN PC POOL SL3519 FR 11/55 FIXED 5.5,31427Q4D1,116205.59,1.5012999999999998e-05,ABS-MBS,USGSE,US,2055-11-01,5.5,Long,,,Agency MBS
2026-03-31,FNMA PASS THRU POOLS,FNMA POOL 878045 FN 03/36 FIXED 5,31409TP69,3838.29,4.96e-07,ABS-MBS,USGSE,US,2036-03-01,5.0,Long,,,Agency MBS
2026-03-31,TOWD POINT MORTGAGE TRUST 2025-CES2,TOWD POINT MORTGAGE TRUST TPMT 2025 CES2 A1 144A,89183KAA5,3210793.09,0.000414807,ABS-MBS,CORP,US,2065-07-25,5.348,Long,,,Non-Agency MBS
2026-03-31,N/A,SOLD MXN BOUGHT USD 20260617,000000000,-637.71,-8.199999999999999e-08,DFE,,MX,,,N/A,,487119.02,Derivative
2026-03-31,FNMA PASS THRU POOLS,FNMA POOL AS3096 FN 07/44 FIXED 4,3138WCNN9,190924.89,2.4666e-05,ABS-MBS,USGSE,US,2044-07-01,4.0,Long,,,Agency MBS
2026-03-31,N/A,BOUGHT BRL SOLD USD 20260602,000000000,24172.0,3.123e-06,DFE,,BR,,,N/A,,1463312.0,Derivative
2026-03-31,N/A,BOUGHT CNH SOLD USD 20260507,000000000,18947.03,2.4479999999999997e-06,DFE,,CN,,,N/A,,4602491.23,Derivative
2026-03-31,BROADCOM INC,BROADCOM INC SR UNSECURED 144A 04/29 4,11135FBR1,1980772.96,0.00025589899999999997,DBT,CORP,US,2029-04-15,4.0,Long,,,Credit & Loans
2026-03-31,N/A,SOLD THB BOUGHT USD 20260416,000000000,204177.4,2.6378e-05,DFE,,TH,,,N/A,,6283260.0,Derivative
2026-03-31,QUERCUS RE DESIGNATED ACTIVITY COMPANY,QUERCUS RE DAC BONDS 144A 01/31 VAR,ACI2Q34M4,298729.49,3.8593e-05,DBT,CORP,IE,2031-01-06,10.02,Long,,,Credit & Loans
2026-03-31,GNMA PASS THRU POOLS,GNMA II POOL 005146 G2 08/26 FIXED 3,36202FWF9,3986.15,5.149999999999999e-07,ABS-MBS,USGSE,US,2026-08-20,3.0,Long,,,Agency MBS
2026-03-31,GNMA PASS THRU POOLS,GNMA II POOL MA2217 G2 09/44 FIXED 4.5,36179QPA3,71738.98,9.268e-06,ABS-MBS,USGSE,US,2044-09-20,4.5,Long,,,Agency MBS
2026-03-31,N/A,SOLD NOK BOUGHT USD 20260407,000000000,2531.99,3.27e-07,DFE,,NO,,,N/A,,2219842.92,Derivative
2026-03-31,N/A,RFR USD SOFR/3.26606 12/02/24-7Y* LCH,000000000,3674892.82,0.000474765,DIR,,US,,,N/A,155700000.0,,Derivative
2026-03-31,PIMCO FUNDS,PIMCO SENIOR LOAN ACTIVE EXCHA PIMCO SENIOR LOAN ACTIVE ETF,72201R627,15509131.33,0.00200365,EC,RF,US,,,Long,,,Municipal / Other
2026-03-31,LONG BEACH MORTGAGE LOAD TR 2005-WL1,LONG BEACH MORTGAGE LOAN TRUST LBMLT 2005 WL1 M4,542514LL6,2949894.53,0.000381101,ABS-MBS,CORP,US,2035-06-25,4.84303,Long,,,Non-Agency MBS
2026-03-31,CDW LLC / CDW FINANCE CORP,CDW LLC/CDW FINANCE COMPANY GUAR 08/34 5.55,12513GBL2,5604003.22,0.000723989,DBT,CORP,US,2034-08-22,5.55,Long,,,Credit & Loans
2026-03-31,N/A,SOLD KRW BOUGHT USD 20260415,000000000,-1774.22,-2.29e-07,DFE,,KR,,,N/A,,173084.27,Derivative
2026-03-31,FANNIE MAE REMICS 2012-102,FANNIE MAE FNR 2012 102 HS,3136A8RK8,2266049.34,0.000292754,ABS-MBS,USGSE,US,2042-09-25,2.22362,Long,,,Agency MBS
2026-03-31,SOUTH AFRICA GOVT,REPUBLIC OF SOUTH AFRICA BONDS 01/44 8.75,BPXR8CII6,3102114.01,0.000400766,DBT,NUSS,ZA,2044-01-31,8.75,Long,,,Government Related
2026-03-31,N/A,BOUGHT INR SOLD USD 20260407,000000000,-150147.94,-1.9398e-05,DFE,,IN,,,N/A,,3892445.0,Derivative
2026-03-31,GNMA PASS THRU POOLS,GNMA II POOL MB0022 G2 11/54 FIXED 3.5,3618N5AY5,26792028.47,0.0034613,ABS-MBS,USGSE,US,2054-11-20,3.5,Long,,,Agency MBS
2026-03-31,AMERICAN NATIONAL GROUP INC,AMERICAN NATIONAL GROUP SR UNSECURED 10/29 5.75,025676AN7,3640310.96,0.000470297,DBT,CORP,US,2029-10-01,5.75,Long,,,Credit & Loans
2026-03-31,NFL FOOTBALL CLUB TERM NOTES 2025-XIX TRUST,NATIONAL FOOTBALL LEAGUE 9YR JUL SR SEC,957IHHII1,2993287.14,0.000386707,DBT,CORP,US,2034-10-05,5.25,Long,,,Credit & Loans
2026-03-31,FHLMC PASS THRU POOLS,FED HM LN PC POOL T65247 FG 10/44 FIXED 4.5,31322YZL8,64034.62,8.273e-06,ABS-MBS,USGSE,US,2044-10-01,4.5,Long,,,Agency MBS
2026-03-31,N/A,CAN 10YR BOND FUT JUN26 XMOD 20260619,000000000,-366698.73,-4.7374000000000004e-05,DIR,,CA,,,N/A,19669527.71,,Derivative
2026-03-31,PROLOGIS TARGETED US LOGISTICS FUND LP,PROLOGIS TARGETED US COMPANY GUAR 144A 04/29 5.25,74350LAA2,4485510.74,0.000579489,DBT,CORP,US,2029-04-01,5.25,Long,,,Credit & Loans
2026-03-31,BMO 2025-C13 MORTGAGE TRUST,BMO MORTGAGE TRUST BMO 2025 C13 A4,05592YAB4,2988858.0,0.000386135,ABS-MBS,CORP,US,2058-10-15,5.0571,Long,,,Non-Agency MBS
2026-03-31,MARBLE POINT CLO XXIV LTD,MARBLE POINT CLO XXIV LTD MP24 2022 1A A1R 144A,56607WAU2,5001332.2,0.0006461290000000001,ABS-CBDO,CORP,KY,2035-04-20,4.76057,Long,,,ABS / CLO
2026-03-31,PACIFIC GAS AND ELECTRIC CO,PACIFIC GAS + ELECTRIC 1ST MORTGAGE 08/35 6,694308KX4,5892022.28,0.0007611990000000001,DBT,CORP,US,2035-08-15,6.0,Long,,,Credit & Loans
2026-03-31,FNMA PASS THRU POOLS,FNMA POOL 357175 FN 12/31 FIXED 5.5,31376JXC8,23643.11,3.054e-06,ABS-MBS,USGSE,US,2031-12-01,5.5,Long,,,Agency MBS
2026-03-31,FHLMC PASS THRU POOLS,FED HM LN PC POOL D97897 FG 12/27 FIXED 5.5,3128E4X23,1896.65,2.45e-07,ABS-MBS,USGSE,US,2027-12-01,5.5,Long,,,Agency MBS
2026-03-31,CHESAPEAKE FUNDING II LLC 2024-1A,CHESAPEAKE FUNDING II LLC CFII 2024 1A A2 144A,165183DJ0,2248119.47,0.000290438,ABS-O,CORP,US,2036-05-15,4.44223,Long,,,ABS / CLO
2026-03-31,N/A,BOUGHT JPY SOLD USD 20260402,000000000,7383.86,9.54e-07,DFE,,JP,,,N/A,,972495.0,Derivative
2026-03-31,N/A,SOLD PEN BOUGHT USD 20260520,000000000,51535.89,6.6580000000000005e-06,DFE,,PE,,,N/A,,1778064.0,Derivative
2026-03-31,FHLMC PASS THRU POOLS,FED HM LN PC POOL RJ6220 FR 03/56 FIXED 5,3142GW4E6,58083396.27,0.00750387,ABS-MBS,USGSE,US,2056-03-01,5.0,Long,,,Agency MBS
2026-03-31,BMO 2024-5C5 MORTGAGE TRUST,BMO MORTGAGE TRUST BMO 2024 5C5 A2,05593RAB8,2035179.2,0.000262928,ABS-MBS,CORP,US,2057-02-15,5.4621,Long,,,Non-Agency MBS
2026-03-31,N/A,RFR USD SOFR/3.40694 07/06/26-4Y* LCH,000000000,38032.96,4.914e-06,DIR,,US,,,N/A,5600000.0,,Derivative
2026-03-31,HARVEST CLO XVI DAC 16A,HARVEST CLO HARVT 16A AR3 144A,ACI354S05,2079179.92,0.000268612,ABS-CBDO,CORP,IE,2038-10-15,3.336,Long,,,ABS / CLO
2026-03-31,HSBC HOLDINGS PLC,HSBC HOLDINGS PLC SR UNSECURED 03/35 VAR,404280EE5,8520791.45,0.00110081,DBT,CORP,GB,2035-03-04,5.719,Long,,,Credit & Loans
2026-03-31,KBC GROEP NV,KBC GROUP NV SR UNSECURED 144A 09/34 VAR,48241FAC8,7705977.55,0.000995546,DBT,CORP,BE,2034-09-21,6.324,Long,,,Credit & Loans
2026-03-31,N/A,RFR USD SOFR/3.7547* 03/13/26-10Y* LCH,000000000,129698.14,1.6756e-05,DIR,,US,,,N/A,15000000.0,,Derivative
2026-03-31,AVIS BUDGET RENTAL CAR FUNDING AESOP 2023-8A LLC,AVIS BUDGET RENTAL CAR FUNDING AESOP 2023 8A A 144A,05377RHM9,7786686.0,0.0010059700000000001,ABS-O,CORP,US,2030-02-20,6.02,Long,,,ABS / CLO
2026-03-31,FHLMC PASS THRU POOLS,FED HM LN PC POOL SD5631 FR 06/54 FIXED 6,3132DTHG8,17879473.9,0.00230987,ABS-MBS,USGSE,US,2054-06-01,6.0,Long,,,Agency MBS
2026-03-31,ENERGY TRANSFER LP,ENERGY TRANSFER LP SR UNSECURED 04/35 5.7,29273VBE9,1541116.4,0.000199099,DBT,CORP,US,2035-04-01,5.7,Long,,,Credit & Loans
2026-03-31,CEDAR FUNDING VI CLO LTD 2016-6A,CEDAR FUNDING LTD CEDF 2016 6A AR3 144A,15032DAZ4,8406130.15,0.001086,ABS-CBDO,CORP,KY,2034-04-20,4.75763,Long,,,ABS / CLO
2026-03-31,LOANCORE ISSUER LTD 2021-CRE6,"LOANCORE 2021 CRE6 ISSUER, LTD LNCR 2021 CRE6 A 144A",53948HAA4,155501.1,2.0089e-05,ABS-CBDO,CORP,KY,2038-11-15,5.08699,Long,,,ABS / CLO
2026-03-31,REALTY INCOME CORPORATION,REALTY INCOME CORP SR UNSECURED 09/26 4.45,756109BY9,700093.74,9.0446e-05,DBT,CORP,US,2026-09-15,4.45,Long,,,Credit & Loans
2026-03-31,FNMA PASS THRU POOLS,FNMA POOL MA5353 FN 05/54 FIXED 5.5,31418E5P1,43777065.62,0.00565562,ABS-MBS,USGSE,US,2054-05-01,5.5,Long,,,Agency MBS
2026-03-31,FNMA PASS THRU POOLS,FNMA POOL AX6047 FN 10/44 FIXED 4.5,3138Y7WH1,230830.4,2.9821e-05,ABS-MBS,USGSE,US,2044-10-01,4.5,Long,,,Agency MBS
2026-03-31,PK ALIFT LOAN FUNDING 7 LP 2025-2,PK ALIFT LOAN FUNDING PKAIR 2025 2 A 144A,69291NAA0,2632582.59,0.000340107,ABS-O,CORP,US,2043-03-15,4.75,Long,,,ABS / CLO
2026-03-31,N/A,SOLD COP BOUGHT USD 20260617,000000000,-25464.8,-3.29e-06,DFE,,CO,,,N/A,,1158638.91,Derivative
2026-03-31,FNMA PASS THRU POOLS,FNMA POOL AB3085 FN 06/51 FIXED 4.5,31416YNB0,151314.08,1.9548e-05,ABS-MBS,USGSE,US,2051-06-01,4.5,Long,,,Agency MBS
2026-03-31,PROJECT CASHMERE,PROJECT CASHMERE CLASS C 144A,990ABJSB3,758945.2,9.8049e-05,ABS-MBS,CORP,AU,2057-12-30,6.1626,Long,,,Non-Agency MBS
2026-03-31,FHLMC PASS THRU POOLS,FED HM LN PC POOL K00042 FG 07/37 FIXED 6.5,31301ABK3,2622.95,3.3899999999999995e-07,ABS-MBS,USGSE,US,2037-07-01,6.5,Long,,,Agency MBS
2026-03-31,N/A,SOLD SGD BOUGHT USD 20260402,000000000,130715.92,1.6887e-05,DFE,,SG,,,N/A,,13916980.21,Derivative
2026-03-31,MMIFS RE LTD,MMIFS RE LTD SECURED 144A 01/33 VAR,ACI2T3G55,179740.85,2.3221e-05,DBT,CORP,BM,2033-01-10,5.16572,Long,,,Credit & Loans
2026-03-31,N/A,RFR USD SOFR/3.70000 03/31/26-9Y* LCH,000000000,306116.8,3.9547999999999995e-05,DIR,,US,,,N/A,28800000.0,,Derivative
2026-03-31,N/A,BOUGHT JPY SOLD USD 20260402,000000000,3416.81,4.41e-07,DFE,,JP,,,N/A,,2975065.28,Derivative
2026-03-31,FIRST FRANKLIN MTG LOAN ABS 2005-FF1,FIRST FRANKLIN MTG LOAN ASSET FFML 2005 FF1 M3,32027NQN4,1509511.92,0.000195016,ABS-MBS,CORP,US,2034-12-25,4.97803,Long,,,Non-Agency MBS
2026-03-31,N/A,BOUGHT INR SOLD USD 20260413,000000000,-168982.33,-2.1830999999999998e-05,DFE,,IN,,,N/A,,13910000.0,Derivative
2026-03-31,N/A,SOLD INR BOUGHT USD 20260407,000000000,32713.96,4.226e-06,DFE,,IN,,,N/A,,4619205.0,Derivative
2026-03-31,RENAISSANCE HOME EQUITY LOAN TR 2006-1,RENAISSANCE HOME EQUITY LOAN T RAMC 2006 1 AF3,759950GV4,5881190.26,0.000759799,ABS-MBS,CORP,US,2036-05-25,5.608,Long,,,Non-Agency MBS
2026-03-31,N/A,RFR USD SOFR/4.08244 06/30/26-27Y* LCH,000000000,35586.32,4.597e-06,DIR,,US,,,N/A,2800000.0,,Derivative
2026-03-31,FIRST FRANKLIN MTG LOAN ABS 2006-FF13,FIRST FRANKLIN MTG LOAN ASSET FFML 2006 FF13 A2C,30247DAD3,1851723.43,0.000239227,ABS-MBS,CORP,US,2036-10-25,4.11303,Long,,,Non-Agency MBS
2026-03-31,ANTARES HOLDINGS LP,ANTARES HOLDINGS SR UNSECURED 144A 08/28 7.95,03666HAF8,1140927.92,0.000147398,DBT,CORP,US,2028-08-11,7.95,Long,,,Credit & Loans
2026-03-31,APEX CREDIT CLO 2024-1A LTD,APEX CREDIT CLO LLC APEXC 2024 1A A1 144A,03753AAA8,4907749.3,0.000634039,ABS-CBDO,CORP,BM,2036-04-20,5.46763,Long,,,ABS / CLO
2026-03-31,LUCA RE LTD,LUCA RE LTD UNSECURED 144A 07/31 VAR,54930CAA3,721385.0,9.3197e-05,DBT,CORP,BM,2031-07-22,10.8,Long,,,Credit & Loans
2026-03-31,FNMA PASS THRU POOLS,FNMA POOL DA1084 FN 11/53 FIXED 6.5,3140A1F28,6998707.42,0.0009041730000000001,ABS-MBS,USGSE,US,2053-11-01,6.5,Long,,,Agency MBS
2026-03-31,BROADSTONE NET LEASE LLC,BROADSTONE NET LEASE LLC COMPANY GUAR 11/32 5,11134GAA8,2263378.62,0.000292409,DBT,CORP,US,2032-11-01,5.0,Long,,,Credit & Loans
2026-03-31,COLOMBIAN GOVT,TITULOS DE TESORERIA BONDS 01/35 11.75,ACI2Z7LJ3,12593412.05,0.00162696,DBT,NUSS,CO,2035-01-24,11.75,Long,,,Government Related
2026-03-31,FHLMC PASS THRU POOLS,FED HM LN PC POOL SD8367 FR 10/53 FIXED 5.5,3132DWJL8,64247942.29,0.00830028,ABS-MBS,USGSE,US,2053-10-01,5.5,Long,,,Agency MBS
2026-03-31,FNMA PASS THRU POOLS,FNMA POOL CC1216 FN 10/55 FIXED 5.5,3140Y7K64,678940.44,8.771299999999999e-05,ABS-MBS,USGSE,US,2055-10-01,5.5,Long,,,Agency MBS
2026-03-31,GNMA PASS THRU POOLS,GNMA II POOL 004311 G2 12/38 FIXED 6.5,36202EYG8,11155.69,1.441e-06,ABS-MBS,USGSE,US,2038-12-20,6.5,Long,,,Agency MBS
2026-03-31,SOUND POINT CLO XXIII 2019-2A,SOUND POINT CLO LTD SNDPT 2019 2A AR 144A,83614BAQ2,5707635.38,0.000737377,ABS-CBDO,CORP,KY,2034-07-15,5.1038,Long,,,ABS / CLO
2026-03-31,FHLMC PASS THRU POOLS,FED HM LN PC POOL C91115 FG 11/27 FIXED 5.5,3128P7GY3,575.27,7.4e-08,ABS-MBS,USGSE,US,2027-11-01,5.5,Long,,,Agency MBS
2026-03-31,MORGAN STANLEY RESIDENTIAL MORTGAGE LOAN TRUST 2024-NQM3,MORGAN STANLEY RESIDENTIAL MOR MSRM 2024 NQM3 A1 144A,61776UAA5,3034151.7,0.000391986,ABS-MBS,CORP,US,2069-07-25,5.044,Long,,,Non-Agency MBS
2026-03-31,FANNIE MAE-2005-97,FANNIE MAE FNR 2005 97 DZ,31394UMM1,19579.96,2.5300000000000003e-06,ABS-MBS,USGSE,US,2035-11-25,4.5,Long,,,Agency MBS
2026-03-31,PPMC-2021-5A,"PPM CLO, LTD. PPMC 2021 5A AR 144A",69356TAJ0,2402825.28,0.000310424,ABS-CBDO,CORP,KY,2034-10-18,4.84763,Long,,,ABS / CLO
2026-03-31,SKYMILES IP LTD,SKYMILES IP LTD 2025 REPRICED TERM LOAN B,24736CBT0,1357408.96,0.000175366,LON,CORP,KY,2028-10-20,5.1676,Long,,,Credit & Loans
2026-03-31,N/A,SOLD CHF BOUGHT USD 20260402,000000000,402439.76,5.1992e-05,DFE,,CH,,,N/A,,11571921.36,Derivative
2026-03-31,N/A,BOUGHT TRY SOLD USD 20260428,000000000,16099.38,2.08e-06,DFE,,TR,,,N/A,,2335967.0,Derivative
2026-03-31,CAPE LOOKOUT RE LTD,CAPE LOOKOUT RE LTD UNSECURED 144A 03/32 VAR,13947LAG7,1565850.0,0.00020229400000000003,DBT,CORP,BM,2032-03-13,10.41,Long,,,Credit & Loans
2026-03-31,ASPEN INSURANCE HOLDINGS LIMITED,ASPEN INSURANCE HLDG LTD SR UNSECURED 07/30 5.75,04530DAE2,3406127.18,0.000440042,DBT,CORP,BM,2030-07-01,5.75,Long,,,Credit & Loans
2026-03-31,N/A,SOLD PLN BOUGHT USD 20260415,000000000,25222.91,3.259e-06,DFE,,PL,,,N/A,,2865554.0,Derivative
2026-03-31,N/A,SOLD ILS BOUGHT USD 20260610,000000000,13721.25,1.773e-06,DFE,,IL,,,N/A,,1007152.63,Derivative
2026-03-31,SEQUOIA MORTGAGE TRUST 2026-HYB1,SEQUOIA MORTGAGE TRUST SEMT 2026 HYB1 A1A 144A,81750GAB2,3385433.71,0.000437369,ABS-MBS,CORP,US,2056-04-25,4.67373,Long,,,Non-Agency MBS
2026-03-31,UMBS PASS THRU POOLS,FNMA TBA 30 YR 3 SINGLE FAMILY MORTGAGE,01F030660,189491440.85,0.0244807,ABS-MBS,USGSE,US,2056-06-11,3.0,Long,,,Agency MBS
2026-03-31,AIR LEASE CORPORATION,TAKEOFF MERGER SUB INC SR UNSECURED 144A 03/28 4.4,873923AA4,3780948.89,0.000488466,DBT,CORP,US,2028-03-24,4.4,Long,,,Credit & Loans
2026-03-31,BARINGS EURO CLO 2020-1 DAC  20-1A,BARINGS EURO CLO BABSE 2020 1A ARR 144A,ACI316LH4,4043141.53,0.000522339,ABS-CBDO,CORP,IE,2038-10-21,3.269,Long,,,ABS / CLO
2026-03-31,NEUBERGER BERMAN LOAN ADVISERS CLO 43 LTD 2021-43A,NEUBERGER BERMAN CLO LTD NEUB 2021 43A AR 144A,64134AAJ1,2601385.64,0.00033607699999999995,ABS-CBDO,CORP,KY,2036-07-17,4.71763,Long,,,ABS / CLO
2026-03-31,GM FINANCIAL REVOLVING RECEIVABLES TRUST 2023-2,GM FINANCIAL REVOLVING RECEIVA GMREV 2023 2 A 144A,36268DAA0,3727239.84,0.000481527,ABS-O,CORP,US,2036-08-11,5.77,Long,,,ABS / CLO
2026-03-31,QUIKRETE HOLDINGS INC,QUIKRETE HOLDINGS INC SR SECURED 144A 03/32 6.375,74843PAA8,1217703.6,0.00015731700000000003,DBT,CORP,US,2032-03-01,6.375,Long,,,Credit & Loans
2026-03-31,FHLMC PASS THRU POOLS,FED HM LN PC POOL C91033 FG 06/27 FIXED 5.5,3128P7EE9,1299.52,1.68e-07,ABS-MBS,USGSE,US,2027-06-01,5.5,Long,,,Agency MBS
2026-03-31,CAPE LOOKOUT RE LTD,CAPE LOOKOUT RE LTD UNSECURED 144A 03/33 VAR,13947LAJ1,300000.0,3.8757e-05,DBT,CORP,BM,2033-03-21,9.51,Long,,,Credit & Loans
2026-03-31,N/A,SOLD EUR BOUGHT USD 20260504,000000000,-110348.34,-1.4256e-05,DFE,,N/A,,,N/A,,70612170.74,Derivative
2026-03-31,DEUTSCHE BANK AG/NEW YORK BRANCH,DEUTSCHE BANK NY 09/31 VAR,251526CD9,188085.14,2.4299e-05,DBT,CORP,DE,2031-09-18,3.547,Long,,,Credit & Loans
2026-03-31,BROWN & BROWN INC,BROWN + BROWN INC SR UNSECURED 03/32 4.2,115236AE1,944685.8,0.000122045,DBT,CORP,US,2032-03-17,4.2,Long,,,Credit & Loans
2026-03-31,GOLDMAN SACHS GROUP INC,GOLDMAN SACHS GROUP INC SR UNSECURED 04/35 VAR,38141GA95,7214231.49,0.0009320169999999999,DBT,CORP,US,2035-04-25,5.851,Long,,,Credit & Loans
2026-03-31,VALERIE ASSET LTD,VALERIE ASSET LTD 09/50 1,918940AA5,3745534.95,0.00048389099999999997,ABS-O,CORP,KY,2050-09-15,5.2673,Long,,,ABS / CLO
2026-03-31,TEXAS-NEW MEXICO POWER COMPANY,TEXAS NEW MEXICO PR 1ST MTGE,990AAAQJ8,4992676.8,0.000645011,DBT,CORP,US,2032-07-31,5.12,Long,,,Credit & Loans
2026-03-31,MORGAN STANLEY ABS CAPITAL I 2007-HE6,MORGAN STANLEY CAPITAL INC MSAC 2007 HE6 A2,61755CAB8,84135.37,1.0870000000000001e-05,ABS-MBS,CORP,US,2037-05-25,3.93303,Long,,,Non-Agency MBS
2026-03-31,THAYER PARK CLO LTD 2017-1A,"THAYER PARK CLO, LTD. THAYR 2017 1A A1RR 144A",883310AW4,2199108.25,0.000284106,ABS-CBDO,CORP,KY,2034-04-20,4.66763,Long,,,ABS / CLO
2026-03-31,STARWOOD PROPERTY MORTGAGE TRUST 2025-FL4 LLC,STARWOOD COMMERCIAL MORTGAGE T STWD 2025 FL4 A 144A,863922AA8,7700510.51,0.00099484,ABS-CBDO,CORP,US,2042-11-19,5.12672,Long,,,ABS / CLO
2026-03-31,CHENIERE ENERGY PARTNERS LP,CHENIERE ENERGY PARTNERS COMPANY GUAR 01/32 3.25,16411QAN1,2051344.78,0.000265016,DBT,CORP,US,2032-01-31,3.25,Long,,,Credit & Loans
2026-03-31,UPX HIL 2025-1 ISSUER TRUST,UPX HIL 2025 1 ISSUER TRUST UPXHI 2025 1 A 144A,916925AA8,777580.74,0.00010045699999999999,ABS-O,CORP,US,2047-01-25,5.16,Long,,,ABS / CLO
2026-03-31,FHLMC PASS THRU POOLS,FED HM LN PC POOL SD8385 FR 12/53 FIXED 6.5,3132DWJ61,1361521.9,0.000175897,ABS-MBS,USGSE,US,2053-12-01,6.5,Long,,,Agency MBS
2026-03-31,N/A,BOUGHT JPY SOLD USD 20260402,000000000,28737.07,3.7130000000000003e-06,DFE,,JP,,,N/A,,5095774.0,Derivative
2026-03-31,FANNIE MAE REMICS 2006-34,FANNIE MAE FNR 2006 34 SK,31395DPJ2,46526.4,6.0110000000000006e-06,ABS-MBS,USGSE,US,2036-05-25,3.42362,Long,,,Agency MBS
2026-03-31,WELLS FARGO COMMERCIAL MORTGAGE TRUST 2025-AGLN,WELLS FARGO COMMERCIAL MORTGAG WFCM 2025 AGLN A 144A,94990HAA5,2797533.2,0.000361417,ABS-MBS,CORP,US,2037-07-15,5.31495,Long,,,Non-Agency MBS
2026-03-31,N/A,SOLD ILS BOUGHT USD 20260617,000000000,28242.64,3.6489999999999997e-06,DFE,,IL,,,N/A,,1363592.11,Derivative
2026-03-31,N/A,REVERSE REPO JPM CHASE,000000000,-6684917.59,-0.0008636340000000001,RA,,US,2026-05-01,,Short,,,Cash & Repo
2026-03-31,N/A,BOUGHT MXN SOLD USD 20260617,000000000,-83443.0,-1.078e-05,DFE,,MX,,,N/A,,2353847.48,Derivative
2026-03-31,PURPLE RE LTD,PURPLE RE LTD UNSECURED 144A 06/26 VAR,74639NAB9,609900.0,7.8794e-05,DBT,CORP,BM,2026-06-05,14.14,Long,,,Credit & Loans
2026-03-31,N/A,SOLD IDR BOUGHT USD 20260610,000000000,21374.96,2.761e-06,DFE,,ID,,,N/A,,1778874.0,Derivative
2026-03-31,EVERSOURCE ENERGY,EVERSOURCE ENERGY SR UNSECURED 02/29 5.95,30040WAW8,5025974.68,0.000649313,DBT,CORP,US,2029-02-01,5.95,Long,,,Credit & Loans
2026-03-31,MORGAN STANLEY ABS CAPITAL I 2004-WMC2,MORGAN STANLEY CAPITAL INC MSAC 2004 WMC2 M1,61746RHS3,440389.6,5.6895e-05,ABS-MBS,CORP,US,2034-07-25,4.70803,Long,,,Non-Agency MBS
2026-03-31,FREDDIE MAC REMICS 4061,FREDDIE MAC FHR 4061 SL,3137ARCX2,23590.8,3.048e-06,ABS-MBS,USGSE,US,2042-06-15,0.43968,Long,,,Agency MBS
2026-03-31,GNMA PASS THRU POOLS,GNMA II TBA 30 YR 2.5 JUMBOS,21H022655,81692578.6,0.010554,ABS-MBS,USGSE,US,2056-05-20,2.5,Long,,,Agency MBS
2026-03-31,PRPM 2025-RPL5 LLC,PRESTON RIDGE PARTNERS MORTGAG PRPM 2025 RPL5 A1 144A,69383PAA4,2803939.63,0.00036224499999999997,ABS-MBS,CORP,US,2065-06-25,4.5,Long,,,Non-Agency MBS
2026-03-31,N/A,SOLD ZAR BOUGHT USD 20260420,000000000,4451.62,5.75e-07,DFE,,ZA,,,N/A,,3246805.0,Derivative
2026-03-31,N/A,SOLD JPY BOUGHT USD 20260507,000000000,-14016.21,-1.8110000000000001e-06,DFE,,JP,,,N/A,,2647826.0,Derivative
2026-03-31,N/A,RFR USD SOFR/3.67900 03/10/26-10Y* LCH,000000000,105995.66,1.3694e-05,DIR,,US,,,N/A,7100000.0,,Derivative
2026-03-31,FNMA PASS THRU POOLS,FNMA POOL CC0257 FN 04/55 FIXED 6,3140Y6JB7,15183825.58,0.00196162,ABS-MBS,USGSE,US,2055-04-01,6.0,Long,,,Agency MBS
2026-03-31,FNMA PASS THRU POOLS,FNMA POOL 931733 FN 08/49 FIXED 4.5,31412QEE5,29854.6,3.857e-06,ABS-MBS,USGSE,US,2049-08-01,4.5,Long,,,Agency MBS
2026-03-31,JP MORGAN CHASE & CO,JPMORGAN CHASE + CO SR UNSECURED 01/33 VAR,46647PCU8,2677371.62,0.00034589300000000006,DBT,CORP,US,2033-01-25,2.963,Long,,,Credit & Loans
2026-03-31,MORGAN STANLEY,MORGAN STANLEY SR UNSECURED 04/36 VAR,61747YGA7,18299765.71,0.00236417,DBT,CORP,US,2036-04-17,5.664,Long,,,Credit & Loans
2026-03-31,N/A,SOLD INR BOUGHT USD 20260407,000000000,24404.86,3.153e-06,DFE,,IN,,,N/A,,2922931.0,Derivative
2026-03-31,ENI SPA,ENI SPA SR UNSECURED 144A 05/35 5.75,26874RAQ1,3424058.39,0.000442359,DBT,CORP,IT,2035-05-19,5.75,Long,,,Credit & Loans
2026-03-31,STRUCTURED ASSET INVESTMENT LN TR 2004-2,STRUCTURED ASSET INVESTMENT LO SAIL 2004 2 A4,86358EGW0,1335038.99,0.000172476,ABS-MBS,CORP,US,2034-03-25,4.49803,Long,,,Non-Agency MBS
2026-03-31,GOODMAN US FINANCE FIVE LLC,GOODMAN US FIN FIVE LLC COMPANY GUAR 144A 05/32 4.625,38239PAA5,2460623.33,0.000317891,DBT,CORP,US,2032-05-04,4.625,Long,,,Credit & Loans
2026-03-31,FNMA PASS THRU POOLS,FNMA POOL FA3329 FN 08/55 FIXED VAR,3140W3VX4,18561617.28,0.002398,ABS-MBS,USGSE,US,2055-08-01,6.0,Long,,,Agency MBS
2026-03-31,DELTA AIR LINES INC,DELTA AIR LINES INC SR UNSECURED 10/29 3.75,247361ZT8,3274264.02,0.000423007,DBT,CORP,US,2029-10-28,3.75,Long,,,Credit & Loans
2026-03-31,ATLAS SENIOR LOAN FUND LTD 2021-16A,ATLAS SENIOR LOAN FUND LTD ATCLO 2021 16A AR 144A,04940AAN2,4002656.76,0.000517109,ABS-CBDO,CORP,KY,2034-01-20,4.76763,Long,,,ABS / CLO
2026-03-31,GNMA PASS THRU POOLS,GNMA POOL 759022 GN 11/26 FIXED 3,36230UAX7,9213.87,1.19e-06,ABS-MBS,USGSE,US,2026-11-15,3.0,Long,,,Agency MBS
2026-03-31,BARCLAYS PLC,BARCLAYS PLC SR UNSECURED 11/33 VAR,06738ECE3,8277710.97,0.00106941,DBT,CORP,GB,2033-11-02,7.437,Long,,,Credit & Loans
2026-03-31,ROMARK CREDIT FUNDING III LTD 2025-4A,"ROMARK CREDIT FUNDING I, LTD. RCF 2025 4A A 144A",77588RAA6,2614019.2,0.000337709,ABS-CBDO,CORP,KY,2043-07-29,5.423,Long,,,ABS / CLO
2026-03-31,MORGAN STANLEY ABS CAPITAL I 2007-NC1,MORGAN STANLEY CAPITAL INC MSAC 2007 NC1 A2D,617505AE2,1222665.58,0.00015795799999999998,ABS-MBS,CORP,US,2036-11-25,4.01303,Long,,,Non-Agency MBS
2026-03-31,NOMURA RESECURITIZATION TRUST 2010-5RA,NOMURA RESECURITIZATION TRUST NMRR 2010 5RA 1A7 144A,65539GBU0,718246.02,9.2791e-05,ABS-MBS,CORP,US,2037-10-26,6.5,Long,,,Non-Agency MBS
2026-03-31,N/A,SOLD ILS BOUGHT USD 20260617,000000000,29995.42,3.875e-06,DFE,,IL,,,N/A,,1284727.0,Derivative
2026-03-31,SMBC AVIATION CAPITAL FINANCE DESIGNATED ACTIVITY COMPANY,SMBC AVIATION CAPITAL FI COMPANY GUAR 144A 11/35 5.25,78448TAP7,20614643.45,0.00266323,DBT,CORP,IE,2035-11-26,5.25,Long,,,Credit & Loans
2026-03-31,ARES LXII CLO LTD 2021-62A,ARES CLO LTD ARES 2021 62A A1R 144A,00192WAL1,4401443.24,0.000568629,ABS-CBDO,CORP,KY,2034-01-25,4.73802,Long,,,ABS / CLO
2026-03-31,NATIONAL FUEL GAS COMPANY,NATIONAL FUEL GAS CO SR UNSECURED 10/26 5.5,636180BS9,1506865.94,0.00019467399999999999,DBT,CORP,US,2026-10-01,5.5,Long,,,Credit & Loans
2026-03-31,DEUTSCHE BANK AG/NEW YORK BRANCH,DEUTSCHE BANK NY 02/28 VAR,251526CV9,1512745.98,0.000195434,DBT,CORP,DE,2028-02-08,5.706,Long,,,Credit & Loans
2026-03-31,FHLMC PASS THRU POOLS,FED HM LN PC POOL SL2468 FR 09/55 FIXED 5.5,31427PW67,83523.66,1.0790999999999999e-05,ABS-MBS,USGSE,US,2055-09-01,5.5,Long,,,Agency MBS
2026-03-31,FHLMC PASS THRU POOLS,FED HM LN PC POOL Q30148 FG 12/44 FIXED 4,3132QLEW9,565081.98,7.300400000000001e-05,ABS-MBS,USGSE,US,2044-12-01,4.0,Long,,,Agency MBS
2026-03-31,N/A,RFR USD SOFR/3.41000 09/05/24-10Y LCH,000000000,135147.77,1.746e-05,DIR,,US,,,N/A,4400000.0,,Derivative
2026-03-31,DRYDEN 95 CLO LTD,DRYDEN SENIOR LOAN FUND DRSLF 2021 95A AR 144A,262487AJ0,6201370.32,0.000801164,ABS-CBDO,CORP,KY,2034-08-20,4.69557,Long,,,ABS / CLO
2026-03-31,N/A,SOLD TRY BOUGHT USD 20260504,000000000,-27809.42,-3.593e-06,DFE,,TR,,,N/A,,2803662.0,Derivative
2026-03-31,FHLMC PASS THRU POOLS,FED HM LN PC POOL SD7578 FR 04/55 FIXED 6,3132DVM36,163024170.83,0.021061299999999998,ABS-MBS,USGSE,US,2055-04-01,6.0,Long,,,Agency MBS
2026-03-31,PALMER SQUARE EUROPEAN LOAN FUNDING 2026-1 DAC 26-1A,PALMER SQUARE EUROPEAN LOAN FU PSTET 2026 1A A 144A,ACI38ZH96,3467550.66,0.00044797799999999997,ABS-CBDO,CORP,IE,2035-10-15,3.15,Long,,,ABS / CLO
2026-03-31,INTEGRITY RE LTD,INTEGRITY RE LTD SR UNSECURED 144A 06/26 VAR,45833UAL5,2059000.0,0.000266005,DBT,CORP,BM,2026-06-08,20.744,Long,,,Credit & Loans
2026-03-31,ALLY FINANCIAL INC,ALLY FINANCIAL INC SR UNSECURED 07/35 VAR,02005NBV1,6271749.19,0.0008102560000000001,DBT,CORP,US,2035-07-26,6.184,Long,,,Credit & Loans
2026-03-31,FHLMC PASS THRU POOLS,FED HM LN PC POOL N31455 FG 10/37 FIXED 5.5,31281BTL4,1553.22,2.01e-07,ABS-MBS,USGSE,US,2037-10-01,5.5,Long,,,Agency MBS
2026-03-31,N/A,RFR USD SOFR/3.36895 07/06/26-4Y* LCH,000000000,132631.8,1.7135e-05,DIR,,US,,,N/A,16100000.0,,Derivative
2026-03-31,COUNTRYWIDE ALTERNATIVE LOAN TR 2007-OA7,COUNTRYWIDE ALTERNATIVE LOAN T CWALT 2007 OA7 A1A,126680AA5,110637.83,1.4293e-05,ABS-MBS,CORP,US,2047-05-25,4.15303,Long,,,Non-Agency MBS
2026-03-31,FHLMC PASS THRU POOLS,FED HM LN PC POOL G30463 FG 12/28 FIXED 5.5,3128CUQQ2,94.65,1.2e-08,ABS-MBS,USGSE,US,2028-12-01,5.5,Long,,,Agency MBS
2026-03-31,VENTURE 44 CLO LTD,VENTURE CDO LTD VENTR 2021 44A A1NR 144A,92332KAQ4,2002017.64,0.000258643,ABS-CBDO,CORP,KY,2034-10-20,4.80763,Long,,,ABS / CLO
2026-03-31,N/A,BOUGHT BRL SOLD USD 20260602,000000000,15505.46,2.0029999999999997e-06,DFE,,BR,,,N/A,,1466342.0,Derivative
2026-03-31,GNMA PASS THRU POOLS,GNMA II POOL 005300 G2 02/27 FIXED 3,36202F3H7,139530.34,1.8026e-05,ABS-MBS,USGSE,US,2027-02-20,3.0,Long,,,Agency MBS
2026-03-31,BMO 2024-5C5 MORTGAGE TRUST,BMO MORTGAGE TRUST BMO 2024 5C5 A3,05593RAC6,13534157.58,0.0017485,ABS-MBS,CORP,US,2057-02-15,5.8574,Long,,,Non-Agency MBS
2026-03-31,EQUS 2021-EQAZ MORTGAGE TRUST,EQUS 2021 EQAZ MORTGAGE TRUST EQUS 2021 EQAZ A 144A,29478JAA8,3734859.82,0.000482512,ABS-MBS,CORP,US,2038-10-15,4.69228,Long,,,Non-Agency MBS
2026-03-31,SAMMONS FINANCIAL GROUP GLOBAL FUNDING,SAMMONS FINANCIAL GLOBAL SR SECURED 144A 12/30 4.8,79587J2E2,5061018.3,0.0006538399999999999,DBT,CORP,US,2030-12-12,4.8,Long,,,Credit & Loans
2026-03-31,N/A,SOLD AUD BOUGHT USD 20260402,000000000,159013.04,2.0542999999999996e-05,DFE,,AU,,,N/A,,4867923.06,Derivative
2026-03-31,BARCLAYS PLC,BARCLAYS PLC SR UNSECURED 11/29 VAR,06738EDD4,795755.02,0.000102805,DBT,CORP,GB,2029-11-11,4.476,Long,,,Credit & Loans
2026-03-31,BOSTON PROPERTIES LP,BOSTON PROPERTIES LP SR UNSECURED 10/33 2.45,10112RBF0,3805502.82,0.000491638,DBT,CORP,US,2033-10-01,2.45,Long,,,Credit & Loans
2026-03-31,COUNTRYWIDE ALTERNATIVE LOAN TRUST 2005-58,COUNTRYWIDE ALTERNATIVE LOAN T CWALT 2005 58 A1,12668AWH4,2290656.69,0.000295933,ABS-MBS,CORP,US,2035-12-20,4.42952,Long,,,Non-Agency MBS
2026-03-31,FIDELITY NATIONAL FINANCIAL INC,FIDELITY NATL FINANCIAL SR UNSECURED 06/30 3.4,31620RAJ4,1929610.98,0.000249289,DBT,CORP,US,2030-06-15,3.4,Long,,,Credit & Loans
2026-03-31,ATLAS SENIOR LOAN FUND LTD 2021-18A,ATLAS SENIOR LOAN FUND LTD ATCLO 2021 18A A1R 144A,04943EAQ4,2896375.2,0.000374187,ABS-CBDO,CORP,KY,2035-01-18,4.77763,Long,,,ABS / CLO
2026-03-31,BANCO BILBAO VIZCAYA ARGENTARIA SA (BBVA),BANCO BILBAO VIZCAYA ARG SR UNSECURED 03/29 5.381,05946KAQ4,6162443.88,0.000796135,DBT,CORP,ES,2029-03-13,5.381,Long,,,Credit & Loans
2026-03-31,TOWD POINT MORTGAGE TRUST 2024-5,TOWD POINT MORTGAGE TRUST TPMT 2024 5 A1A 144A,891944AA8,3887219.09,0.000502195,ABS-MBS,CORP,US,2064-10-25,4.61199,Long,,,Non-Agency MBS
2026-03-31,SANTANDER UK GROUP HOLDINGS PLC,SANTANDER UK GROUP HLDGS SR UNSECURED 01/29 VAR,80281LAT2,8256732.08,0.0010667,DBT,CORP,GB,2029-01-10,6.534,Long,,,Credit & Loans
2026-03-31,VIBRANT CLO XII LTD 2021-12A,VIBRANT CLO LTD VIBR 2021 12A A1A2 144A,92558WBE1,2803418.16,0.000362177,ABS-CBDO,CORP,KY,2034-04-20,4.81763,Long,,,ABS / CLO
2026-03-31,RAPTOR AIRCRAFT FINANCE LLC 2019-1,RAPTOR AIRCRAFT FINANCE LLC RPTOR 2019 1 A 144A,75383HAA9,1128406.4,0.00014578,ABS-O,CORP,KY,2044-08-23,4.213,Long,,,ABS / CLO
2026-03-31,FNMA PASS THRU POOLS,FNMA POOL MA5614 FN 02/55 FIXED 5.5,31418FGY7,87228097.29,0.0112691,ABS-MBS,USGSE,US,2055-02-01,5.5,Long,,,Agency MBS
2026-03-31,EAGLE FUNDING LUXCO SA RL,EAGLE FUNDING LUXCO SARL SR UNSECURED 144A 08/30 5.5,26951TAA8,12078000.0,0.0015603700000000002,DBT,NUSS,LU,2030-08-17,5.5,Long,,,Government Related
2026-03-31,TOWD POINT MORTGAGE TRUST 26-1,TOWD POINT MORTGAGE TRUST TPMT 2026 1 A1A 144A,891959AA6,1931960.02,0.000249593,ABS-MBS,CORP,US,2066-01-25,4.10632,Long,,,Non-Agency MBS
2026-03-31,N/A,SOLD CHF BOUGHT USD 20260504,000000000,-24698.92,-3.191e-06,DFE,,CH,,,N/A,,9879304.99,Derivative
2026-03-31,N/A,SOLD JPY BOUGHT USD 20260402,000000000,31457.3,4.064e-06,DFE,,JP,,,N/A,,1845562.0,Derivative
2026-03-31,DELOITTE LLP,DELOITTE LLP SR UNSEC D,955GGZ907,495297.55,6.3988e-05,DBT,CORP,US,2037-01-30,5.69,Long,,,Credit & Loans
2026-03-31,TCW CLO AMR LTD 2019-1A,"TCW CLO 2019 1 AMR, LTD. TCW 2019 1A ASNR 144A",87241EAQ8,5607000.11,0.0007243760000000001,ABS-CBDO,CORP,KY,2034-08-16,4.95434,Long,,,ABS / CLO
2026-03-31,N/A,SOLD JPY BOUGHT USD 20260402,000000000,858.72,1.11e-07,DFE,,JP,,,N/A,,44709.0,Derivative
2026-03-31,FHLMC PASS THRU POOLS,FED HM LN PC POOL C91168 FG 04/28 FIXED 5.5,3128P7JM6,454.96,5.9000000000000006e-08,ABS-MBS,USGSE,US,2028-04-01,5.5,Long,,,Agency MBS
2026-03-31,SMB PRIVATE EDUCATION LOAN TRUST 2024-A,SMB PRIVATE EDUCATION LOAN TRU SMB 2024 A A1A 144A,831943AA3,2127982.8,0.000274917,ABS-O,CORP,US,2056-03-15,5.24,Long,,,ABS / CLO
2026-03-31,GSR MORTGAGE LOAN TRUST 2006-AR1,GSR MORTGAGE LOAN TRUST GSR 2006 AR1 2A4,3623414D8,682100.84,8.8122e-05,ABS-MBS,CORP,US,2036-01-25,4.47789,Long,,,Non-Agency MBS
2026-03-31,N/A,SOLD ILS BOUGHT USD 20260610,000000000,10224.48,1.3210000000000001e-06,DFE,,IL,,,N/A,,442887.0,Derivative
2026-03-31,TENNESSEE VALLEY AUTHORITY (TVA),TENN VALLEY AUTHORITY SR UNSECURED 02/55 5.25,880591FC1,9866807.4,0.00127471,DBT,USGA,US,2055-02-01,5.25,Long,,,Government Related
2026-03-31,N/A,BOUGHT INR SOLD USD 20260407,000000000,-52367.75,-6.7650000000000005e-06,DFE,,IN,,,N/A,,2024539.74,Derivative
2026-03-31,GNMA PASS THRU POOLS,GNMA II POOL MA0528 G2 11/42 FIXED 3.5,36179MSR2,120768.44,1.5602e-05,ABS-MBS,USGSE,US,2042-11-20,3.5,Long,,,Agency MBS
2026-03-31,WSTN TRUST 2023-MAUI,WSTN TRUST WSTN 2023 MAUI A 144A,92943AAA2,3537899.05,0.000457066,ABS-MBS,CORP,US,2037-07-05,6.29674,Long,,,Non-Agency MBS
2026-03-31,GNMA PASS THRU POOLS,GNMA II POOL 004488 G2 07/39 FIXED 4.5,36202E6Z7,12057.68,1.558e-06,ABS-MBS,USGSE,US,2039-07-20,4.5,Long,,,Agency MBS
2026-03-31,FHLMC PASS THRU POOLS,FED HM LN PC POOL C91187 FG 06/28 FIXED 5.5,3128P7J87,1386.26,1.79e-07,ABS-MBS,USGSE,US,2028-06-01,5.5,Long,,,Agency MBS
2026-03-31,N/A,SOLD AUD BOUGHT USD 20260402,000000000,579088.36,7.4813e-05,DFE,,AU,,,N/A,,19015879.26,Derivative
2026-03-31,FNMA PASS THRU POOLS,FNMA POOL AZ9228 FN 10/45 FIXED 4,3140E2HE4,1199796.25,0.000155003,ABS-MBS,USGSE,US,2045-10-01,4.0,Long,,,Agency MBS
2026-03-31,PACIFIC NATIONAL FINANCE PTY LTD,PACIFIC NATIONAL FINANCE COMPANY GUAR REGS 03/28 4.75,BYVTPZII5,4255081.77,0.00054972,DBT,CORP,AU,2028-03-22,4.75,Long,,,Credit & Loans
2026-03-31,FNMA PASS THRU POOLS,FNMA POOL DF3717 FN 11/55 FIXED 5.5,3140BUDX7,6436439.81,0.000831533,ABS-MBS,USGSE,US,2055-11-01,5.5,Long,,,Agency MBS
2026-03-31,N/A,BOUGHT INR SOLD USD 20260424,000000000,10089.11,1.303e-06,DFE,,IN,,,N/A,,4619205.0,Derivative
2026-03-31,N/A,US 2YR NOTE (CBT) JUN26 XCBT 20260630,000000000,949238.85,0.000122633,DIR,,US,,,N/A,1229736733.84,,Derivative
2026-03-31,MADISON PARK FUNDING XXXIV LTD 2019-34A,MADISON PARK FUNDING LTD MDPK 2019 34A A1RR 144A,55819GAW9,15011608.05,0.00193937,ABS-CBDO,CORP,KY,2037-10-16,5.04113,Long,,,ABS / CLO
2026-03-31,N/A,BOUGHT PLN SOLD USD 20260422,000000000,-138658.17,-1.7913e-05,DFE,,PL,,,N/A,,5302346.0,Derivative
2026-03-31,ING GROEP NV,ING GROEP NV ING GROEP NV,456837BL6,10213849.0,0.00131954,DBT,CORP,NL,2030-03-19,5.335,Long,,,Credit & Loans
2026-03-31,MADISON PARK FUNDING XLIX LTD 2021-49A,MADISON PARK FUNDING LTD MDPK 2021 49A AR 144A,55820VAL7,4301867.06,0.0005557639999999999,ABS-CBDO,CORP,KY,2034-10-19,4.71763,Long,,,ABS / CLO
2026-03-31,PAGAYA AI DEBT TRUST 2024-2,PAGAYA AI DEBT SELECTION TRUST PAID 2024 2 A 144A,694961AA1,206830.24,2.6721e-05,ABS-O,CORP,US,2031-08-15,6.319,Long,,,ABS / CLO
2026-03-31,N/A,RFR USD SOFR/4.07585 03/13/26-20Y* LCH,000000000,55132.55,7.123e-06,DIR,,US,,,N/A,4500000.0,,Derivative
2026-03-31,N/A,BOUGHT JPY SOLD USD 20260402,000000000,14097.93,1.821e-06,DFE,,JP,,,N/A,,2647826.0,Derivative
2026-03-31,JPMCC COMMERCIAL MORTGAGE SECURITIES TRUST 2021-410T,JP MORGAN CHASE COMMERCIAL MOR JPMCC 2021 410T A 144A,46652WAA1,2077958.91,0.000268454,ABS-MBS,CORP,US,2042-03-05,2.28704,Long,,,Non-Agency MBS
2026-03-31,FNMA PASS THRU POOLS,FNMA POOL 745410 FN 01/36 FIXED VAR,31403DDP1,4956.68,6.4e-07,ABS-MBS,USGSE,US,2036-01-01,5.0,Long,,,Agency MBS
2026-03-31,GNMA PASS THRU POOLS,GNMA POOL 779942 GN 11/26 FIXED 3,36177HBK8,23110.68,2.986e-06,ABS-MBS,USGSE,US,2026-11-15,3.0,Long,,,Agency MBS
2026-03-31,ESSEX PORTFOLIO LP,ESSEX PORTFOLIO LP COMPANY GUAR 04/34 5.5,29717PBA4,1775324.81,0.000229357,DBT,CORP,US,2034-04-01,5.5,Long,,,Credit & Loans
2026-03-31,BLUE OWL CAPITAL CORPORATION,BLUE OWL CAPITAL CORP SR UNSECURED 03/29 5.95,69121KAH7,1976699.98,0.000255373,DBT,CORP,US,2029-03-15,5.95,Long,,,Credit & Loans
2026-03-31,JONES LANG LASALLE INCORPORATED,JONES LANG LASALLE INC SR UNSECURED 12/28 6.875,48020QAB3,3801502.26,0.000491121,DBT,CORP,US,2028-12-01,6.875,Long,,,Credit & Loans
2026-03-31,ROMARK CLO IV LTD 2021-4A,ROMARK CLO LTD RMRK 2021 4A A1R 144A,77588LAN1,3003164.55,0.000387983,ABS-CBDO,CORP,KY,2034-07-10,4.78968,Long,,,ABS / CLO
2026-03-31,N/A,RFR USD SOFR/3.00000 02/12/25-30Y LCH,000000000,7570852.12,0.0009780890000000001,DIR,,US,,,N/A,39000000.0,,Derivative
2026-03-31,PREFERRED TERM SECURITIES XXIV LTD/PREFERRED TERM SECURITIES XXIV INC,PREFERRED TERM XXIV SR SECURED 144A 03/37 VAR,74043CAA5,1398449.44,0.000180668,DBT,CORP,KY,2037-03-22,4.23562,Long,,,Credit & Loans
2026-03-31,FHLMC PASS THRU POOLS,FED HM LN PC POOL SD8329 FR 06/53 FIXED 5,3132DWHE6,17442286.87,0.00225339,ABS-MBS,USGSE,US,2053-06-01,5.0,Long,,,Agency MBS
2026-03-31,ANCHORAGE CREDIT FUNDING 25-18A LTD,ANCHORAGE CREDIT FUNDING LTD. ANCHF 2025 18A B 144A,03331MAC9,1986969.14,0.000256699,ABS-CBDO,CORP,KY,2040-10-22,5.702,Long,,,ABS / CLO
2026-03-31,AIR CANADA 2020-2 CLASS A PASS THROUGH TRUST,AIR CANADA 2020 2A PTT PASS THRU CE 144A 10/30 5.25,00909DAA1,1283218.78,0.000165781,DBT,CORP,CA,2030-10-01,5.25,Long,,,Credit & Loans
2026-03-31,N/A,SOLD TRY BOUGHT USD 20260402,000000000,-35664.62,-4.608e-06,DFE,,TR,,,N/A,,2335967.0,Derivative
2026-03-31,FNMA PASS THRU POOLS,FNMA POOL AL5540 FN 07/44 FIXED VAR,3138ENEN5,164233.11,2.1218e-05,ABS-MBS,USGSE,US,2044-07-01,4.5,Long,,,Agency MBS
2026-03-31,CARRINGTON MORTGAGE LN TR 2005-OPT2,CARRINGTON MORTGAGE LOAN TRUST CARR 2005 OPT2 M5,144531CN8,2341445.66,0.000302495,ABS-MBS,CORP,US,2035-05-25,4.84303,Long,,,Non-Agency MBS
2026-03-31,ANTARES HOLDINGS LP,ANTARES HOLDINGS SR UNSECURED 144A 10/29 6.35,03666HAH4,5843271.09,0.0007549,DBT,CORP,US,2029-10-23,6.35,Long,,,Credit & Loans
2026-03-31,POLESTAR RE LTD,POLESTAR RE LTD UNSECURED 144A 01/29 VAR,73110JAF9,250562.5,3.2371e-05,DBT,CORP,BM,2029-01-08,14.1621,Long,,,Credit & Loans
2026-03-31,JANE STREET GROUP / JSG FINANCE INC,JANE STREET GRP/JSG FIN SR SECURED 144A 04/31 7.125,47077WAC2,1542849.0,0.000199323,DBT,CORP,US,2031-04-30,7.125,Long,,,Credit & Loans
2026-03-31,DOMINO'S PIZZA MASTER ISSUER LLC 2025-1A,DOMINOS PIZZA MASTER ISSUER LL DPABS 2025 1A A2I 144A,25755TAQ3,22456095.75,0.00290113,ABS-O,CORP,US,2055-07-25,4.93,Long,,,ABS / CLO
2026-03-31,AIR LEASE CORPORATION,AIR LEASE CORP SR UNSECURED 01/32 2.875,00914AAS1,186209.86,2.4057000000000004e-05,DBT,CORP,US,2032-01-15,2.875,Long,,,Credit & Loans
2026-03-31,N/A,RFR USD SOFR/3.53200 08/20/24-10Y LCH,000000000,216090.91,2.7916999999999997e-05,DIR,,US,,,N/A,10100000.0,,Derivative
2026-03-31,N/A,SOLD COP BOUGHT USD 20260617,000000000,-56788.56,-7.337e-06,DFE,,CO,,,N/A,,5518997.0,Derivative
2026-03-31,WAMU MTGE P/T CERT 2007-HY7,WAMU MORTGAGE PASS THROUGH CER WAMU 2007 HY7 3A2,93364FAH4,1600178.74,0.000206729,ABS-MBS,CORP,US,2037-07-25,4.15914,Long,,,Non-Agency MBS
2026-03-31,OPTION ONE MORTGAGE LOAN TRUST 2007-3,OPTION ONE MORTGAGE LOAN TRUST OOMLT 2007 3 2A2,68402BAC0,998501.34,0.000128998,ABS-MBS,CORP,US,2037-04-25,3.97303,Long,,,Non-Agency MBS
2026-03-31,FHLMC PASS THRU POOLS,FED HM LN PC POOL Q45705 FG 01/47 FIXED 4,3132WKKT4,548162.73,7.0818e-05,ABS-MBS,USGSE,US,2047-01-01,4.0,Long,,,Agency MBS
2026-03-31,FREDDIE MAC REMICS 3852,FREDDIE MAC FHR 3852 SG,3137ABAR2,420107.4,5.4273999999999996e-05,ABS-MBS,USGSE,US,2041-05-15,1.24329,Long,,,Agency MBS
2026-03-31,BOEING CO/THE,BOEING CO/THE SR UNSECURED 05/34 6.528,097023DS1,1198735.65,0.000154866,DBT,CORP,US,2034-05-01,6.528,Long,,,Credit & Loans
2026-03-31,COUNTRYWIDE ALTERNATIVE LN TR 2005-65CB,COUNTRYWIDE ALTERNATIVE LOAN T CWALT 2005 65CB 2A3,12668AZ32,376078.87,4.8586000000000005e-05,ABS-MBS,CORP,US,2035-12-25,5.5,Long,,,Non-Agency MBS
2026-03-31,SOUTH AFRICA GOVT,REPUBLIC OF SOUTH AFRICA BONDS 02/35 8.875,BYY9RYII7,40494641.57,0.00523156,DBT,NUSS,ZA,2035-02-28,8.875,Long,,,Government Related
2026-03-31,NFL FOOTBALL CLUB TERM NOTES 2025-XIX TRUST,NATIONAL FOOTBALL LEAGUE 12YR JUL SR SEC,957IHJII7,598768.34,7.7356e-05,DBT,CORP,US,2037-10-05,5.42,Long,,,Credit & Loans
2026-03-31,UNITED STATES GOVT,US TREASURY N/B 02/42 2.375,912810TF5,109365234.0,0.014129000000000001,DBT,UST,US,2042-02-15,2.375,Long,,,Government Related
2026-03-31,GOLUB CAPITAL PRIVATE CREDIT FUND,GOLUB CAPITAL CAP FND SR UNSECURED 144A 08/28 5.45,38179RAE5,3946181.4,0.000509813,DBT,CORP,US,2028-08-15,5.45,Long,,,Credit & Loans
2026-03-31,N/A,SOLD ILS BOUGHT USD 20260617,000000000,6910.54,8.930000000000001e-07,DFE,,IL,,,N/A,,1385735.0,Derivative
2026-03-31,FREDDIE MAC REMICS 2601,FREDDIE MAC FHR 2601 LL,31393PV68,15266.58,1.972e-06,ABS-MBS,USGSE,US,2033-04-15,5.25,Long,,,Agency MBS
2026-03-31,RESIDENTIAL ASSET SECURITIZATION TRUST 2004-A4,RESIDENTIAL ASSET SECURITIZATI RAST 2004 A4 A11,45660NK46,963512.96,0.000124478,ABS-MBS,CORP,US,2034-08-25,5.5,Long,,,Non-Agency MBS
2026-03-31,FHLMC PASS THRU POOLS,FED HM LN PC POOL SD5297 FR 04/54 FIXED 6,3132DS3E0,1071239.21,0.000138395,ABS-MBS,USGSE,US,2054-04-01,6.0,Long,,,Agency MBS
2026-03-31,FNMA PASS THRU POOLS,FNMA POOL BE3009 FN 12/46 FIXED 4,3140FNKX1,453274.86,5.8559e-05,ABS-MBS,USGSE,US,2046-12-01,4.0,Long,,,Agency MBS
2026-03-31,CAPITAL STREET MASTER TRUST 2025-1,CAPITAL STREET MASTER TRUST CAPST 2025 1 A 144A,14051LAC6,2997060.6,0.000387194,ABS-O,CORP,US,2029-08-16,4.77223,Long,,,ABS / CLO
2026-03-31,N/A,SOLD KRW BOUGHT USD 20260427,000000000,5205.55,6.73e-07,DFE,,KR,,,N/A,,1146000.0,Derivative
2026-03-31,BAMLL COMMERCIAL MORTGAGE SECURITIES TRUST 2024-AWH,BAMLL COML MTG SECS TR 2024 04/42 1,05554WAA6,7763811.0,0.00100302,ABS-MBS,CORP,US,2042-04-20,2.847,Long,,,Non-Agency MBS
2026-03-31,FHLMC PASS THRU POOLS,FED HM LN PC POOL Q00387 FG 04/41 FIXED 4.5,3132GDNC2,40775.31,5.268e-06,ABS-MBS,USGSE,US,2041-04-01,4.5,Long,,,Agency MBS
2026-03-31,UMBS PASS THRU POOLS,FNMA TBA 30 YR 6.5 SINGLE FAMILY MORTGAGE,01F062663,102334662.54,0.0132208,ABS-MBS,USGSE,US,2056-06-11,6.5,Long,,,Agency MBS
2026-03-31,NOMURA ASSET ACCEPTANCE CORP 2007-2,NOMURA ASSET ACCEPTANCE CORPOR NAA 2007 2 A3,655378AD9,3714929.99,0.000479937,ABS-MBS,CORP,US,2037-06-25,4.29303,Long,,,Non-Agency MBS
2026-03-31,UMBS PASS THRU POOLS,FNMA TBA 30 YR 5 SINGLE FAMILY MORTGAGE,01F050650,331279700.15,0.042798499999999996,ABS-MBS,USGSE,US,2056-05-13,5.0,Long,,,Agency MBS
2026-03-31,UNITED STATES GOVT,US TREASURY N/B 05/55 4.75,912810UK2,31460957.11,0.00406448,DBT,UST,US,2055-05-15,4.75,Long,,,Government Related
2026-03-31,N/A,BOUGHT TWD SOLD USD 20260423,000000000,-5494.02,-7.100000000000001e-07,DFE,,TW,,,N/A,,2720000.0,Derivative
2026-03-31,HARVEST US CLO 2023-1 LTD,HARVEST US CLO LTD HARUS 2023 1A A1R 144A,417923AL3,2598068.62,0.00033564799999999997,ABS-CBDO,CORP,JE,2037-01-15,4.81763,Long,,,ABS / CLO
2026-03-31,ENERGY TRANSFER LP,ENERGY TRANSFER LP COMPANY GUAR 05/45 5.35,86765BAQ2,536927.65,6.9366e-05,DBT,CORP,US,2045-05-15,5.35,Long,,,Credit & Loans
2026-03-31,NMI HOLDINGS INC,NMI HOLDINGS SR UNSECURED 08/29 6,629209AC1,4810544.24,0.000621481,DBT,CORP,US,2029-08-15,6.0,Long,,,Credit & Loans
2026-03-31,N/A,SOLD THB BOUGHT USD 20260420,000000000,167.4,2.2000000000000002e-08,DFE,,TH,,,N/A,,3034.18,Derivative
2026-03-31,ACREC 2026-FL4 LLC,ACREC LLC ACREC 2026 FL4 A 144A,004970AA7,2298845.17,0.000296991,ABS-CBDO,CORP,KY,2043-01-18,5.12956,Long,,,ABS / CLO
2026-03-31,N/A,US LONG BOND(CBT) JUN26 XCBT 20260618,000000000,-2290120.87,-0.000295864,DIR,,US,,,N/A,64625953.13,,Derivative
2026-03-31,MINNESOTA HOUSING FINANCE AGENCY,MINNESOTA ST HSG FIN AGY MNSHSG 01/29 FIXED 5.301,60416T8D3,4830104.9,0.000624008,DBT,MUN,US,2029-01-01,5.301,Long,,,Municipal / Other
2026-03-31,RENAISSANCE HOME EQUITY LOAN TR 2006-3,RENAISSANCE HOME EQUITY LOAN T RAMC 2006 3 AF4,75971EAG1,3839259.29,0.000495999,ABS-MBS,CORP,US,2036-11-25,5.812,Long,,,Non-Agency MBS
2026-03-31,SLM STUDENT LOAN TRUST 2008-2,SLM STUDENT LOAN TRUST SLMA 2008 2 A3,784442AC9,47637.96,6.154e-06,ABS-O,CORP,US,2049-04-25,4.89862,Long,,,ABS / CLO
2026-03-31,N/A,SOLD ZAR BOUGHT USD 20260420,000000000,-17060.93,-2.204e-06,DFE,,ZA,,,N/A,,2127117.0,Derivative
2026-03-31,CREDIT SUISSE GROUP AG,CS AT1 CLAIMS US22546DAB29 CREDIT SUISSE GROUP AG,952NPKII9,2170000.0,0.000280345,DBT,CORP,US,2060-12-31,0.0,Long,,,Credit & Loans
2026-03-31,BAYFRT-7A,BAYFRONT IABS VII PTE. LTD. BAYFRT 7A A 144A,ACI355GJ4,5999788.2,0.000775121,ABS-CBDO,CORP,SG,2048-04-11,5.04004,Long,,,ABS / CLO
2026-03-31,FNMA PASS THRU POOLS,FNMA POOL FA5022 FN 02/56 FIXED VAR,3140W5SL9,31400035.7,0.0040566099999999996,ABS-MBS,USGSE,US,2056-02-01,5.5,Long,,,Agency MBS
2026-03-31,VITALITY RE XVII LTD,VITALITY RE XVII LTD UNSECURED 144A 01/31 VAR,92853KAC4,250012.5,3.2299e-05,DBT,CORP,KY,2031-01-08,7.5253,Long,,,Credit & Loans
2026-03-31,N/A,LONG GILT FUTURE  JUN26 IFLL 20260626,000000000,-3380775.58,-0.000436767,DIR,,GB,,,N/A,104927592.44,,Derivative
2026-03-31,N/A,BOUGHT GBP SOLD USD 20260505,000000000,-185773.5,-2.3999999999999997e-05,DFE,,GB,,,N/A,,15340595.72,Derivative
2026-03-31,OCTAGON INVESTMENT PARTNERS 41 LTD 2019-2A,OCTAGON INVESTMENT PARTNERS 41 OCT41 2019 2A A1R2 144A,67592FBA6,15009292.65,0.00193907,ABS-CBDO,CORP,KY,2033-10-15,4.76219,Long,,,ABS / CLO
2026-03-31,DEUTSCHE BANK AG/NEW YORK BRANCH,DEUTSCHE BANK NY 11/27 VAR,251526CP2,4439120.9,0.000573496,DBT,CORP,DE,2027-11-16,2.311,Long,,,Credit & Loans
2026-03-31,N/A,BOUGHT PLN SOLD USD 20260415,000000000,-33104.36,-4.277e-06,DFE,,PL,,,N/A,,1363791.52,Derivative
2026-03-31,ANCHORAGE CREDIT FUNDING 2019-9A LTD,ANCHORAGE CREDIT FUNDING LTD. ANCHF 2019 9A AV 144A,03330HAA5,766451.35,9.9019e-05,ABS-CBDO,CORP,KY,2037-10-25,3.793,Long,,,ABS / CLO
2026-03-31,CITIGROUP INC,CITIGROUP INC SR UNSECURED 11/30 VAR,17308CC53,4440241.34,0.0005736410000000001,DBT,CORP,US,2030-11-05,2.976,Long,,,Credit & Loans
2026-03-31,N/A,SOLD THB BOUGHT USD 20260416,000000000,11177.46,1.444e-06,DFE,,TH,,,N/A,,332960.0,Derivative
2026-03-31,WELLS FARGO HOME EQUITY TRUST 2005-4,WELLS FARGO HOME EQUITY TRUST WFHET 2005 4 M3,9497EMAJ4,692290.44,8.9438e-05,ABS-MBS,CORP,US,2035-12-25,4.54303,Long,,,Non-Agency MBS
2026-03-31,NEW YORK CITY INDUSTRIAL DEVELOPMENT AGENCY,NEW YORK CITY NY INDL DEV AGY NYCDEV 01/46 FIXED 6.027,64971PEC5,488523.9,6.3113e-05,DBT,MUN,US,2046-01-01,6.027,Long,,,Municipal / Other
2026-03-31,SAMMONS FINANCIAL GROUP GLOBAL FUNDING,SAMMONS FINANCIAL GLOBAL SECURED 144A 12/29 5.1,79587J2A0,1516270.55,0.00019588899999999998,DBT,CORP,US,2029-12-10,5.1,Long,,,Credit & Loans
2026-03-31,MASTR ADJUSTABLE RT MTGE TRUST 2004-3,MASTR ADJUSTABLE RATE MORTGAGE MARM 2004 3 1A1,576433KM7,79172.58,1.0228e-05,ABS-MBS,CORP,US,2034-04-25,2.51681,Long,,,Non-Agency MBS
2026-03-31,MAPLE GROVE FUNDING TRUST I,MAPLE GROVE FUNDING TR I SR UNSECURED 144A 08/51 4.161,565130AA9,3987716.43,0.0005151789999999999,DBT,CORP,US,2051-08-15,4.161,Long,,,Credit & Loans
2026-03-31,ANCHORAGE CREDIT FUNDING 2020-10A LTD,ANCHORAGE CREDIT FUNDING LTD. ANCHF 2020 10A AV 144A,03332AAA8,1893861.61,0.00024467099999999996,ABS-CBDO,CORP,KY,2038-04-25,3.619,Long,,,ABS / CLO
2026-03-31,FNMA PASS THRU POOLS,FNMA POOL 880115 FN 04/36 FIXED 5,31409VYL1,3094.54,4.0000000000000003e-07,ABS-MBS,USGSE,US,2036-04-01,5.0,Long,,,Agency MBS
2026-03-31,FNMA PASS THRU POOLS,FNMA POOL AB3272 FN 07/41 FIXED 4.5,31416YT65,1372898.75,0.000177367,ABS-MBS,USGSE,US,2041-07-01,4.5,Long,,,Agency MBS
2026-03-31,JACKSON NATIONAL LIFE GLOBAL FUNDING,JACKSON NATL LIFE GLOBAL SECURED 144A 01/28 VAR,46849CJN2,3096000.23,0.000399977,DBT,CORP,US,2028-01-14,4.63926,Long,,,Credit & Loans
2026-03-31,N/A,BOUGHT PLN SOLD USD 20260422,000000000,-158367.77,-2.046e-05,DFE,,PL,,,N/A,,6275850.04,Derivative
2026-03-31,ONEMAIN FINANCE CORPORATION,ONEMAIN FINANCE CORP COMPANY GUAR 01/28 6.625,85172FAQ2,1309820.2,0.00016921700000000002,DBT,CORP,US,2028-01-15,6.625,Long,,,Credit & Loans
2026-03-31,FHLMC PASS THRU POOLS,FED HM LN PC POOL T65213 FG 04/44 FIXED 4.5,31322YYJ4,32992.63,4.262e-06,ABS-MBS,USGSE,US,2044-04-01,4.5,Long,,,Agency MBS
2026-03-31,N/A,SOLD MXN BOUGHT USD 20260617,000000000,3036.07,3.9199999999999996e-07,DFE,,MX,,,N/A,,625084.81,Derivative
2026-03-31,TEXAS-NEW MEXICO POWER COMPANY,TEXAS NEW MEXICO PR 1ST MTGE,957JLAII9,7472986.43,0.0009654450000000001,DBT,CORP,US,2030-07-31,4.83,Long,,,Credit & Loans
2026-03-31,MFA 2020-NQM2 TRUST,MFRA TRUST MFRA 2020 NQM2 A2 144A,552751AB5,364787.93,4.7127000000000005e-05,ABS-MBS,CORP,US,2065-04-25,1.638,Long,,,Non-Agency MBS
2026-03-31,TOWD POINT MORTGAGE TRUST 2026-CES1,TOWD POINT MORTGAGE TRUST TPMT 2026 CES1 A1 144A,89190LAA4,2429147.84,0.000313825,ABS-MBS,CORP,US,2066-01-25,4.961,Long,,,Non-Agency MBS
2026-03-31,FHLMC PASS THRU POOLS,FED HM LN PC POOL N31025 FG 09/33 FIXED 4,31281BD64,3458.59,4.47e-07,ABS-MBS,USGSE,US,2033-09-01,4.0,Long,,,Agency MBS
2026-03-31,BBCMS MORTGAGE TRUST 2026-5C40,BARCLAYS COMMERCIAL MORTGAGE S BBCMS 2026 5C40 A3,05557AAC7,2962185.28,0.000382689,ABS-MBS,CORP,US,2059-02-15,5.24793,Long,,,Non-Agency MBS
2026-03-31,ANCHORAGE CAPITAL CLO 28 LTD,ANCHORAGE CAPITAL CLO LTD ANCHC 2024 28A A1R 144A,03330RAL9,3491994.42,0.000451136,ABS-CBDO,CORP,KY,2037-04-20,4.83219,Long,,,ABS / CLO
2026-03-31,SANTANDER HOLDINGS USA INC,SANTANDER HOLDINGS USA SR UNSECURED 06/29 VAR,80282KBG0,3104832.96,0.000401118,DBT,CORP,US,2029-06-12,6.565,Long,,,Credit & Loans
2026-03-31,QUANTA SERVICES INC,QUANTA SERVICES INC SR UNSECURED 10/30 2.9,74762EAF9,1855933.66,0.000239771,DBT,CORP,US,2030-10-01,2.9,Long,,,Credit & Loans
2026-03-31,N/A,SOLD ILS BOUGHT USD 20260617,000000000,29553.17,3.818e-06,DFE,,IL,,,N/A,,1367844.0,Derivative
2026-03-31,FHLMC PASS THRU POOLS,FED HM LN PC POOL QF0220 FR 09/52 FIXED 5,3133BMG58,19120481.23,0.0024702,ABS-MBS,USGSE,US,2052-09-01,5.0,Long,,,Agency MBS
2026-03-31,CASTLELAKE AIRCRAFT SECURITIZATION TRUST 2018-1,CASTLELAKE AIRCRAFT STRUCTURED CLAST 2018 1 A 144A,14856CAA7,182485.63,2.3576e-05,ABS-O,CORP,US,2043-06-15,4.125,Long,,,ABS / CLO
2026-03-31,N/A,BOUGHT KRW SOLD USD 20260413,000000000,-9160.36,-1.183e-06,DFE,,KR,,,N/A,,444000.0,Derivative
2026-03-31,FREDDIE MAC REMICS 5565,FREDDIE MAC FHR 5565 FC,3137HMGL8,23474751.76,0.00303274,ABS-MBS,USGSE,US,2055-08-25,4.8619,Long,,,Agency MBS
2026-03-31,NELNET STUDENT LOAN TRUST 2023-AA,NELNET STUDENT LOAN TRUST NSLT 2023 AA AFX 144A,64032PAB8,2147632.28,0.000277456,ABS-O,CORP,US,2041-02-20,6.64,Long,,,ABS / CLO
2026-03-31,N/A,SOLD AUD BOUGHT USD 20260504,000000000,-164976.9,-2.1314e-05,DFE,,AU,,,N/A,,28595835.24,Derivative
2026-03-31,GNMA PASS THRU POOLS,GNMA II POOL MA1496 G2 12/28 FIXED 3,36179NUV8,9176.09,1.1849999999999999e-06,ABS-MBS,USGSE,US,2028-12-20,3.0,Long,,,Agency MBS
2026-03-31,BOSPHORUS CLO IX DAC 9A,BOSPHORUS CLO BOPHO 9A AR 144A,ACI396444,2542870.48,0.00032851699999999996,ABS-CBDO,CORP,IE,2038-04-15,3.51,Long,,,ABS / CLO
2026-03-31,BLUE CROSS AND BLUE SHIELD OF MINNESOTA,BLUE CRO AND BLU SHIE OF MI SR UNSEC 4A2,990AAWUC0,3980900.92,0.000514298,DBT,CORP,US,2032-04-30,5.96,Long,,,Credit & Loans
2026-03-31,N/A,BOUGHT MXN SOLD USD 20260610,000000000,-6453.88,-8.34e-07,DFE,,MX,,,N/A,,1153322.69,Derivative
2026-03-31,N/A,SOLD INR BOUGHT USD 20260407,000000000,-11709.71,-1.513e-06,DFE,,IN,,,N/A,,5398621.86,Derivative
2026-03-31,N/A,SOLD BRL BOUGHT USD 20260402,000000000,-5906.19,-7.629999999999999e-07,DFE,,BR,,,N/A,,520000.0,Derivative
2026-03-31,FHLMC PASS THRU POOLS,FED HM LN PC POOL Q07046 FG 03/42 FIXED 3.5,3132GSET2,7440.34,9.61e-07,ABS-MBS,USGSE,US,2042-03-01,3.5,Long,,,Agency MBS
2026-03-31,MAIN STREET CAPITAL CORPORATION,MAIN STREET CAPITAL CORP SR UNSECURED 03/29 6.95,56035LAH7,3190471.21,0.000412181,DBT,CORP,US,2029-03-01,6.95,Long,,,Credit & Loans
2026-03-31,N/A,SOLD COP BOUGHT USD 20260803,000000000,-1006.07,-1.3e-07,DFE,,CO,,,N/A,,2282121.0,Derivative
2026-03-31,FANNIE MAE 2005-120,FANNIE MAE FNR 2005 120 WS,31394VKJ8,51873.14,6.702e-06,ABS-MBS,USGSE,US,2036-01-25,8.78677,Long,,,Agency MBS
2026-03-31,CQS US CLO 2025-5 LTD,CQS US CLO LTD CQS 2025 5A A1 144A,12676EAA5,26235367.22,0.00338938,ABS-CBDO,CORP,KY,2039-01-17,5.10075,Long,,,ABS / CLO
2026-03-31,FHLMC PASS THRU POOLS,FED HM LN PC POOL N31313 FG 09/36 FIXED 5.5,31281BN63,12194.94,1.5750000000000002e-06,ABS-MBS,USGSE,US,2036-09-01,5.5,Long,,,Agency MBS
2026-03-31,GE CAPITAL FUNDING LLC,GE CAPITAL FUNDING LLC COMPANY GUAR 05/32 4.55,36166NAK9,1496439.84,0.000193327,DBT,CORP,US,2032-05-15,4.55,Long,,,Credit & Loans
2026-03-31,FANNIE MAE REMICS 2007-72,FANNIE MAE FNR 2007 72 B,31396WQN9,21746.97,2.81e-06,ABS-MBS,USGSE,US,2037-07-25,6.0,Long,,,Agency MBS
2026-03-31,FNMA PASS THRU POOLS,FNMA POOL 256786 FN 06/37 FIXED 6,31371NF34,25276.69,3.266e-06,ABS-MBS,USGSE,US,2037-06-01,6.0,Long,,,Agency MBS
2026-03-31,SUBWAY FUNDING LLC 2024-1A,SUBWAY FUNDING LLC SUBWAY 2024 1A A2I 144A,864300AA6,5171850.81,0.000668159,ABS-O,CORP,US,2054-07-30,6.028,Long,,,ABS / CLO
2026-03-31,N/A,BOUGHT INR SOLD USD 20260407,000000000,-154699.25,-1.9986e-05,DFE,,IN,,,N/A,,3856800.0,Derivative
2026-03-31,COUNTRYWIDE ASSET-BACKED CERT 2007-6,COUNTRYWIDE ASSET BACKED CERTI CWL 2007 6 2A3,12669LAD2,1175037.12,0.000151805,ABS-MBS,CORP,US,2037-09-25,4.23303,Long,,,Non-Agency MBS
2026-03-31,NISOURCE INC,NISOURCE INC SR UNSECURED 02/31 1.7,65473PAL9,5825767.45,0.0007526389999999999,DBT,CORP,US,2031-02-15,1.7,Long,,,Credit & Loans
2026-03-31,GLOBAL ATLANTIC (FIN) COMPANY,GLOBAL ATLANTIC FIN CO COMPANY GUAR 144A 10/29 4.4,37959GAA5,3290479.85,0.00042510199999999996,DBT,CORP,US,2029-10-15,4.4,Long,,,Credit & Loans
2026-03-31,COUNTRYWIDE ASSET-BACKED CERT 2007-9,COUNTRYWIDE ASSET BACKED CERTI CWL 2007 9 1A,12670FAA8,5803900.57,0.000749814,ABS-MBS,CORP,US,2047-06-25,3.99303,Long,,,Non-Agency MBS
2026-03-31,ANTARES HOLDINGS LP,ANTARES HOLDINGS SR UNSECURED 144A 02/29 6.5,03666HAG6,1202020.08,0.000155291,DBT,CORP,US,2029-02-08,6.5,Long,,,Credit & Loans
2026-03-31,DIAMETER CAPITAL CLO 2024-6A,DIAMETER CAPITAL CLO DCLO 2024 6A A1 144A,25255UAA0,8926577.63,0.00115324,ABS-CBDO,CORP,KY,2037-04-15,5.28219,Long,,,ABS / CLO
2026-03-31,N/A,SOLD INR BOUGHT USD 20260407,000000000,33312.08,4.304e-06,DFE,,IN,,,N/A,,2840177.0,Derivative
2026-03-31,N/A,BOUGHT COP SOLD USD 20260408,000000000,10024.3,1.295e-06,DFE,,CO,,,N/A,,1717707.51,Derivative
2026-03-31,FANNIE MAE REMICS 2012-58,FANNIE MAE FNR 2012 58 KB,3136A6KA1,341291.59,4.4092000000000004e-05,ABS-MBS,USGSE,US,2042-06-25,3.5,Long,,,Agency MBS
2026-03-31,GNMA PASS THRU POOLS,GNMA II POOL MA0388 G2 09/42 FIXED 4,36179MND8,118708.96,1.5336e-05,ABS-MBS,USGSE,US,2042-09-20,4.0,Long,,,Agency MBS
2026-03-31,JP MORGAN CHASE COMMERCIAL MORTGAGE SECURITIES TRUST 2018-WPT,JP MORGAN CHASE COMMERCIAL MOR JPMCC 2018 WPT AFL 144A,46645WAA1,1737688.83,0.00022449400000000002,ABS-MBS,CORP,US,2033-07-05,4.86,Long,,,Non-Agency MBS
2026-03-31,LEGACY MORTGAGE ASSET TRUST 2021-GS5,LEGACY MORTGAGE ASSET TRUST LMAT 2021 GS5 A1 144A,52475XAA2,1497341.17,0.000193444,ABS-MBS,CORP,US,2067-07-25,6.25,Long,,,Non-Agency MBS
2026-03-31,FNMA PASS THRU POOLS,FNMA POOL 931375 FN 06/39 FIXED 4.5,31412PXC0,11780.86,1.5220000000000002e-06,ABS-MBS,USGSE,US,2039-06-01,4.5,Long,,,Agency MBS
2026-03-31,FANNIE MAE REMICS 2025-66,FANNIE MAE FNR 2025 66 FL,3136BWZV1,23786545.68,0.00307302,ABS-MBS,USGSE,US,2055-08-25,4.8619,Long,,,Agency MBS
2026-03-31,FHLMC PASS THRU POOLS,FED HM LN PC POOL Q14520 FG 01/43 FIXED 3,3132HRAV2,306.05,4e-08,ABS-MBS,USGSE,US,2043-01-01,3.0,Long,,,Agency MBS
2026-03-31,GOVERNMENT NATIONAL MTGE ASSOC 2005-3,GOVERNMENT NATIONAL MORTGAGE A GNR 2005 3 LZ,38374KSP9,54600.24,7.0540000000000006e-06,ABS-MBS,USGSE,US,2035-01-20,4.75,Long,,,Agency MBS
2026-03-31,MAYFLOWER RE LTD,MAYFLOWER RE LTD UNSECURED 144A 07/30 VAR,57839MAA6,504850.0,6.522199999999999e-05,DBT,CORP,BM,2030-07-08,8.555,Long,,,Credit & Loans
2026-03-31,FNMA PASS THRU POOLS,FNMA POOL BM5485 FN 02/49 FIXED VAR,3140JACX4,663274.36,8.568900000000001e-05,ABS-MBS,USGSE,US,2049-02-01,3.5,Long,,,Agency MBS
2026-03-31,FHLMC PASS THRU POOLS,FED HM LN PC POOL Q03759 FG 10/41 FIXED 3.5,3132GJZY8,626.7,8.1e-08,ABS-MBS,USGSE,US,2041-10-01,3.5,Long,,,Agency MBS
2026-03-31,GNMA PASS THRU POOLS,GNMA POOL AG8922 GN 02/29 FIXED 3,36182D4F9,67060.99,8.664e-06,ABS-MBS,USGSE,US,2029-02-15,3.0,Long,,,Agency MBS
2026-03-31,N/A,SOLD COP BOUGHT USD 20260723,000000000,-52023.84,-6.7210000000000005e-06,DFE,,CO,,,N/A,,2258902.84,Derivative
2026-03-31,GREENSKY HOME IMPROVEMENT TRUST 2024-1,GREENSKY HOME IMPROVEMENT ISSU GSKY 2024 1 A3 144A,39571MAC2,508853.1,6.5739e-05,ABS-O,CORP,US,2059-06-25,5.55,Long,,,ABS / CLO
2026-03-31,WINSTON RE LTD,WINSTON RE LTD UNSECURED 144A 02/28 VAR,975660AC5,255800.0,3.3047e-05,DBT,CORP,BM,2028-02-21,10.02,Long,,,Credit & Loans
2026-03-31,N/A,SOLD CNH BOUGHT USD 20260402,000000000,-1316.73,-1.7e-07,DFE,,CN,,,N/A,,663786.75,Derivative
2026-03-31,BENCHMARK 2023-V4 MORTGAGE TRUST,BENCHMARK MORTGAGE TRUST BMARK 2023 V4 A3,081926AC1,7008719.92,0.0009054660000000001,ABS-MBS,CORP,US,2056-11-15,6.84094,Long,,,Non-Agency MBS
2026-03-31,N/A,SOLD TWD BOUGHT USD 20260413,000000000,1939.34,2.51e-07,DFE,,TW,,,N/A,,528663.66,Derivative
2026-03-31,LEGACY MORTGAGE ASSET TRUST 2021-GS1,LEGACY MORTGAGE ASSET TRUST LMAT 2021 GS1 A1 144A,52474JAA4,1240257.44,0.000160231,ABS-MBS,CORP,US,2066-10-25,5.892,Long,,,Non-Agency MBS
2026-03-31,N/A,SOLD ZAR BOUGHT USD 20260420,000000000,-5791.25,-7.48e-07,DFE,,ZA,,,N/A,,2032268.0,Derivative
2026-03-31,SIXTH STREET LENDING PARTNERS,SIXTH STREET LENDING PAR SR UNSECURED 01/30 5.75,829932AD4,2956568.94,0.00038196300000000003,DBT,CORP,US,2030-01-15,5.75,Long,,,Credit & Loans
2026-03-31,TRINITAS CLO VII LTD 2017-7A,TRINITAS CLO LTD TRNTS 2017 7A A1R2 144A,89641CAU5,1800573.93,0.000232619,ABS-CBDO,CORP,KY,2035-01-25,4.72802,Long,,,ABS / CLO
2026-03-31,GNMA PASS THRU POOLS,GNMA II POOL 784034 G2 08/30 FIXED 2,3622A2PT3,334844.1,4.3259e-05,ABS-MBS,USGSE,US,2030-08-20,2.0,Long,,,Agency MBS
2026-03-31,NBA (HARDWOOD FUNDING LLC),HARDWOOD FUNDING LLC CORP0HRF2,955NUGII9,1509540.57,0.00019501999999999999,DBT,CORP,US,2032-06-07,5.16,Long,,,Credit & Loans
2026-03-31,JP MORGAN MORTGAGE ACQI CORP 2006-CH1,JP MORGAN MORTGAGE ACQUISITION JPMAC 2006 CH1 M4,46629TAJ9,952305.24,0.00012303,ABS-MBS,CORP,US,2036-07-25,4.36303,Long,,,Non-Agency MBS
2026-03-31,FNMA PASS THRU POOLS,FNMA POOL MA3443 FN 08/48 FIXED 4,31418CZH0,1085858.35,0.000140284,ABS-MBS,USGSE,US,2048-08-01,4.0,Long,,,Agency MBS
2026-03-31,ARMOR RE II LTD,ARMOR RE II LTD UNSECURED 144A 01/32 VAR,04227FAF2,265075.0,3.4245e-05,DBT,CORP,BM,2032-01-07,12.04,Long,,,Credit & Loans
2026-03-31,N/A,SOLD CAD BOUGHT USD 20260402,000000000,160.16,2.1e-08,DFE,,CA,,,N/A,,52575.06,Derivative
2026-03-31,WELLS FARGO & COMPANY,WELLS FARGO + COMPANY SR UNSECURED 04/36 VAR,95000U3V3,14792309.23,0.00191104,DBT,CORP,US,2036-04-23,5.605,Long,,,Credit & Loans
2026-03-31,SAXON ASSET SECURITIES TRUST 2004-1,SAXON ASSET SECURITIES TRUST SAST 2004 1 M1,805564PN5,85719.05,1.1074e-05,ABS-MBS,CORP,US,2035-03-25,4.58803,Long,,,Non-Agency MBS
2026-03-31,NFL FOOTBALL CLUB TERM NOTES 2025-XIX TRUST,NATIONAL FOOTBALL LEAGUE 12YR OCT SR SEC,990ABCUQ2,1495651.65,0.000193225,DBT,CORP,US,2037-10-05,5.42,Long,,,Credit & Loans
2026-03-31,CHENIERE ENERGY INC,CHENIERE ENERGY INC SR UNSECURED 04/34 5.65,16411RAN9,3089523.45,0.00039914,DBT,CORP,US,2034-04-15,5.65,Long,,,Credit & Loans
2026-03-31,N/A,BOUGHT KRW SOLD USD 20260423,000000000,-1140.81,-1.47e-07,DFE,,KR,,,N/A,,390000.0,Derivative
2026-03-31,ANCHORAGE CAPITAL CLO 2021-20A LTD,ANCHORAGE CAPITAL CLO LTD ANCHC 2021 20A A1R 144A,03330YAJ9,2000643.12,0.000258466,ABS-CBDO,CORP,KY,2035-01-20,4.76763,Long,,,ABS / CLO
2026-03-31,FHLMC PASS THRU POOLS,FED HM LN PC POOL SD8349 FR 08/53 FIXED 5.5,3132DWH22,36869325.39,0.0047632,ABS-MBS,USGSE,US,2053-08-01,5.5,Long,,,Agency MBS
2026-03-31,ENEL FINANCE INTERNATIONAL NV,ENEL FINANCE INTL NV COMPANY GUAR 144A 10/32 7.5,29278GBA5,3154337.51,0.00040751299999999997,DBT,CORP,NL,2032-10-14,7.5,Long,,,Credit & Loans
2026-03-31,N/A,RFR USD SOFR/4.0520* 03/16/26-30Y* LCH,000000000,48271.34,6.236e-06,DIR,,US,,,N/A,3400000.0,,Derivative
2026-03-31,GNMA PASS THRU POOLS,GNMA II POOL 004879 G2 12/40 FIXED 4,36202FM45,30558.79,3.948e-06,ABS-MBS,USGSE,US,2040-12-20,4.0,Long,,,Agency MBS
2026-03-31,FNMA PASS THRU POOLS,FNMA POOL 256860 FN 08/37 FIXED 6.5,31371NJD8,857.29,1.11e-07,ABS-MBS,USGSE,US,2037-08-01,6.5,Long,,,Agency MBS
2026-03-31,GSR MORTGAGE LOAN TRUST 2005-AR7,GSR MORTGAGE LOAN TRUST GSR 2005 AR7 6A1,362341XG9,4062.8,5.250000000000001e-07,ABS-MBS,CORP,US,2035-11-25,4.11092,Long,,,Non-Agency MBS
2026-03-31,GSAA HOME EQUITY TRUST 2007-3,GSAA HOME EQUITY TRUST GSAA 2007 3 A4A,3622EAAE0,873035.71,0.000112789,ABS-MBS,CORP,US,2047-03-25,4.23303,Long,,,Non-Agency MBS
2026-03-31,PENTA CLO 9 DAC,PENTA CLO S.A. PENTA 2021 9A A 144A,ACI1Y3GV4,2305778.56,0.000297887,ABS-CBDO,CORP,IE,2036-07-25,2.88,Long,,,ABS / CLO
2026-03-31,VALERIE ASSET LTD,VALERIE ASSET LTD 09/50 1,918940AB3,30171172.22,0.0038978600000000004,ABS-O,CORP,KY,2050-09-15,5.2188,Long,,,ABS / CLO
2026-03-31,N/A,BOUGHT MXN SOLD USD 20260420,000000000,-32480.31,-4.196e-06,DFE,,MX,,,N/A,,15488198.4,Derivative
2026-03-31,KIZUNA RE III PTE LTD,KIZUNA RE III PTE LTD UNSECURED 144A 04/29 VAR,49835JAB2,613522.35,7.9262e-05,DBT,CORP,SG,2029-04-09,6.39563,Long,,,Credit & Loans
2026-03-31,N/A,SOLD COP BOUGHT USD 20260721,000000000,-8605.34,-1.1120000000000001e-06,DFE,,CO,,,N/A,,1717707.51,Derivative
2026-03-31,SOUTHERN CALIFORNIA EDISON COMPANY,SOUTHERN CAL EDISON 1ST MORTGAGE 12/53 5.875,842400HX4,1325125.54,0.000171195,DBT,CORP,US,2053-12-01,5.875,Long,,,Credit & Loans
2026-03-31,CLECO POWER LLC,CLECO POWER LLC SR UNSECURED 144A 01/36 5.3,185508AJ7,1886386.94,0.00024370499999999999,DBT,CORP,US,2036-01-15,5.3,Long,,,Credit & Loans
2026-03-31,WELLS FARGO COMMERCIAL MORTGAGE TRUST 2025-AURA,WELLS FARGO COMMERCIAL MORTGAG WFCM 2025 AURA A 144A,95004VAA5,3197284.8,0.000413062,ABS-MBS,CORP,US,2042-10-15,5.26557,Long,,,Non-Agency MBS
2026-03-31,CITIGROUP MTGE LOAN TR INC 2006-NC2,CITIGROUP MORTGAGE LOAN TRUST CMLTI 2006 NC2 A2B,17309TAC2,737386.91,9.526400000000001e-05,ABS-MBS,CORP,US,2036-09-25,4.11303,Long,,,Non-Agency MBS
2026-03-31,FHLMC PASS THRU POOLS,FED HM LN PC POOL A94251 FG 10/40 FIXED 4,312942WL5,982.97,1.27e-07,ABS-MBS,USGSE,US,2040-10-01,4.0,Long,,,Agency MBS
2026-03-31,N/A,RFR USD SOFR/3.71500 03/31/26-9Y* LCH,000000000,463916.89,5.9934000000000006e-05,DIR,,US,,,N/A,49117000.0,,Derivative
2026-03-31,N/A,SOLD COP BOUGHT USD 20260818,000000000,-31336.89,-4.048e-06,DFE,,CO,,,N/A,,4639582.21,Derivative
2026-03-31,NGPL PIPECO LLC,NGPL PIPECO LLC SR UNSECURED 144A 07/31 3.25,62928CAA0,1379858.99,0.000178266,DBT,CORP,US,2031-07-15,3.25,Long,,,Credit & Loans
2026-03-31,N/A,SOLD ILS BOUGHT USD 20260610,000000000,311.61,4e-08,DFE,,IL,,,N/A,,430894.16,Derivative
2026-03-31,FNMA PASS THRU POOLS,FNMA POOL 922855 FN 11/36 FIXED 5.5,31412EH82,23891.55,3.0870000000000003e-06,ABS-MBS,USGSE,US,2036-11-01,5.5,Long,,,Agency MBS
2026-03-31,RENAISSANCE HOME EQUITY LOAN TR 2006-3,RENAISSANCE HOME EQUITY LOAN T RAMC 2006 3 AF3,75971EAF3,200301.06,2.5877e-05,ABS-MBS,CORP,US,2036-11-25,5.586,Long,,,Non-Agency MBS
2026-03-31,GNMA PASS THRU POOLS,GNMA II POOL 004691 G2 05/40 FIXED 4.5,36202FF84,929.48,1.2000000000000002e-07,ABS-MBS,USGSE,US,2040-05-20,4.5,Long,,,Agency MBS
2026-03-31,N/A,SOLD AUD BOUGHT USD 20260504,000000000,-8132.13,-1.051e-06,DFE,,AU,,,N/A,,1282969.77,Derivative
2026-03-31,GLP CAPITAL LP / GLP FINANCING II INC,GLP CAPITAL LP / FIN II COMPANY GUAR 01/32 3.25,361841AR0,1338611.24,0.000172937,DBT,CORP,US,2032-01-15,3.25,Long,,,Credit & Loans
2026-03-31,MOUNTAIN VIEW CLO XIV LTD 2019-1A,MOUNTAIN VIEW CLO MVEW 2019 1A A1R 144A,62432MAN9,5006121.25,0.000646748,ABS-CBDO,CORP,KY,2034-10-15,6.81298,Long,,,ABS / CLO
2026-03-31,GNMA PASS THRU POOLS,GNMA II POOL 004593 G2 12/39 FIXED 5,36202FC61,25847.52,3.3389999999999997e-06,ABS-MBS,USGSE,US,2039-12-20,5.0,Long,,,Agency MBS
2026-03-31,GNMA PASS THRU POOLS,GNMA II POOL AL6978 G2 03/45 FIXED 3.5,36184DXF5,282036.48,3.6437000000000004e-05,ABS-MBS,USGSE,US,2045-03-20,3.5,Long,,,Agency MBS
2026-03-31,NELNET STUDENT LOAN TRUST 2025-DA,NELNET STUDENT LOAN TRUST NSLT 2025 DA A1A 144A,639931AA2,9265354.57,0.001197,ABS-O,CORP,US,2054-08-20,4.65,Long,,,ABS / CLO
2026-03-31,CORNELL UNIVERSITY,CORNELL UNIVERSITY SR UNSECURED 06/30 4.169,219207AD9,3973101.04,0.00051329,DBT,CORP,US,2030-06-15,4.169,Long,,,Credit & Loans
2026-03-31,N/A,SOLD ILS BOUGHT USD 20260413,000000000,67479.94,8.718e-06,DFE,,IL,,,N/A,,4009104.0,Derivative
2026-03-31,UMBS PASS THRU POOLS,FNMA TBA 30 YR 6 SINGLE FAMILY MORTGAGE,01F060667,-576426961.68,-0.07446939999999999,ABS-MBS,USGSE,US,2056-06-11,6.0,Short,,,Agency MBS
2026-03-31,N/A,BOUGHT AUD SOLD USD 20260402,000000000,164726.69,2.1281e-05,DFE,,AU,,,N/A,,28606886.0,Derivative
2026-03-31,MORGAN STANLEY ABS CAPITAL I 2007-HE2,MORGAN STANLEY CAPITAL INC MSAC 2007 HE2 A2C,61753EAC4,725201.38,9.369e-05,ABS-MBS,CORP,US,2037-01-25,3.92303,Long,,,Non-Agency MBS
2026-03-31,COUNTRYWIDE ALTERNATIVE LOAN TRUST 2005-20CB,COUNTRYWIDE ALTERNATIVE LOAN T CWALT 2005 20CB 1A3,12667GPV9,259100.03,3.3473e-05,ABS-MBS,CORP,US,2035-07-25,5.5,Long,,,Non-Agency MBS
2026-03-31,ANCHORAGE CREDIT FUNDING 14 LTD,ANCHORAGE CREDIT FUNDING LTD. ANCHF 2021 14A A 144A,033295AA4,1911168.66,0.000246907,ABS-CBDO,CORP,KY,2040-01-21,3.0,Long,,,ABS / CLO
2026-03-31,N/A,SOLD INR BOUGHT USD 20260407,000000000,41778.41,5.397e-06,DFE,,IN,,,N/A,,2382265.0,Derivative
2026-03-31,EFMT 2025-NQM6,ELLINGTON FINANCIAL MORTGAGE T EFMT 2025 NQM6 A1FC 144A,281916AA4,4813072.66,0.0006218080000000001,ABS-MBS,CORP,US,2070-12-25,4.973,Long,,,Non-Agency MBS
2026-03-31,FHLMC PASS THRU POOLS,FED HM LN PC POOL N31417 FG 07/37 FIXED 5.5,31281BSE1,1555.05,2.01e-07,ABS-MBS,USGSE,US,2037-07-01,5.5,Long,,,Agency MBS
2026-03-31,N/A,BOUGHT KRW SOLD USD 20260413,000000000,1774.59,2.29e-07,DFE,,KR,,,N/A,,173084.27,Derivative
2026-03-31,CAPITAL FOUR CLO IV DAC 4A,CAPITAL FOUR CLO CFOUR 4A ARR 144A,ACI38L038,2074223.68,0.000267972,ABS-CBDO,CORP,IE,2038-04-15,3.189,Long,,,ABS / CLO
2026-03-31,BMO 2025-C13 MORTGAGE TRUST,BMO MORTGAGE TRUST BMO 2025 C13 ASB,05592YAD0,2541651.25,0.000328359,ABS-MBS,CORP,US,2058-10-15,5.2257,Long,,,Non-Agency MBS
2026-03-31,BANK5 2025-5YR19,BANK5 BANK5 2025 5YR19 A2,05494RBF8,8140143.6,0.00105164,ABS-MBS,CORP,US,2058-12-15,4.793,Long,,,Non-Agency MBS
2026-03-31,BOEING CO/THE,BOEING CO/THE SR UNSECURED 05/54 6.858,097023DT9,1982655.77,0.000256142,DBT,CORP,US,2054-05-01,6.858,Long,,,Credit & Loans
2026-03-31,FHLMC PASS THRU POOLS,FED HM LN PC POOL ZT1776 FR 03/49 FIXED 3.5,3132AD6M5,1252218.15,0.000161776,ABS-MBS,USGSE,US,2049-03-01,3.5,Long,,,Agency MBS
2026-03-31,GLS AUTO RECEIVABLES ISSUER TRUST 2024-2A,GLS AUTO RECEIVABLES TRUST GCAR 2024 2A B 144A,37964VAD9,2510560.19,0.000324343,ABS-O,CORP,US,2028-11-15,5.77,Long,,,ABS / CLO
2026-03-31,CREDIT SUISSE GROUP AG,CS AT1 CLAIMS XS0989394589 CREDIT SUISSE GROUP AG,952NPHII6,175000.0,2.2607999999999998e-05,DBT,CORP,US,2060-12-31,0.0,Long,,,Credit & Loans
2026-03-31,GATEWAY RE LTD,GATEWAY RE LTD UNSECURED 144A 07/29 VAR,36779CAZ9,250000.0,3.2298e-05,DBT,CORP,BM,2029-07-06,5.54,Long,,,Credit & Loans
2026-03-31,N/A,SOLD MXN BOUGHT USD 20260617,000000000,2258.91,2.92e-07,DFE,,MX,,,N/A,,1107240.1,Derivative
2026-03-31,N/A,SOLD THB BOUGHT USD 20260420,000000000,17673.53,2.283e-06,DFE,,TH,,,N/A,,948163.48,Derivative
2026-03-31,UMBS PASS THRU POOLS,FNMA TBA 30 YR 4 SINGLE FAMILY MORTGAGE,01F040651,43375134.2,0.00560369,ABS-MBS,USGSE,US,2056-05-13,4.0,Long,,,Agency MBS
2026-03-31,FHLMC PASS THRU POOLS,FED HM LN PC POOL SD8366 FR 10/53 FIXED 5,3132DWJK0,150944106.45,0.0195007,ABS-MBS,USGSE,US,2053-10-01,5.0,Long,,,Agency MBS
2026-03-31,N/A,BOUGHT IDR SOLD USD 20260427,000000000,-24918.0,-3.219e-06,DFE,,ID,,,N/A,,3820000.0,Derivative
2026-03-31,UNUM GROUP,UNUM GROUP SR UNSECURED 12/35 5.25,91529YAU0,10234506.06,0.00132221,DBT,CORP,US,2035-12-15,5.25,Long,,,Credit & Loans
2026-03-31,SMB PRIVATE EDUCATION LOAN TRUST 2024-A,SMB PRIVATE EDUCATION LOAN TRU SMB 2024 A A1B 144A,831943AB1,3222113.28,0.00041626900000000004,ABS-O,CORP,US,2056-03-15,5.12223,Long,,,ABS / CLO
2026-03-31,SMB PRIVATE EDUCATION LOAN TRUST 2023-A,SMB PRIVATE EDUCATION LOAN TRU SMB 2023 A A1A 144A,78450QAA1,419589.26,5.4207e-05,ABS-O,CORP,US,2053-01-15,5.38,Long,,,ABS / CLO
2026-03-31,CITADEL SECURITIES GLOBAL HOLDINGS LLC,CITADEL SECURITIES GLOBA SR SECURED 144A 06/30 5.5,17289RAA4,2541047.55,0.000328281,DBT,CORP,US,2030-06-18,5.5,Long,,,Credit & Loans
2026-03-31,N/A,RFR USD SOFR/3.88500 07/12/24-10Y LCH,000000000,-61483.45,-7.943e-06,DIR,,US,,,N/A,10400000.0,,Derivative
2026-03-31,N/A,BOUGHT TWD SOLD USD 20260413,000000000,1443.38,1.8600000000000002e-07,DFE,,TW,,,N/A,,509856.23,Derivative
2026-03-31,FNMA PASS THRU POOLS,FNMA POOL AZ5730 FN 09/45 FIXED 3.5,3138YXLL7,996063.42,0.000128683,ABS-MBS,USGSE,US,2045-09-01,3.5,Long,,,Agency MBS
2026-03-31,PFP 2026-13 LTD,PFP III PFP 2026 13 A 144A,716966AA4,4104734.52,0.000530296,ABS-CBDO,CORP,KY,2043-08-18,5.17956,Long,,,ABS / CLO
2026-03-31,LLOYDS BANKING GROUP PLC,LLOYDS BANKING GROUP PLC SR UNSECURED 08/33 VAR,53944YAU7,8667043.7,0.00111971,DBT,CORP,GB,2033-08-11,4.976,Long,,,Credit & Loans
2026-03-31,N/A,SOLD TRY BOUGHT USD 20260506,000000000,-6142.09,-7.94e-07,DFE,,TR,,,N/A,,2336385.0,Derivative
2026-03-31,SLM STUDENT LOAN TRUST 2008-5,SLM STUDENT LOAN TRUST SLMA 2008 5 A4,78444YAD7,441044.29,5.6979e-05,ABS-O,CORP,US,2027-01-27,5.84862,Long,,,ABS / CLO
2026-03-31,N/A,SOLD AUD BOUGHT USD 20260402,000000000,335092.96,4.3290999999999996e-05,DFE,,AU,,,N/A,,12661800.93,Derivative
2026-03-31,N/A,BOUGHT BRL SOLD USD 20260402,000000000,306346.79,3.9577e-05,DFE,,BR,,,N/A,,7525873.48,Derivative
2026-03-31,N/A,BOUGHT INR SOLD USD 20260407,000000000,-165291.89,-2.1354e-05,DFE,,IN,,,N/A,,4273922.0,Derivative
2026-03-31,N/A,SOLD MXN BOUGHT USD 20260617,000000000,14903.55,1.9249999999999998e-06,DFE,,MX,,,N/A,,1653993.18,Derivative
2026-03-31,N/A,BOUGHT IDR SOLD USD 20260427,000000000,330.88,4.3e-08,DFE,,ID,,,N/A,,2950000.0,Derivative
2026-03-31,MFRA TRUST 2025-NQM2,MFRA TRUST MFRA 2025 NQM2 A1 144A,55287MAA7,2753470.09,0.000355725,ABS-MBS,CORP,US,2070-05-27,5.675,Long,,,Non-Agency MBS
2026-03-31,ATLANTIC AVENUE 2024-3A LTD,ATLANTIC AVENUE LTD MCCP 2024 3A A 144A,04822JAA4,5803098.24,0.00074971,ABS-CBDO,CORP,KY,2035-01-20,4.92763,Long,,,ABS / CLO
2026-03-31,CMLTI 2005-HE4,CITIGROUP MORTGAGE LOAN TRUST CMLTI 2005 HE4 M2,17307GP77,109729.96,1.4176e-05,ABS-MBS,CORP,US,2035-10-25,4.46803,Long,,,Non-Agency MBS
2026-03-31,TRIMARAN CAVU LTD 2021-2A,TRIMARAN CAVU LTD CAVU 2021 2A AR 144A,89624UAN2,4799013.98,0.000619991,ABS-CBDO,CORP,KY,2034-10-25,4.68364,Long,,,ABS / CLO
2026-03-31,LADDER CAPITAL FINANCE HOLDINGS LLLP / LADDER CAPITAL FINANCE CORP,LADDER CAP FIN LLLP/CORP COMPANY GUAR 08/30 5.5,505742AS5,1403526.56,0.000181324,DBT,CORP,US,2030-08-01,5.5,Long,,,Credit & Loans
2026-03-31,LPL HOLDINGS INC,LPL HOLDINGS INC COMPANY GUAR 06/30 5.15,50212YAP9,4424093.3,0.000571555,DBT,CORP,US,2030-06-15,5.15,Long,,,Credit & Loans
2026-03-31,WASHINGTON MUTUAL MTGE P/T 2006-AR3,WASHINGTON MUTUAL MORTGAGE PAS WMALT 2006 AR3 A1A,93934FQP0,279499.51,3.6108999999999996e-05,ABS-MBS,CORP,US,2046-05-25,4.82874,Long,,,Non-Agency MBS
2026-03-31,UMBS PASS THRU POOLS,FNMA TBA 30 YR 7 SINGLE FAMILY MORTGAGE,01F070658,-10416133.93,-0.00134568,ABS-MBS,USGSE,US,2054-05-15,7.0,Short,,,Agency MBS
2026-03-31,MARS INCORPORATED,MARS INC SR UNSECURED 144A 03/32 5,571676AZ8,2783370.76,0.000359588,DBT,CORP,US,2032-03-01,5.0,Long,,,Credit & Loans
2026-03-31,GNMA PASS THRU POOLS,GNMA POOL 779081 GN 04/27 FIXED 3,36176XJ26,44904.34,5.800999999999999e-06,ABS-MBS,USGSE,US,2027-04-15,3.0,Long,,,Agency MBS
2026-03-31,FIRST AMERICAN FINANCIAL CORPORATION,FIRST AMERICAN FINANCIAL SR UNSECURED 05/30 4,31847RAG7,1145299.97,0.000147963,DBT,CORP,US,2030-05-15,4.0,Long,,,Credit & Loans
2026-03-31,BOEING CO/THE,BOEING CO/THE SR UNSECURED 05/64 7.008,097023DU6,1106553.24,0.000142957,DBT,CORP,US,2064-05-01,7.008,Long,,,Credit & Loans
2026-03-31,AMERICAN HOMES 4 RENT LP,AMERICAN HOMES 4 RENT SR UNSECURED 02/34 5.5,02666TAG2,1716424.74,0.00022174699999999998,DBT,CORP,US,2034-02-01,5.5,Long,,,Credit & Loans
2026-03-31,FHLMC PASS THRU POOLS,FED HM LN PC POOL A94185 FG 10/40 FIXED 4,312942UJ2,1532.22,1.98e-07,ABS-MBS,USGSE,US,2040-10-01,4.0,Long,,,Agency MBS
2026-03-31,FAIRFAX FINANCIAL HOLDINGS LIMITED,FAIRFAX FINL HLDGS LTD SR UNSECURED 08/32 5.625,303901BL5,2258567.81,0.000291788,DBT,CORP,CA,2032-08-16,5.625,Long,,,Credit & Loans
2026-03-31,N/A,BOUGHT MXN SOLD USD 20260617,000000000,-164194.16,-2.1212000000000003e-05,DFE,,MX,,,N/A,,5037577.56,Derivative
2026-03-31,COUNTRYWIDE HOME LOANS 2007-HY7,COUNTRYWIDE HOME LOANS CWHL 2007 HY7 A1,12544HAY6,1695943.38,0.00021910099999999997,ABS-MBS,CORP,US,2037-11-25,4.33577,Long,,,Non-Agency MBS
2026-03-31,FNMA PASS THRU POOLS,FNMA POOL 256849 FN 08/37 FIXED 6,31371NH24,3544.32,4.58e-07,ABS-MBS,USGSE,US,2037-08-01,6.0,Long,,,Agency MBS
2026-03-31,GS MORTGAGE-BACKED SECURITIES TRUST 2025-NQM5,GS MORTGAGE BACKED SECURITIES GSMBS 2025 NQM5 A1 144A,36273GAA6,2620184.83,0.000338505,ABS-MBS,CORP,US,2065-07-25,5.013,Long,,,Non-Agency MBS
2026-03-31,FREEDOM MORTGAGE HOLDINGS LLC,FREEDOM MORTGAGE HOLD SR UNSECURED 144A 04/32 8.375,35641AAC2,6006848.73,0.000776033,DBT,CORP,US,2032-04-01,8.375,Long,,,Credit & Loans
2026-03-31,FREDDIE MAC REMICS 4473,FREDDIE MAC FHR 4473 BI,3137BJAU7,434282.89,5.6106e-05,ABS-MBS,USGSE,US,2040-06-15,2.19036,Long,,,Agency MBS
2026-03-31,INVITATION HOMES OPERATING PARTNERSHIP LP,INVITATION HOMES OP COMPANY GUAR 08/30 5.45,46188BAE2,5080474.75,0.0006563539999999999,DBT,CORP,US,2030-08-15,5.45,Long,,,Credit & Loans
2026-03-31,OMEGA HEALTHCARE INVESTORS INC,OMEGA HLTHCARE INVESTORS COMPANY GUAR 01/28 4.75,681936BK5,3348451.73,0.000432591,DBT,CORP,US,2028-01-15,4.75,Long,,,Credit & Loans
2026-03-31,SOUTHERN CALIFORNIA EDISON COMPANY,SOUTHERN CAL EDISON 1ST REF MORT 04/47 4,842400GG2,3235653.84,0.00041801900000000005,DBT,CORP,US,2047-04-01,4.0,Long,,,Credit & Loans
2026-03-31,FNMA PASS THRU POOLS,FNMA POOL 845233 FN 12/35 FIXED 5,31408ABA7,1359.69,1.7600000000000001e-07,ABS-MBS,USGSE,US,2035-12-01,5.0,Long,,,Agency MBS
2026-03-31,DEUTSCHE BANK AG/NEW YORK BRANCH,DEUTSCHE BANK NY 01/28 VAR,25160PAH0,6399661.45,0.0008267810000000001,DBT,CORP,DE,2028-01-07,2.552,Long,,,Credit & Loans
2026-03-31,OAKTREE STRATEGIC CREDIT FUND,OAKTREE STRATEGIC CREDIT SR UNSECURED 07/29 6.5,67403AAE9,1303779.05,0.000168437,DBT,CORP,US,2029-07-23,6.5,Long,,,Credit & Loans
2026-03-31,INTEGRITY RE LTD,INTEGRITY RE LTD SR UNSECURED 144A 06/26 VAR,45833UAJ0,254125.0,3.2831000000000005e-05,DBT,CORP,BM,2026-06-06,14.064,Long,,,Credit & Loans
2026-03-31,DRSLF-2017-54A,DRYDEN SENIOR LOAN FUND DRSLF 2017 54A AR 144A,26244RAF8,77128.86,9.964e-06,ABS-CBDO,CORP,KY,2029-10-19,4.81763,Long,,,ABS / CLO
2026-03-31,INVESCO EURO CLO XI DAC 11A,INVESCO EURO CLO XI DAC INVSC 11A A1R 144A,ACI318SX8,3349989.32,0.00043278999999999995,ABS-CBDO,CORP,IE,2036-10-22,3.287,Long,,,ABS / CLO
2026-03-31,N/A,BOUGHT GBP SOLD USD 20260505,000000000,-289.06,-3.7e-08,DFE,,GB,,,N/A,,23177.17,Derivative
2026-03-31,DRYDEN 86 CLO LTD 2020-86A,DRYDEN SENIOR LOAN FUND DRSLF 2020 86A A1R2 144A,26245XAY3,1301355.97,0.00016812400000000002,ABS-CBDO,CORP,KY,2034-07-17,4.79763,Long,,,ABS / CLO
2026-03-31,N/A,SOLD THB BOUGHT USD 20260617,000000000,2878.48,3.7200000000000005e-07,DFE,,TH,,,N/A,,3699978.0,Derivative
2026-03-31,N/A,BOUGHT PLN SOLD USD 20260415,000000000,-6784.58,-8.77e-07,DFE,,PL,,,N/A,,239795.6,Derivative
2026-03-31,N/A,BOUGHT CAD SOLD USD 20260402,000000000,-201335.72,-2.6011e-05,DFE,,CA,,,N/A,,42839389.69,Derivative
2026-03-31,N/A,RFR USD SOFR/4.01150 02/14/25-10Y LCH,000000000,-1112428.16,-0.000143716,DIR,,US,,,N/A,72700000.0,,Derivative
2026-03-31,LUNAR AIRCRAFT 2020-1A,LUNAR AIRCRAFT 2020 1 LIMITED LUNRR 2020 1A A 144A,55037LAA2,927429.03,0.000119816,ABS-O,CORP,US,2045-02-15,3.376,Long,,,ABS / CLO
2026-03-31,SPIRIT AIRLINES PASS THROUGH TRUST 2015-1A,SPIRIT AIR 2015 1 PTT A PASS THRU CE 10/29 4.1,84858DAA6,641874.7,8.2925e-05,DBT,CORP,US,2029-10-01,4.1,Long,,,Credit & Loans
2026-03-31,FNMA PASS THRU POOLS,FNMA POOL 939484 FN 06/37 FIXED 5,31413AFZ1,4958.68,6.41e-07,ABS-MBS,USGSE,US,2037-06-01,5.0,Long,,,Agency MBS
2026-03-31,N/A,BOUGHT TWD SOLD USD 20260420,000000000,-4310.18,-5.57e-07,DFE,,TW,,,N/A,,2725001.0,Derivative
2026-03-31,CANYON CLO 2020-1 LTD,CANYON CAPITAL CLO LTD CANYC 2020 1A AR2 144A,13876LAW7,2002091.36,0.000258653,ABS-CBDO,CORP,KY,2034-07-15,4.75219,Long,,,ABS / CLO
2026-03-31,N/A,BOUGHT IDR SOLD USD 20260427,000000000,-19940.96,-2.5759999999999996e-06,DFE,,ID,,,N/A,,5414848.0,Derivative
2026-03-31,GNMA PASS THRU POOLS,GNMA POOL AJ0740 GN 07/29 FIXED 3,36182UZD2,201127.82,2.5983999999999997e-05,ABS-MBS,USGSE,US,2029-07-15,3.0,Long,,,Agency MBS
2026-03-31,RESIDENTIAL FUNDING MTG SEC I 2006-S5,RESIDENTIAL FUNDING MTG SEC I RFMSI 2006 S5 A10,74957EAK3,284899.83,3.6807e-05,ABS-MBS,CORP,US,2036-06-25,6.0,Long,,,Non-Agency MBS
2026-03-31,FNMA PASS THRU POOLS,FNMA POOL 932584 FN 12/35 FIXED 5,31412RCV7,215240.65,2.7807e-05,ABS-MBS,USGSE,US,2035-12-01,5.0,Long,,,Agency MBS
2026-03-31,PAGAYA AI DEBT TRUST 2025-1,PAGAYA AI DEBT SELECTION TRUST PAID 2025 1 B 144A,69544NAC1,6406278.56,0.0008276360000000001,ABS-O,CORP,US,2032-07-15,5.628,Long,,,ABS / CLO
2026-03-31,INTEGRITY RE III LTD,INTEGRITY RE III UNSECURED 144A 06/29 VAR,45870GAJ5,250000.0,3.2298e-05,DBT,CORP,BM,2029-06-07,6.01,Long,,,Credit & Loans
2026-03-31,GLP CAPITAL LP / GLP FINANCING II INC,GLP CAPITAL LP / FIN II COMPANY GUAR 12/33 6.75,361841AS8,4321900.2,0.000558352,DBT,CORP,US,2033-12-01,6.75,Long,,,Credit & Loans
2026-03-31,N/A,SOLD CNH BOUGHT USD 20260402,000000000,-22528.32,-2.91e-06,DFE,,CN,,,N/A,,4839899.0,Derivative
2026-03-31,WELLS FARGO & COMPANY,WELLS FARGO + COMPANY SR UNSECURED 07/33 VAR,95000U3B7,22344677.4,0.00288674,DBT,CORP,US,2033-07-25,4.897,Long,,,Credit & Loans
2026-03-31,NISSAN MOTOR ACCEPTANCE CORPORATION,NISSAN MOTOR ACCEPTANCE SR UNSECURED 144A 09/27 5.3,65480CAG0,1391670.0,0.00017979200000000002,DBT,CORP,US,2027-09-13,5.3,Long,,,Credit & Loans
2026-03-31,BLUEMOUNTAIN CLO XXXIV LTD,BLUEMOUNTAIN CLO LTD BLUEM 2022 34A AR 144A,09631JAL0,3900933.0,0.000503967,ABS-CBDO,CORP,KY,2035-04-20,4.81763,Long,,,ABS / CLO
2026-03-31,AERCAP IRELAND CAPITAL DAC / AERCAP GLOBAL AVIATION TRUST,AERCAP IRELAND CAP/GLOBA COMPANY GUAR 10/26 2.45,00774MAV7,7847872.15,0.00101388,DBT,CORP,IE,2026-10-29,2.45,Long,,,Credit & Loans
2026-03-31,ANCHORAGE CREDIT FUNDING 12 LTD,ANCHORAGE CREDIT FUNDING LTD. ANCHF 2020 12A A1 144A,03332DAA2,1844929.43,0.000238349,ABS-CBDO,CORP,KY,2038-10-25,3.177,Long,,,ABS / CLO
2026-03-31,WELLS FARGO MORTGAGE BACKED SECURITIES TRUST 2007-AR9,WELLS FARGO MORTGAGE BACKED SE WFMBS 2007 AR9 A1,94986GAA3,859435.42,0.000111032,ABS-MBS,CORP,US,2037-12-28,5.84962,Long,,,Non-Agency MBS
2026-03-31,ALLY FINANCIAL INC,ALLY FINANCIAL INC SR UNSECURED 01/30 VAR,02005NBU3,3235716.51,0.00041802699999999996,DBT,CORP,US,2030-01-03,6.848,Long,,,Credit & Loans
2026-03-31,SEQUOIA MORTGAGE TRUST 2003-4,SEQUOIA MORTGAGE TRUST SEMT 2003 4 2A1,81743PBW5,8112.6,1.048e-06,ABS-MBS,CORP,US,2033-07-20,4.48952,Long,,,Non-Agency MBS
2026-03-31,CAPITAL AUTOMOTIVE REIT 2023-1A,CAPITAL AUTOMOTIVE REIT CAUTO 2023 1A A1 144A,12510HAS9,4695451.26,0.000606612,ABS-O,CORP,US,2053-09-15,5.75,Long,,,ABS / CLO
2026-03-31,N/A,SOLD IDR BOUGHT USD 20260610,000000000,229.95,3.0000000000000004e-08,DFE,,ID,,,N/A,,21075.33,Derivative
2026-03-31,GNMA PASS THRU POOLS,GNMA II POOL 004239 G2 09/38 FIXED 6,36202EV89,2888.71,3.7299999999999997e-07,ABS-MBS,USGSE,US,2038-09-20,6.0,Long,,,Agency MBS
2026-03-31,FNMA PASS THRU POOLS,FNMA POOL MA0316 FN 12/49 FIXED 4.5,31417YK63,35013.94,4.523e-06,ABS-MBS,USGSE,US,2049-12-01,4.5,Long,,,Agency MBS
2026-03-31,N/A,US 5YR NOTE (CBT) JUN26 XCBT 20260630,000000000,-16028747.82,-0.00207078,DIR,,US,,,N/A,1144716114.54,,Derivative
2026-03-31,ENBRIDGE INC,ENBRIDGE INC ENBRIDGE INC,29250NBY0,2277488.85,0.000294232,DBT,CORP,CA,2030-11-15,6.2,Long,,,Credit & Loans
2026-03-31,VITALITY RE XVII LTD,VITALITY RE XVII LTD UNSECURED 144A 01/31 VAR,92853KAB6,300015.0,3.8759e-05,DBT,CORP,KY,2031-01-08,5.9253,Long,,,Credit & Loans
2026-03-31,N/A,SOLD EUR BOUGHT USD 20260402,000000000,51945.58,6.711e-06,DFE,,N/A,,,N/A,,2248061.0,Derivative
2026-03-31,GNMA PASS THRU POOLS,GNMA II POOL 783425 G2 09/26 FIXED 3,36241LYW0,597.3,7.700000000000001e-08,ABS-MBS,USGSE,US,2026-09-20,3.0,Long,,,Agency MBS
2026-03-31,MORGAN STANLEY,MORGAN STANLEY SR UNSECURED 01/30 VAR,61747YFK6,3296245.75,0.00042584700000000003,DBT,CORP,US,2030-01-16,5.173,Long,,,Credit & Loans
2026-03-31,FNMA PASS THRU POOLS,FNMA POOL AC5864 FN 05/40 FIXED 4,31417SQS2,3526.29,4.5599999999999995e-07,ABS-MBS,USGSE,US,2040-05-01,4.0,Long,,,Agency MBS
2026-03-31,ENERGY TRANSFER LP,ENERGY TRANSFER LP SR UNSECURED 07/29 5.25,29273VAZ3,11958285.57,0.0015449099999999998,DBT,CORP,US,2029-07-01,5.25,Long,,,Credit & Loans
2026-03-31,FANNIE MAE-2006-58,FANNIE MAE FNR 2006 58 PO,31395ND20,3213.76,4.15e-07,ABS-MBS,USGSE,US,2036-07-25,0.0,Long,,,Agency MBS
2026-03-31,N/A,RFR USD SOFR/3.61300 08/22/24-10Y LCH,000000000,66173.08,8.549e-06,DIR,,US,,,N/A,4400000.0,,Derivative
2026-03-31,N/A,RFR USD SOFR/3.33675 07/06/26-4Y* LCH,000000000,153315.18,1.9807000000000002e-05,DIR,,US,,,N/A,16200000.0,,Derivative
2026-03-31,N/A,BOUGHT TRY SOLD USD 20260402,000000000,1783.6,2.3e-07,DFE,,TR,,,N/A,,142689.61,Derivative
2026-03-31,AMERICAN HOME MORTGAGE INVESTMENT TRUST 2006-3,AMERICAN HOME MORTGAGE INVESTM AHM 2006 3 11A1,026929AA7,2220979.23,0.000286931,ABS-MBS,CORP,US,2046-12-25,4.15303,Long,,,Non-Agency MBS
2026-03-31,INDYMAC RESIDENTIAL ASSET BACKED 2007-B,INDYMAC RESIDENTIAL ASSET BACK INABS 2007 B 1A2,43710EAB6,2845490.8,0.000367613,ABS-MBS,CORP,US,2037-07-25,4.17303,Long,,,Non-Agency MBS
2026-03-31,GNMA PASS THRU POOLS,GNMA POOL 779983 GN 11/26 FIXED 3,36177HCU5,14867.96,1.921e-06,ABS-MBS,USGSE,US,2026-11-15,3.0,Long,,,Agency MBS
2026-03-31,FHLMC PASS THRU POOLS,FED HM LN PC POOL P51310 FG 08/37 FIXED 6,3128C6N39,7666.66,9.899999999999998e-07,ABS-MBS,USGSE,US,2037-08-01,6.0,Long,,,Agency MBS
2026-03-31,FHLMC PASS THRU POOLS,FED HM LN PC POOL G08421 FG 10/40 FIXED 4,3128MJPF1,264.15,3.4e-08,ABS-MBS,USGSE,US,2040-10-01,4.0,Long,,,Agency MBS
2026-03-31,CAPITAL FARM CREDIT ACA,CAPITAL FARM CREDIT ACA JR SUBORDINA 144A 12/99 VAR,14019TAA4,3290694.0,0.000425129,EP,CORP,US,,,Long,,,Credit & Loans
2026-03-31,N/A,BOUGHT CHF SOLD USD 20260402,000000000,-47257.71,-6.105e-06,DFE,,CH,,,N/A,,1373732.65,Derivative
2026-03-31,N/A,SOLD THB BOUGHT USD 20260420,000000000,61962.49,8.005e-06,DFE,,TH,,,N/A,,2431870.0,Derivative
2026-03-31,GATEWAY RE LTD,GATEWAY RE LTD UNSECURED 144A 07/29 VAR,36779CAV8,250000.0,3.2298e-05,DBT,CORP,BM,2029-07-06,5.54,Long,,,Credit & Loans
2026-03-31,RBSGC MORTGAGE PASS THROUGH CERTIFICATES 2005-RP1,RBSGC MORTGAGE PASS THROUGH CE RBSGC 2005 RP1 1F 144A,74927UAA6,912794.26,0.000117925,ABS-MBS,CORP,US,2034-12-25,4.17303,Long,,,Non-Agency MBS
2026-03-31,N/A,BOUGHT BRL SOLD USD 20260702,000000000,711323.98,9.1897e-05,DFE,,BR,,,N/A,,39480534.67,Derivative
2026-03-31,DEUTSCHE BANK AG/NEW YORK BRANCH,DEUTSCHE BANK NY 01/29 VAR,251526CS6,2590996.45,0.000334734,DBT,CORP,DE,2029-01-18,6.72,Long,,,Credit & Loans
2026-03-31,N/A,SOLD CAD BOUGHT USD 20260504,000000000,200209.07,2.5864999999999997e-05,DFE,,CA,,,N/A,,42839389.69,Derivative
2026-03-31,FHLMC PASS THRU POOLS,FED HM LN PC POOL RJ0048 FR 10/53 FIXED 4.5,3142GQBS0,1346991.34,0.00017402000000000002,ABS-MBS,USGSE,US,2053-10-01,4.5,Long,,,Agency MBS
2026-03-31,FREDDIE MAC REMICS 5508,FREDDIE MAC FHR 5508 FH,3137HJGJ0,59229116.19,0.00765189,ABS-MBS,USGSE,US,2055-02-25,4.6619,Long,,,Agency MBS
2026-03-31,N/A,RFR USD SOFR/3.23100 09/18/24-10Y LCH,000000000,195677.68,2.528e-05,DIR,,US,,,N/A,4400000.0,,Derivative
2026-03-31,RENAISSANCE HOME EQUITY LOAN TR 2007-2,RENAISSANCE HOME EQUITY LOAN T RAMC 2007 2 AF1,75970QAD2,659412.67,8.519e-05,ABS-MBS,CORP,US,2037-06-25,5.893,Long,,,Non-Agency MBS
2026-03-31,N/A,SOLD THB BOUGHT USD 20260617,000000000,-162.44,-2.1e-08,DFE,,TH,,,N/A,,626409.0,Derivative
2026-03-31,NEW RESIDENTIAL MORTGAGE LOAN TRUST 2025-NQM6,NEW RESIDENTIAL MORTGAGE LOAN NRZT 2025 NQM6 A1 144A,64832KAC9,942873.85,0.000121811,ABS-MBS,CORP,US,2065-10-25,5.085,Long,,,Non-Agency MBS
2026-03-31,VANTAGE DATA CENTERS ISSUER LLC 2025-1A,VANTAGE DATA CENTERS LLC VDC 2025 1A A2 144A,92212KAH9,5292414.72,0.000683734,ABS-O,CORP,US,2055-08-15,5.132,Long,,,ABS / CLO
2026-03-31,GNMA PASS THRU POOLS,GNMA II POOL MA3996 G2 10/46 FIXED 4.5,36179SNM5,138554.53,1.7899999999999998e-05,ABS-MBS,USGSE,US,2046-10-20,4.5,Long,,,Agency MBS
2026-03-31,N/A,SOLD PEN BOUGHT USD 20260617,000000000,221344.04,2.8596e-05,DFE,,PE,,,N/A,,6323397.87,Derivative
2026-03-31,FNMA PASS THRU POOLS,FNMA POOL 257180 FN 04/38 FIXED 5,31371NUD5,2220.07,2.87e-07,ABS-MBS,USGSE,US,2038-04-01,5.0,Long,,,Agency MBS
2026-03-31,N/A,BOUGHT INR SOLD USD 20260407,000000000,-151878.69,-1.9621e-05,DFE,,IN,,,N/A,,3842118.0,Derivative
2026-03-31,VMWARE LLC,VMWARE LLC SR UNSECURED 08/31 2.2,928563AL9,2151300.63,0.00027793,DBT,CORP,US,2031-08-15,2.2,Long,,,Credit & Loans
2026-03-31,FIDELITY NATIONAL INFORMATION SERVICES INC,FIDELITY NATL INFO SERV SR UNSECURED 03/29 4.55,31620MCD6,4878123.9,0.000630212,DBT,CORP,US,2029-03-10,4.55,Long,,,Credit & Loans
2026-03-31,CREDIT SUISSE GROUP AG,CS AT1 CLAIMS US225436AA21 CREDIT SUISSE GROUP AG,952NPH004,70000.0,9.043e-06,DBT,CORP,US,2060-12-31,0.0,Long,,,Credit & Loans
2026-03-31,FHLMC PASS THRU POOLS,FED HM LN PC POOL G06506 FG 12/40 FIXED 4,3128M8R30,207.84,2.7e-08,ABS-MBS,USGSE,US,2040-12-01,4.0,Long,,,Agency MBS
2026-03-31,ACRES COMMERCIAL REALTY 2026-FL4 ISSUER LLC,ACRES PLC ACRES 2026 FL4 A 144A,00501XAA9,3747584.06,0.000484156,ABS-CBDO,CORP,US,2044-08-18,5.10997,Long,,,ABS / CLO
2026-03-31,FNMA PASS THRU POOLS,FNMA POOL 995952 FN 02/38 FIXED VAR,31416CL95,2324.42,3e-07,ABS-MBS,USGSE,US,2038-02-01,6.5,Long,,,Agency MBS
2026-03-31,CVS HEALTH CORPORATION,CVS HEALTH CORP SR UNSECURED 03/48 5.05,126650CZ1,429283.65,5.5459999999999994e-05,DBT,CORP,US,2048-03-25,5.05,Long,,,Credit & Loans
2026-03-31,MORGAN STANLEY BANK OF AMERICA MERRILL LYNCH TRUST 2025-5C2,MORGAN STANLEY BAML TRUST MSBAM 2025 5C2 A3,61779RBK6,5070750.5,0.000655097,ABS-MBS,CORP,US,2058-11-15,5.107,Long,,,Non-Agency MBS
2026-03-31,N/A,BOUGHT JPY SOLD USD 20260402,000000000,2615.86,3.3800000000000004e-07,DFE,,JP,,,N/A,,430208.0,Derivative
2026-03-31,OPTION ONE MORTGAGE LOAN TRUST 2006-2,OPTION ONE MORTGAGE LOAN TRUST OOMLT 2006 2 2A3,68402CAD6,1055477.78,0.000136359,ABS-MBS,CORP,US,2036-07-25,4.07303,Long,,,Non-Agency MBS
2026-03-31,FANNIE MAE REMICS 2010-9,FANNIE MAE FNR 2010 9 GO,31398MBW5,18768.2,2.425e-06,ABS-MBS,USGSE,US,2040-02-25,0.0,Long,,,Agency MBS
2026-03-31,PERU GOVT,BONOS DE TESORERIA SR UNSECURED 144A REGS 08/35 6,ACI2XSL83,14348346.79,0.0018536800000000001,DBT,NUSS,PE,2035-08-12,6.85,Long,,,Government Related
2026-03-31,"BRIGHTSPIRE CAPITAL, INC 26-FL3",BRIGHTSPIRE CAPITAL  INC BRSP 2026 FL3 A 144A,116686AA4,5090674.96,0.000657671,ABS-CBDO,CORP,US,2043-08-19,5.12672,Long,,,ABS / CLO
2026-03-31,GLP CAPITAL LP / GLP FINANCING II INC,GLP CAPITAL LP / FIN II COMPANY GUAR 01/29 5.3,361841AL3,1618716.8,0.000209124,DBT,CORP,US,2029-01-15,5.3,Long,,,Credit & Loans
2026-03-31,PACIFIC GAS AND ELECTRIC CO,PACIFIC GAS + ELECTRIC 1ST MORTGAGE 08/50 3.5,694308JJ7,794085.71,0.00010258899999999999,DBT,CORP,US,2050-08-01,3.5,Long,,,Credit & Loans
2026-03-31,N/A,RFR USD SOFR/3.59500 08/19/24-10Y LCH,000000000,72601.38,9.379e-06,DIR,,US,,,N/A,4400000.0,,Derivative
2026-03-31,N/A,SOLD BRL BOUGHT USD 20260402,000000000,-713795.2,-9.2216e-05,DFE,,BR,,,N/A,,39480534.67,Derivative
2026-03-31,GNMA PASS THRU POOLS,GNMA II POOL AJ2513 G2 01/45 FIXED 4,36182WYJ6,372301.71,4.8098000000000006e-05,ABS-MBS,USGSE,US,2045-01-20,4.0,Long,,,Agency MBS
2026-03-31,N/A,BOUGHT IDR SOLD USD 20260610,000000000,-101.0,-1.3e-08,DFE,,ID,,,N/A,,1030665.0,Derivative
2026-03-31,N/A,SOLD COP BOUGHT USD 20260713,000000000,-16093.75,-2.079e-06,DFE,,CO,,,N/A,,989677.0,Derivative
2026-03-31,LPL HOLDINGS INC,LPL HOLDINGS INC COMPANY GUAR 11/28 6.75,50212YAH7,5503560.77,0.000711013,DBT,CORP,US,2028-11-17,6.75,Long,,,Credit & Loans
2026-03-31,N/A,SOLD ILS BOUGHT USD 20260406,000000000,53988.6,6.975e-06,DFE,,IL,,,N/A,,4009132.0,Derivative
2026-03-31,N/A,SOLD MXN BOUGHT USD 20260617,000000000,5825.16,7.53e-07,DFE,,MX,,,N/A,,1090233.86,Derivative
2026-03-31,FHLMC PASS THRU POOLS,FED HM LN PC POOL SL3299 FR 11/55 FIXED 5.5,31427QUZ3,656348.52,8.479499999999999e-05,ABS-MBS,USGSE,US,2055-11-01,5.5,Long,,,Agency MBS
2026-03-31,PALMER SQUARE LOAN FUNDING 2024-3A LTD,PALMER SQUARE LOAN FUNDING LTD PSTAT 2024 3A A1R 144A,69690EAJ8,3599334.18,0.000465003,ABS-CBDO,CORP,KY,2032-08-08,4.48364,Long,,,ABS / CLO
2026-03-31,SOUTH BOW (6297782 LLC),SOUTH BOW USA INFRA HLDS COMPANY GUAR 10/34 5.584,83007CAF9,3676608.82,0.000474986,DBT,CORP,US,2034-10-01,5.584,Long,,,Credit & Loans
2026-03-31,FNMA PASS THRU POOLS,FNMA POOL BE0961 FN 11/46 FIXED 4,3140FLB72,544846.71,7.039e-05,ABS-MBS,USGSE,US,2046-11-01,4.0,Long,,,Agency MBS
2026-03-31,BNP PARIBAS,BNP PARIBAS 144A 01/33 VAR,09659W3A0,7031578.01,0.000908419,DBT,CORP,FR,2033-01-13,5.786,Long,,,Credit & Loans
2026-03-31,GOLDMAN SACHS GROUP INC,GOLDMAN SACHS GROUP INC SR UNSECURED 03/28 VAR,38141GZS6,3035918.13,0.00039221399999999994,DBT,CORP,US,2028-03-15,5.49353,Long,,,Credit & Loans
2026-03-31,FNMA PASS THRU POOLS,FNMA POOL AL3453 FN 09/37 FIXED VAR,3138EKZT5,325963.09,4.2112e-05,ABS-MBS,USGSE,US,2037-09-01,6.0,Long,,,Agency MBS
2026-03-31,WASHING MUTUAL MTGE P/T 2006-8,WASHINGTON MUTUAL MORTGAGE PAS WMALT 2006 8 A6,93935EAH7,2360226.21,0.000304921,ABS-MBS,CORP,US,2036-10-25,6.268,Long,,,Non-Agency MBS
2026-03-31,FHLMC PASS THRU POOLS,FED HM LN PC POOL Q17134 FG 04/43 FIXED 3,3132J8LQ1,2175.18,2.81e-07,ABS-MBS,USGSE,US,2043-04-01,3.0,Long,,,Agency MBS
2026-03-31,PROJECT CASHMERE,PROJECT CASHMERE CLASS D 144A,990ABJSD9,551960.15,7.1308e-05,ABS-MBS,CORP,AU,2057-12-30,6.5626,Long,,,Non-Agency MBS
2026-03-31,NAVIENT PRIVATE EDUCATION REFI LOAN TRUST 2020-HA,NAVIENT STUDENT LOAN TRUST NAVSL 2020 HA A 144A,63935BAA1,445107.97,5.7504000000000004e-05,ABS-O,CORP,US,2069-01-15,1.31,Long,,,ABS / CLO
2026-03-31,WOODSIDE FINANCE LIMITED,WOODSIDE FINANCE LTD COMPANY GUAR 05/32 5.7,980236AU7,4874998.91,0.000629808,DBT,CORP,AU,2032-05-19,5.7,Long,,,Credit & Loans
2026-03-31,N/A,SOLD COP BOUGHT USD 20260617,000000000,-25429.31,-3.2850000000000003e-06,DFE,,CO,,,N/A,,1041545.0,Derivative
2026-03-31,INVESCO EURO CLO XII DAC  12A,INVESCO EURO CLO XII DAC INVSC 12A A1R 144A,ACI387VH4,2996969.98,0.000387183,ABS-CBDO,CORP,IE,2037-07-15,3.29,Long,,,ABS / CLO
2026-03-31,SEQUOIA MORTGAGE TRUST 2025-HYB1,SEQUOIA MORTGAGE TRUST SEMT 2025 HYB1 A1A 144A,816938AB0,1517075.7,0.000195993,ABS-MBS,CORP,US,2055-10-25,5.0457,Long,,,Non-Agency MBS
2026-03-31,COUNTRYWIDE ASSET BACKED CERTS 2006-22,COUNTRYWIDE ASSET BACKED CERTI CWL 2006 22 1A,12666BAA3,2160976.88,0.00027917999999999997,ABS-MBS,CORP,US,2035-06-25,4.07303,Long,,,Non-Agency MBS
2026-03-31,GREYWOLF CLO IV LTD,GREYWOLF CLO LTD GWOLF 2019 1A A1R2 144A,39809TAW7,1501924.31,0.000194036,ABS-CBDO,CORP,KY,2034-04-17,4.90763,Long,,,ABS / CLO
2026-03-31,N/A,BOUGHT NOK SOLD USD 20260407,000000000,-12083.92,-1.561e-06,DFE,,NO,,,N/A,,1164114.82,Derivative
2026-03-31,ONEOK INC,ONEOK INC COMPANY GUAR 09/33 6.05,682680BL6,6293565.66,0.000813074,DBT,CORP,US,2033-09-01,6.05,Long,,,Credit & Loans
2026-03-31,FNMA PASS THRU POOLS,FNMA POOL 929080 FN 01/38 FIXED 5,31412MFV5,43072.17,5.565e-06,ABS-MBS,USGSE,US,2038-01-01,5.0,Long,,,Agency MBS
2026-03-31,FNMA PASS THRU POOLS,FNMA POOL 993203 FN 06/39 FIXED 4.5,31415YKQ1,17349.84,2.241e-06,ABS-MBS,USGSE,US,2039-06-01,4.5,Long,,,Agency MBS
2026-03-31,UMBS PASS THRU POOLS,FNMA TBA 30 YR 4.5 SINGLE FAMILY MORTGAGE,01F042665,477135883.86,0.0616418,ABS-MBS,USGSE,US,2056-06-11,4.5,Long,,,Agency MBS
2026-03-31,COREBRIDGE FINANCIAL INC,COREBRIDGE FINANCIAL INC COREBRIDGE FINANCIAL INC,21871XAS8,2667706.7,0.00034464500000000003,DBT,CORP,US,2034-01-15,5.75,Long,,,Credit & Loans
2026-03-31,SANTANDER HOLDINGS USA INC,SANTANDER HOLDINGS USA SR UNSECURED 09/30 VAR,80282KBM7,2831316.74,0.000365782,DBT,CORP,US,2030-09-06,5.353,Long,,,Credit & Loans
2026-03-31,FHLMC PASS THRU POOLS,FED HM LN PC POOL J39776 FG 10/33 FIXED 3.5,31307W2H6,38768.97,5.009e-06,ABS-MBS,USGSE,US,2033-10-01,3.5,Long,,,Agency MBS
2026-03-31,GNMA PASS THRU POOLS,GNMA II TBA 30 YR 3 JUMBOS,21H030641,17858120.2,0.00230712,ABS-MBS,USGSE,US,2056-04-21,3.0,Long,,,Agency MBS
2026-03-31,IMPERIAL BRANDS FINANCE PLC (AKA: IMPERIAL TOBACCO FINANCE PLC),IMPERIAL BRANDS FIN PLC COMPANY GUAR 144A 07/27 6.125,45262BAF0,3061645.35,0.000395538,DBT,CORP,GB,2027-07-27,6.125,Long,,,Credit & Loans
2026-03-31,LOCKE TAVERN RE LTD,LOCKE TAVERN RE LTD UNSECURED 144A 04/33 VAR,539694AB5,250000.0,3.2298e-05,DBT,CORP,BM,2033-04-11,4.05,Long,,,Credit & Loans
2026-03-31,GNMA PASS THRU POOLS,GNMA II POOL 004308 G2 12/38 FIXED 5,36202EYD5,11319.7,1.462e-06,ABS-MBS,USGSE,US,2038-12-20,5.0,Long,,,Agency MBS
2026-03-31,FORD MOTOR CREDIT COMPANY LLC,FORD MOTOR CREDIT CO LLC SR UNSECURED 03/29 5.8,345397E58,4450663.14,0.000574987,DBT,CORP,US,2029-03-08,5.8,Long,,,Credit & Loans
2026-03-31,VALE OVERSEAS LIMITED,VALE OVERSEAS LIMITED COMPANY GUAR 06/54 6.4,91911TAS2,4054800.0,0.000523845,DBT,CORP,KY,2054-06-28,6.4,Long,,,Credit & Loans
2026-03-31,ROCKET COMPANIES INC,ROCKET COS INC COMPANY GUAR 144A 02/32 7.125,77311WAD3,1237881.6,0.000159924,DBT,CORP,US,2032-02-01,7.125,Long,,,Credit & Loans
2026-03-31,MPLX LP,MPLX LP SR UNSECURED 03/33 5,55336VBV1,2089167.21,0.000269902,DBT,CORP,US,2033-03-01,5.0,Long,,,Credit & Loans
2026-03-31,TORREY PINES RE LTD,TORREY PINES RE LTD SR UNSECURED 144A 06/31 VAR,89141WAK8,252300.0,3.2594999999999995e-05,DBT,CORP,BM,2031-06-05,12.918,Long,,,Credit & Loans
2026-03-31,BEAR STEARNS ABS SEC INC 2004-HE2,BEAR STEARNS ASSET BACKED SECU BSABS 2004 HE2 M1,07384YQY5,1629650.32,0.000210537,ABS-MBS,CORP,US,2034-03-25,4.69303,Long,,,Non-Agency MBS
2026-03-31,N/A,SOLD COP BOUGHT USD 20260803,000000000,225.26,2.9e-08,DFE,,CO,,,N/A,,1952088.0,Derivative
2026-03-31,BANK5 2024-5YR7,BANK5 BANK5 2024 5YR7 A3,06211UBL8,2269988.38,0.000293263,ABS-MBS,CORP,US,2057-06-15,5.769,Long,,,Non-Agency MBS
2026-03-31,COMMERCIAL MORTGAGE PASS THROUGH CERTIFICATES 2016-667M,COMM MORTGAGE TRUST COMM 2016 667M A 144A,12636GAA9,2268914.08,0.00029312399999999997,ABS-MBS,CORP,US,2036-10-10,3.14,Long,,,Non-Agency MBS
2026-03-31,GNMA PASS THRU POOLS,GNMA II POOL MA4253 G2 02/47 FIXED 4.5,36179SWN3,22480.99,2.904e-06,ABS-MBS,USGSE,US,2047-02-20,4.5,Long,,,Agency MBS
2026-03-31,COUNTRYWIDE ASSET-BACKED CERT 2006-23,COUNTRYWIDE ASSET BACKED CERTI CWL 2006 23 1A,12666CAA1,1961585.19,0.00025342,ABS-MBS,CORP,US,2037-05-25,4.07303,Long,,,Non-Agency MBS
2026-03-31,"ACORE ISSUER, LLC 26-FL1","ACORE ISSUER, LLC ACORE 2026 FL1 A 144A",00485EAA1,9893932.29,0.00127821,ABS-CBDO,CORP,KY,2043-08-20,5.12504,Long,,,ABS / CLO
2026-03-31,GNMA PASS THRU POOLS,GNMA POOL 783424 GN 09/26 FIXED 3,36241LYV2,25279.07,3.266e-06,ABS-MBS,USGSE,US,2026-09-15,3.0,Long,,,Agency MBS
2026-03-31,N/A,BOUGHT TRY SOLD USD 20260406,000000000,1016.5,1.31e-07,DFE,,TR,,,N/A,,34738.0,Derivative
2026-03-31,N/A,BOUGHT MXN SOLD USD 20260617,000000000,-45669.9,-5.9e-06,DFE,,MX,,,N/A,,1278703.2,Derivative
2026-03-31,PACIFIC GAS AND ELECTRIC CO,PACIFIC GAS + ELECTRIC 1ST MORTGAGE 06/32 5.9,694308KG1,1969369.91,0.000254426,DBT,CORP,US,2032-06-15,5.9,Long,,,Credit & Loans
2026-03-31,CVC CORDATUS LOAN FUND XII DAC 12A,CORDATUS CLO PLC CORDA 12A ARR 144A,ACI378M42,2885761.25,0.000372816,ABS-CBDO,CORP,IE,2039-01-23,3.285,Long,,,ABS / CLO
2026-03-31,N/A,RFR USD SOFR/3.32500 07/06/26-4Y* LCH,000000000,2038258.84,0.00026332499999999996,DIR,,US,,,N/A,205650000.0,,Derivative
2026-03-31,N/A,RFR USD SOFR/3.55500 08/28/24-10Y LCH,000000000,85802.29,1.1085e-05,DIR,,US,,,N/A,4400000.0,,Derivative
2026-03-31,DELL INTERNATIONAL LLC / EMC CORP,DELL INT LLC / EMC CORP SR UNSECURED 10/29 5.3,24703TAG1,4491445.42,0.0005802559999999999,DBT,CORP,US,2029-10-01,5.3,Long,,,Credit & Loans
2026-03-31,DEUTSCHE BANK AG/NEW YORK BRANCH,DEUTSCHE BANK NY 11/29 VAR,251526CU1,1575226.64,0.000203506,DBT,CORP,DE,2029-11-20,6.819,Long,,,Credit & Loans
2026-03-31,VIRGIN MEDIA (VMED O2 UK FINANCING I PLC),VMED O2 UK FINANCING I SR SECURED 144A 04/32 7.75,92858RAD2,3455265.31,0.00044639100000000003,DBT,CORP,GB,2032-04-15,7.75,Long,,,Credit & Loans
2026-03-31,N/A,BOUGHT MXN SOLD USD 20260917,000000000,-18073.12,-2.335e-06,DFE,,MX,,,N/A,,1123232.0,Derivative
2026-03-31,GREENSKY HOME IMPROVEMENT ISSUER TRUST 2025-2A,GREENSKY HOME IMPROVEMENT ISSU GSKY 2025 2A A4 144A,39571VAD0,892394.02,0.00011528999999999999,ABS-O,CORP,US,2060-06-25,4.89,Long,,,ABS / CLO
2026-03-31,NXP BV / NXP FUNDING LLC / NXP USA INC,NXP BV/NXP FDG/NXP USA COMPANY GUAR 01/33 5,62954HBB3,896059.38,0.000115763,DBT,CORP,NL,2033-01-15,5.0,Long,,,Credit & Loans
2026-03-31,N/A,SOLD ILS BOUGHT USD 20260610,000000000,861.53,1.11e-07,DFE,,IL,,,N/A,,44718.18,Derivative
2026-03-31,INDYMAC INDX MORTGAGE LOAN TR 2006-AR25,INDYMAC INDX MORTGAGE LOAN TRU INDX 2006 AR25 3A1,45661HAE7,834230.11,0.000107775,ABS-MBS,CORP,US,2036-09-25,3.79131,Long,,,Non-Agency MBS
2026-03-31,FORTRESS CREDIT BSL VII LTD 2019-1A,FORTRESS CREDIT BSL LIMITED FCBSL 2019 1A A1R 144A,34956NAL6,913488.24,0.000118015,ABS-CBDO,CORP,KY,2032-07-23,4.76102,Long,,,ABS / CLO
2026-03-31,NATWEST GROUP PLC,NATWEST GROUP PLC,639057AD0,179320.2,2.3167e-05,DBT,CORP,GB,2031-06-28,4.6,Long,,,Credit & Loans
2026-03-31,BAIN CAPITAL CREDIT CLO 2021-3 LTD,BAIN CAPITAL CREDIT CLO LIMIT BCC 2021 3A AR 144A,05683NAJ1,1801205.93,0.0002327,ABS-CBDO,CORP,KY,2034-07-24,4.72802,Long,,,ABS / CLO
2026-03-31,MORGAN STANLEY RESIDENTIAL MORTGAGE LOAN TRUST 2025-NQM3 2025-NQM3,MORGAN STANLEY RESIDENTIAL MOR MSRM 2025 NQM3 A1 144A,61778LAA3,1627340.99,0.000210238,ABS-MBS,CORP,US,2070-05-25,5.53,Long,,,Non-Agency MBS
2026-03-31,COLOMBIAN GOVT,TITULOS DE TESORERIA BONDS 08/29 11,ACI2WZRP4,13458989.68,0.00173879,DBT,NUSS,CO,2029-08-22,11.0,Long,,,Government Related
2026-03-31,N/A,SOLD JPY BOUGHT USD 20260402,000000000,218.47,2.8e-08,DFE,,JP,,,N/A,,11947.0,Derivative
2026-03-31,UMBS PASS THRU POOLS,FNMA TBA 30 YR 4.5 SINGLE FAMILY MORTGAGE,01F042657,38605981.41,0.004987559999999999,ABS-MBS,USGSE,US,2056-05-13,4.5,Long,,,Agency MBS
2026-03-31,FANNIE MAE REMICS 2013-6,FANNIE MAE FNR 2013 6 BZ,3136ABM67,115.11,1.5000000000000002e-08,ABS-MBS,USGSE,US,2043-02-25,3.0,Long,,,Agency MBS
2026-03-31,T-MOBILE USA INC,T MOBILE USA INC COMPANY GUAR 03/32 2.7,87264ACQ6,2402831.39,0.000310425,DBT,CORP,US,2032-03-15,2.7,Long,,,Credit & Loans
2026-03-31,N/A,SOLD COP BOUGHT USD 20260713,000000000,-16093.73,-2.079e-06,DFE,,CO,,,N/A,,989676.0,Derivative
2026-03-31,N/A,SOLD ILS BOUGHT USD 20260610,000000000,28519.77,3.6850000000000003e-06,DFE,,IL,,,N/A,,1389291.0,Derivative
2026-03-31,RESIDENTIAL ACCREDIT LOANS INC 2007-QS9,"RESIDENTIAL ACCREDIT LOANS, IN RALI 2007 QS9 A33",75116FBH1,1394292.91,0.00018013100000000001,ABS-MBS,CORP,US,2037-07-25,6.5,Long,,,Non-Agency MBS
2026-03-31,FANNIE MAE REMICS 2013-6,FANNIE MAE FNR 2013 6 JZ,3136ABN58,31.98,3.9999999999999994e-09,ABS-MBS,USGSE,US,2043-02-25,3.0,Long,,,Agency MBS
2026-03-31,BANC OF AMERICA FUNDING TRUST 2015-R2,BANC OF AMERICA FUNDING CORPOR BAFC 2015 R2 1A2 144A,05990TAB3,4451915.45,0.0005751490000000001,ABS-MBS,CORP,US,2036-08-27,4.096,Long,,,Non-Agency MBS
2026-03-31,TRUST 2401,TRUST 2401 SR UNSECURED 144A 01/30 4.869,89834MAA4,3114048.16,0.000402308,DBT,CORP,MX,2030-01-15,4.869,Long,,,Credit & Loans
2026-03-31,LOCKE TAVERN RE LTD,LOCKE TAVERN RE LTD UNSECURED 144A 04/33 VAR,539694AC3,250000.0,3.2298e-05,DBT,CORP,BM,2033-04-11,4.05,Long,,,Credit & Loans
2026-03-31,N/A,SOLD TWD BOUGHT USD 20260617,000000000,503.74,6.5e-08,DFE,,TW,,,N/A,,52475.52,Derivative
2026-03-31,REPERFORMING LOAN REMIC TRUST 2006-R1,COUNTRYWIDE HOME LOANS CWHL 2006 R1 AF1 144A,12669UCN8,481364.55,6.2188e-05,ABS-MBS,CORP,US,2036-01-25,4.13303,Long,,,Non-Agency MBS
2026-03-31,UNITY-PEACE PARK CLO LTD 2022-1A,"UNITY PEACE PARK CLO, LTD. UNPPK 2022 1A A1R 144A",913318AL5,5301487.71,0.000684907,ABS-CBDO,CORP,JE,2035-04-20,4.72312,Long,,,ABS / CLO
2026-03-31,FHLMC PASS THRU POOLS,FED HM LN PC POOL SD8362 FR 09/53 FIXED 5.5,3132DWJF1,27464436.89,0.00354817,ABS-MBS,USGSE,US,2053-09-01,5.5,Long,,,Agency MBS
2026-03-31,PROVINCE OF QUEBEC,PROVINCE OF QUEBEC SR UNSECURED 09/34 4.45,74814ZFT5,4355513.56,0.000562695,DBT,NUSS,CA,2034-09-01,4.45,Long,,,Government Related
2026-03-31,ROMARK CLO V LTD,ROMARK CLO LTD RMRK 2021 5A BR 144A,77588PAQ5,4225867.44,0.000545946,ABS-CBDO,CORP,KY,2035-01-15,5.47219,Long,,,ABS / CLO
2026-03-31,N/A,BOUGHT KRW SOLD USD 20260420,000000000,-673.36,-8.7e-08,DFE,,KR,,,N/A,,405098.0,Derivative
2026-03-31,N/A,BOUGHT INR SOLD USD 20260407,000000000,-134255.36,-1.7345e-05,DFE,,IN,,,N/A,,4243778.03,Derivative
2026-03-31,CVC CORDATUS LOAN FUND XXX DAC 30A,CORDATUS CLO PLC CORDA 30A AR 144A,ACI354435,1155163.3,0.000149237,ABS-CBDO,CORP,IE,2037-05-15,3.229,Long,,,ABS / CLO
2026-03-31,AMERICAN ASSETS TRUST LP,AMERICAN ASSETS TRUST LP COMPANY GUAR 02/31 3.375,02401LAA2,2795912.63,0.000361208,DBT,CORP,US,2031-02-01,3.375,Long,,,Credit & Loans
2026-03-31,KKR CLO 36A LTD,KKR FINANCIAL CLO LTD KKR 36A AR 144A,48255AAJ7,2102570.9,0.000271634,ABS-CBDO,CORP,KY,2034-10-15,4.82219,Long,,,ABS / CLO
2026-03-31,N/A,SOLD SGD BOUGHT USD 20260504,000000000,348138.19,4.4976e-05,DFE,,SG,,,N/A,,54361048.47,Derivative
2026-03-31,GNMA PASS THRU POOLS,GNMA II POOL 784295 G2 03/47 FIXED 3.5,3622A2XY3,5587122.61,0.000721808,ABS-MBS,USGSE,US,2047-03-20,3.5,Long,,,Agency MBS
2026-03-31,GNMA PASS THRU POOLS,GNMA POOL BA5051 GN 06/47 FIXED 4,3617AHTG4,3434689.64,0.000443732,ABS-MBS,USGSE,US,2047-06-15,4.0,Long,,,Agency MBS
2026-03-31,FHLMC PASS THRU POOLS,FED HM LN PC POOL ZA6388 FR 02/49 FIXED 4.5,31329QCZ2,691202.57,8.929700000000001e-05,ABS-MBS,USGSE,US,2049-02-01,4.5,Long,,,Agency MBS
2026-03-31,N/A,RFR USD SOFR/3.59900 08/28/24-10Y LCH,000000000,70702.81,9.134e-06,DIR,,US,,,N/A,4400000.0,,Derivative
2026-03-31,JP MORGAN CHASE & CO,JPMORGAN CHASE + CO SR UNSECURED 04/36 VAR,46647PEX0,21236015.52,0.0027435100000000002,DBT,CORP,US,2036-04-22,5.572,Long,,,Credit & Loans
2026-03-31,N/A,BOUGHT TRY SOLD USD 20260409,000000000,6955.56,8.99e-07,DFE,,TR,,,N/A,,460931.04,Derivative
2026-03-31,FANNIE MAE REMICS 2025-69,FANNIE MAE FNR 2025 69 FD,3136BWB54,46453593.92,0.0060014000000000005,ABS-MBS,USGSE,US,2055-08-25,4.8619,Long,,,Agency MBS
2026-03-31,N/A,BOUGHT GBP SOLD USD 20260402,000000000,-155609.7,-2.0103e-05,DFE,,GB,,,N/A,,9667231.57,Derivative
2026-03-31,FHLMC PASS THRU POOLS,FED HM LN PC POOL SL4389 FR 03/56 FIXED 5,31427R2X7,19644825.13,0.0025379400000000002,ABS-MBS,USGSE,US,2056-03-01,5.0,Long,,,Agency MBS
2026-03-31,JP MORGAN ALTERNATIVE LOAN TR 2005-A2,J.P. MORGAN ALTERNATIVE LOAN T JPALT 2005 A2 2A1,46627MBS5,252956.11,3.268e-05,ABS-MBS,CORP,US,2035-12-25,5.32982,Long,,,Non-Agency MBS
2026-03-31,N/A,BOUGHT INR SOLD USD 20260424,000000000,-39273.41,-5.074e-06,DFE,,IN,,,N/A,,3042056.0,Derivative
2026-03-31,SANDERS RE III LTD,SANDERS RE III LTD UNSECURED 144A 06/29 VAR,799925AA0,1770125.0,0.000228685,DBT,CORP,BM,2029-06-05,11.26,Long,,,Credit & Loans
2026-03-31,N/A,RFR USD SOFR/3.52500 09/04/24-10Y LCH,000000000,95839.03,1.2382000000000001e-05,DIR,,US,,,N/A,4400000.0,,Derivative
2026-03-31,N/A,BOUGHT PLN SOLD USD 20260415,000000000,-45117.96,-5.8290000000000004e-06,DFE,,PL,,,N/A,,1776691.0,Derivative
2026-03-31,FNMA PASS THRU POOLS,FNMA POOL MA5471 FN 09/54 FIXED 6,31418FCH8,45035375.06,0.005818179999999999,ABS-MBS,USGSE,US,2054-09-01,6.0,Long,,,Agency MBS
2026-03-31,BLUE RIDGE RE LTD,BLUE RIDGE RE LTD UNSECURED 144A 01/29 VAR,096003AD0,247287.5,3.1947e-05,DBT,CORP,BM,2029-01-08,9.51,Long,,,Credit & Loans
2026-03-31,MORGAN STANLEY ABS CAPITAL I 2006-NC5,MORGAN STANLEY CAPITAL INC MSAC 2006 NC5 A2C,61749BAE3,135035.87,1.7445e-05,ABS-MBS,CORP,US,2036-10-25,3.94303,Long,,,Non-Agency MBS
2026-03-31,NOMURA HOME EQUITY LOAN INC 2005-FM1,NOMURA HOME EQUITY LOAN INC NHELI 2005 FM1 M3,65536HAH1,646723.48,8.355100000000001e-05,ABS-MBS,CORP,US,2035-05-25,4.55803,Long,,,Non-Agency MBS
2026-03-31,CITADEL FINANCE LLC,CITADEL FINANCE LLC COMPANY GUAR 144A 02/30 5.9,17287HAD2,5931468.0,0.0007662950000000001,DBT,CORP,US,2030-02-10,5.9,Long,,,Credit & Loans
2026-03-31,FNMA PASS THRU POOLS,FNMA POOL 918828 FN 04/37 FIXED 5.5,31411YYZ0,46092.37,5.955e-06,ABS-MBS,USGSE,US,2037-04-01,5.5,Long,,,Agency MBS
2026-03-31,NAVIENT STUDENT LOAN TRUST 2020-IA,NAVIENT STUDENT LOAN TRUST NAVSL 2020 IA A1A 144A,63942AAA4,1671015.86,0.000215881,ABS-O,CORP,US,2069-04-15,1.33,Long,,,ABS / CLO
2026-03-31,N/A,BOUGHT THB SOLD USD 20260420,000000000,-7.29,-9.999999999999999e-10,DFE,,TH,,,N/A,,2709.61,Derivative
2026-03-31,FHLMC PASS THRU POOLS,FED HM LN PC POOL C91195 FG 07/28 FIXED 5.5,3128P7KG7,10944.63,1.414e-06,ABS-MBS,USGSE,US,2028-07-01,5.5,Long,,,Agency MBS
2026-03-31,BENCHMARK MORTGAGE TRUST 2018-B5,BENCHMARK MORTGAGE TRUST BMARK 2018 B5 A2,08160BAB0,4161159.15,0.0005375859999999999,ABS-MBS,CORP,US,2051-07-15,4.0765,Long,,,Non-Agency MBS
2026-03-31,N/A,BOUGHT TRY SOLD USD 20260424,000000000,29542.01,3.817e-06,DFE,,TR,,,N/A,,3979469.61,Derivative
2026-03-31,TORO EUROPEAN CLO 2 DAC 2A,TORO EUROPEAN CLO TCLO 2A ARRE 144A,ACI37WPZ7,2426813.11,0.000313523,ABS-CBDO,CORP,IE,2034-07-25,3.02,Long,,,ABS / CLO
2026-03-31,FNMA PASS THRU POOLS,FNMA POOL 745323 FN 09/34 FIXED VAR,31403DAY5,6066.79,7.839999999999999e-07,ABS-MBS,USGSE,US,2034-09-01,5.5,Long,,,Agency MBS
2026-03-31,KREF 2022-FL3 LTD,KREF 2022 FL3 LTD KREF 2022 FL3 A 144A,48275EAA4,567604.34,7.333e-05,ABS-CBDO,CORP,KY,2039-02-17,5.12672,Long,,,ABS / CLO
2026-03-31,N/A,SOLD BRL BOUGHT USD 20260402,000000000,-903.48,-1.17e-07,DFE,,BR,,,N/A,,1516000.0,Derivative
2026-03-31,FNMA PASS THRU POOLS,FNMA POOL MA4732 FN 09/52 FIXED 4,31418EHJ2,59660283.02,0.0077076,ABS-MBS,USGSE,US,2052-09-01,4.0,Long,,,Agency MBS
2026-03-31,PACIFIC GAS AND ELECTRIC CO,PACIFIC GAS + ELECTRIC 1ST MORTGAGE 05/29 5.55,694308KQ9,3276848.48,0.000423341,DBT,CORP,US,2029-05-15,5.55,Long,,,Credit & Loans
2026-03-31,AIR CANADA 2017-1 CLASS AA PASS THROUGH TRUST,AIR CANADA 2017 1AA PTT PASS THRU CE 144A 07/31 3.3,00908PAA5,531027.21,6.8604e-05,DBT,CORP,CA,2031-07-15,3.3,Long,,,Credit & Loans
2026-03-31,POLESTAR RE LTD,POLESTAR RE LTD UNSECURED 144A 01/28 VAR,73110JAC6,628920.0,8.1251e-05,DBT,CORP,BM,2028-01-07,14.13,Long,,,Credit & Loans
2026-03-31,SYMPHONY CLO LTD 2025-1,SUNBIT ASSET SECURITIZATION TR SUNBT 2025 1 A 144A,86709SAA9,3205007.68,0.00041405900000000004,ABS-O,CORP,US,2030-07-15,5.36,Long,,,ABS / CLO
2026-03-31,BX COMMERCIAL MORTGAGE TRUST 2022-LP2,BX TRUST BX 2022 LP2 A 144A,05610HAA1,537558.86,6.9448e-05,ABS-MBS,CORP,US,2039-02-15,4.68541,Long,,,Non-Agency MBS
2026-03-31,FREDDIE MAC 2613,FREDDIE MAC FHR 2613 LL,31393RFB1,12145.57,1.569e-06,ABS-MBS,USGSE,US,2033-05-15,5.0,Long,,,Agency MBS
2026-03-31,BOOZ ALLEN HAMILTON INC,BOOZ ALLEN HAMILTON INC COMPANY GUAR 04/35 5.95,09951LAD5,4136095.13,0.000534348,DBT,CORP,US,2035-04-15,5.95,Long,,,Credit & Loans
2026-03-31,NFL FOOTBALL CLUB TERM NOTES 2025-XIX TRUST,NATIONAL FOOTBALL LEAGUE 5YR OCT SR SEC,958BJNII0,3482448.66,0.000449902,DBT,CORP,US,2030-10-05,4.78,Long,,,Credit & Loans
2026-03-31,MF1 2024-FL14 LLC,MF1 MULTIFAMILY HOUSING MORTGA MF1 2024 FL14 A 144A,55416AAA7,2501209.8,0.000323135,ABS-CBDO,CORP,US,2039-03-19,5.40951,Long,,,ABS / CLO
2026-03-31,ENERGY TRANSFER LP,ENERGY TRANSFER LP SR UNSECURED 02/28 5.55,29273VAP5,2548946.45,0.000329302,DBT,CORP,US,2028-02-15,5.55,Long,,,Credit & Loans
2026-03-31,AIR LEASE CORPORATION,TAKEOFF MERGER SUB INC SR UNSECURED 144A 03/31 4.85,873923AE6,4939404.35,0.0006381290000000001,DBT,CORP,US,2031-03-24,4.85,Long,,,Credit & Loans
2026-03-31,SLAM 2025-1A LTD,SLAM LLC SLAM 2025 1A A 144A,78450TAA5,5680369.32,0.000733855,ABS-O,CORP,US,2050-05-15,5.807,Long,,,ABS / CLO
2026-03-31,FLEX LTD (AKA: FLEXTRONICS INTERNATIONAL LTD),FLEX LTD SR UNSECURED 01/32 5.25,33938XAF2,2109159.34,0.000272485,DBT,CORP,SG,2032-01-15,5.25,Long,,,Credit & Loans
2026-03-31,FNMA PASS THRU POOLS,FNMA POOL 256576 FN 01/37 FIXED 5.5,31371M6M4,6495.44,8.39e-07,ABS-MBS,USGSE,US,2037-01-01,5.5,Long,,,Agency MBS
2026-03-31,HSBC HOLDINGS PLC,HSBC HOLDINGS PLC SR UNSECURED 03/34 VAR,404280DV8,11237382.35,0.00145177,DBT,CORP,GB,2034-03-09,6.254,Long,,,Credit & Loans
2026-03-31,BLUEMOUNTAIN CLO LTD 2018-3A,BLUEMOUNTAIN CLO LTD BLUEM 2018 3A A1R 144A,09630AAN6,874726.18,0.000113007,ABS-CBDO,CORP,KY,2030-10-25,4.85802,Long,,,ABS / CLO
2026-03-31,FNMA PASS THRU POOLS,FNMA POOL BC1904 FN 02/46 FIXED 4,3140EWDJ1,16426.53,2.122e-06,ABS-MBS,USGSE,US,2046-02-01,4.0,Long,,,Agency MBS
2026-03-31,HARBORVIEW MORTGAGE LOAN TR 2006-12,HARBORVIEW MORTGAGE LOAN TRUST HVMLT 2006 12 2A2A,41162DAF6,2067294.08,0.000267077,ABS-MBS,CORP,US,2038-01-19,4.1712,Long,,,Non-Agency MBS
2026-03-31,N/A,SOLD TRY BOUGHT USD 20260429,000000000,-15305.7,-1.977e-06,DFE,,TR,,,N/A,,2335967.0,Derivative
2026-03-31,N/A,BOUGHT GBP SOLD USD 20260402,000000000,-21538.95,-2.783e-06,DFE,,GB,,,N/A,,1649567.51,Derivative
2026-03-31,FHLMC PASS THRU POOLS,FED HM LN PC POOL C91030 FG 05/27 FIXED 5.5,3128P7EB5,570.91,7.4e-08,ABS-MBS,USGSE,US,2027-05-01,5.5,Long,,,Agency MBS
2026-03-31,NFL FOOTBALL CLUB TERM NOTES 2025-XIX TRUST,NATIONAL FOOTBALL LEAGUE 5YR JUL SR SEC,958BJWII0,995757.73,0.000128643,DBT,CORP,US,2030-10-05,4.78,Long,,,Credit & Loans
2026-03-31,CIM TRUST 2023-R2,CIM TRUST CIM 2023 R2 A1 144A,17181KAA8,9607725.2,0.00124124,ABS-MBS,CORP,US,2064-08-25,5.5,Long,,,Non-Agency MBS
2026-03-31,NORTHWOODS CAPITAL 25 LTD,NORTHWOODS CAPITAL LTD WOODS 2021 25A AR 144A,668468AL5,4804137.36,0.000620653,ABS-CBDO,CORP,KY,2034-07-20,4.78763,Long,,,ABS / CLO
2026-03-31,N/A,BOUGHT INR SOLD USD 20260407,000000000,-175828.54,-2.2716e-05,DFE,,IN,,,N/A,,4079100.0,Derivative
2026-03-31,SAMMONS FINANCIAL GROUP INC,SAMMONS FINANCIAL GROUP SR UNSECURED 144A 04/34 6.875,79588TAF7,14993137.47,0.00193698,DBT,CORP,US,2034-04-15,6.875,Long,,,Credit & Loans
2026-03-31,FNMA PASS THRU POOLS,FNMA POOL 930897 FN 04/39 FIXED 5.5,31412PGE5,203419.89,2.6280000000000002e-05,ABS-MBS,USGSE,US,2039-04-01,5.5,Long,,,Agency MBS
2026-03-31,LCM 35 LTD 35A,LCM LTD PARTNERSHIP LCM 35A A1R 144A,50202QAL7,2496250.13,0.000322494,ABS-CBDO,CORP,KY,2034-10-15,4.75219,Long,,,ABS / CLO
2026-03-31,N/A,RFR USD SOFR/4.08316 06/30/26-27Y* LCH,000000000,52888.08,6.833e-06,DIR,,US,,,N/A,4200000.0,,Derivative
2026-03-31,CITRUS RE LTD,CITRUS RE LTD UNSECURED 144A 06/33 VAR,177510AT1,250000.0,3.2298e-05,DBT,CORP,BM,2033-06-07,9.92572,Long,,,Credit & Loans
2026-03-31,FNMA PASS THRU POOLS,FNMA POOL 256009 FN 08/35 FIXED 4,31371MKW6,138209.35,1.7855e-05,ABS-MBS,USGSE,US,2035-08-01,4.0,Long,,,Agency MBS
2026-03-31,KEY COMMERCIAL MORTGAGE SECURITIES TRUST 2020-S3,KEY COMMERCIAL MORTGAGE TRUST KCM 2020 S3 A3 144A,49308VAM9,9064557.0,0.00117106,ABS-MBS,CORP,US,2052-09-16,2.2325,Long,,,Non-Agency MBS
2026-03-31,WELLS FARGO COMMERCIAL MORTGAGE TRUST 2025-1918,WELLS FARGO COMMERCIAL MORTGAG WFCM 2025 1918 A 144A,95004QAA6,995837.3,0.00012865400000000002,ABS-MBS,CORP,US,2040-09-15,5.20379,Long,,,Non-Agency MBS
2026-03-31,NAVIENT STUDENT LOAN TRUST 2015-BA,NAVIENT STUDENT LOAN TRUST NAVSL 2015 BA A3 144A,63939KAC3,319287.1,4.1249e-05,ABS-O,CORP,US,2040-07-16,5.23699,Long,,,ABS / CLO
2026-03-31,FHLMC PASS THRU POOLS,FED HM LN PC POOL SD8361 FR 09/53 FIXED 5,3132DWJE4,32930097.9,0.00425428,ABS-MBS,USGSE,US,2053-09-01,5.0,Long,,,Agency MBS
2026-03-31,J.P. MORGAN CHASE COMMERCIAL MORTGAGE SECURITIES TRUST 2023-CCDC,JP MORGAN CHASE COMMERCIAL MOR JPMCC 2023 CCDC A 144A,465981AA6,2070223.6,0.000267455,ABS-MBS,CORP,US,2040-10-05,7.23547,Long,,,Non-Agency MBS
2026-03-31,N/A,SOLD COP BOUGHT USD 20260406,000000000,-15795.23,-2.041e-06,DFE,,CO,,,N/A,,315000.0,Derivative
2026-03-31,N/A,SOLD TRY BOUGHT USD 20260430,000000000,-30944.87,-3.9980000000000005e-06,DFE,,TR,,,N/A,,2505237.65,Derivative
2026-03-31,TREMONT RE LTD,TREMONT RE LTD UNSECURED 144A 03/33 VAR,89479VAA4,250000.0,3.2298e-05,DBT,CORP,BM,2033-03-22,7.66293,Long,,,Credit & Loans
